# Hightech Sniper - Rivals sniper skin - MainBody_Barrel_ScopeTube
# Fleasion-ready: already in the default MeshPart's space
o MainBody_Barrel_ScopeTube
v 0.468530 0.008333 0.331280
v 0.468530 0.008333 0.331280
v 0.468530 0.008333 0.331280
v 0.468530 0.008333 0.331280
v 0.624070 0.008333 0.331280
v 0.624070 0.008333 0.331280
v 0.624070 0.008333 0.331280
v 0.624070 0.008333 0.331280
v 0.468530 0.019275 0.331280
v 0.468530 0.019275 0.331280
v 0.468530 0.019275 0.331280
v 0.468530 0.019275 0.331280
v 0.624070 0.019275 0.331280
v 0.624070 0.019275 0.331280
v 0.624070 0.019275 0.331280
v 0.624070 0.019275 0.331280
v 0.468530 0.030218 0.331280
v 0.468530 0.030218 0.331280
v 0.468530 0.030218 0.331280
v 0.468530 0.030218 0.331280
v 0.624070 0.030218 0.331280
v 0.624070 0.030218 0.331280
v 0.624070 0.030218 0.331280
v 0.624070 0.030218 0.331280
v 0.468530 0.041160 0.331280
v 0.468530 0.041160 0.331280
v 0.468530 0.041160 0.331280
v 0.468530 0.041160 0.331280
v 0.624070 0.041160 0.331280
v 0.624070 0.041160 0.331280
v 0.624070 0.041160 0.331280
v 0.624070 0.041160 0.331280
v 0.468530 0.163143 0.331280
v 0.468530 0.163143 0.331280
v 0.468530 0.163143 0.331280
v 0.468530 0.163143 0.331280
v 0.624070 0.163143 0.331280
v 0.624070 0.163143 0.331280
v 0.624070 0.163143 0.331280
v 0.624070 0.163143 0.331280
v 0.468530 0.176056 0.331280
v 0.468530 0.176056 0.331280
v 0.468530 0.176056 0.331280
v 0.468530 0.176056 0.331280
v 0.624070 0.176056 0.331280
v 0.624070 0.176056 0.331280
v 0.624070 0.176056 0.331280
v 0.624070 0.176056 0.331280
v 0.468530 0.188968 0.331280
v 0.468530 0.188968 0.331280
v 0.468530 0.188968 0.331280
v 0.468530 0.188968 0.331280
v 0.624070 0.188968 0.331280
v 0.624070 0.188968 0.331280
v 0.624070 0.188968 0.331280
v 0.624070 0.188968 0.331280
v 0.468530 0.201880 0.331280
v 0.468530 0.201880 0.331280
v 0.468530 0.201880 0.331280
v 0.468530 0.201880 0.331280
v 0.624070 0.201880 0.331280
v 0.624070 0.201880 0.331280
v 0.624070 0.201880 0.331280
v 0.624070 0.201880 0.331280
v 0.469106 0.021065 0.314618
v 0.469106 0.021065 0.314618
v 0.469106 0.021065 0.314618
v 0.469106 0.021065 0.314618
v 0.623651 0.021065 0.314618
v 0.623651 0.021065 0.314618
v 0.623651 0.021065 0.314618
v 0.623651 0.021065 0.314618
v 0.469106 0.028233 0.314618
v 0.469106 0.028233 0.314618
v 0.469106 0.028233 0.314618
v 0.469106 0.028233 0.314618
v 0.623651 0.028233 0.314618
v 0.623651 0.028233 0.314618
v 0.623651 0.028233 0.314618
v 0.623651 0.028233 0.314618
v 0.469106 0.180753 0.314618
v 0.469106 0.180753 0.314618
v 0.469106 0.180753 0.314618
v 0.469106 0.180753 0.314618
v 0.623651 0.180753 0.314618
v 0.623651 0.180753 0.314618
v 0.623651 0.180753 0.314618
v 0.623651 0.180753 0.314618
v 0.469106 0.187921 0.314618
v 0.469106 0.187921 0.314618
v 0.469106 0.187921 0.314618
v 0.469106 0.187921 0.314618
v 0.623651 0.187921 0.314618
v 0.623651 0.187921 0.314618
v 0.623651 0.187921 0.314618
v 0.623651 0.187921 0.314618
v -0.636649 0.008333 0.300243
v -0.636649 0.008333 0.300243
v -0.636649 0.008333 0.300243
v -0.636649 0.019275 0.300243
v -0.636649 0.019275 0.300243
v -0.636649 0.019275 0.300243
v -0.636649 0.030218 0.300243
v -0.636649 0.030218 0.300243
v -0.636649 0.030218 0.300243
v -0.636649 0.041160 0.300243
v -0.636649 0.041160 0.300243
v -0.636649 0.041160 0.300243
v -0.636649 0.163143 0.300243
v -0.636649 0.163143 0.300243
v -0.636649 0.163143 0.300243
v -0.636649 0.176056 0.300243
v -0.636649 0.176056 0.300243
v -0.636649 0.176056 0.300243
v -0.636649 0.188968 0.300243
v -0.636649 0.188968 0.300243
v -0.636649 0.188968 0.300243
v -0.636649 0.201880 0.300243
v -0.636649 0.201880 0.300243
v -0.636649 0.201880 0.300243
v -0.618713 0.021065 0.287885
v -0.618713 0.021065 0.287885
v -0.618713 0.021065 0.287885
v -0.618713 0.028233 0.287885
v -0.618713 0.028233 0.287885
v -0.618713 0.028233 0.287885
v -0.618713 0.180753 0.287885
v -0.618713 0.180753 0.287885
v -0.618713 0.180753 0.287885
v -0.618713 0.187921 0.287885
v -0.618713 0.187921 0.287885
v -0.618713 0.187921 0.287885
v 1.229355 0.008333 0.269206
v 1.229355 0.008333 0.269206
v 1.229355 0.008333 0.269206
v 1.229355 0.019275 0.269206
v 1.229355 0.019275 0.269206
v 1.229355 0.019275 0.269206
v 1.229355 0.030218 0.269206
v 1.229355 0.030218 0.269206
v 1.229355 0.030218 0.269206
v 1.229355 0.041160 0.269206
v 1.229355 0.041160 0.269206
v 1.229355 0.041160 0.269206
v 1.229355 0.163143 0.269206
v 1.229355 0.163143 0.269206
v 1.229355 0.163143 0.269206
v 1.229355 0.176056 0.269206
v 1.229355 0.176056 0.269206
v 1.229355 0.176056 0.269206
v 1.229355 0.188968 0.269206
v 1.229355 0.188968 0.269206
v 1.229355 0.188968 0.269206
v 1.229355 0.201880 0.269206
v 1.229355 0.201880 0.269206
v 1.229355 0.201880 0.269206
v 1.209975 0.021065 0.261152
v 1.209975 0.021065 0.261152
v 1.209975 0.021065 0.261152
v 1.209975 0.028233 0.261152
v 1.209975 0.028233 0.261152
v 1.209975 0.028233 0.261152
v 1.209975 0.180753 0.261152
v 1.209975 0.180753 0.261152
v 1.209975 0.180753 0.261152
v 1.209975 0.187921 0.261152
v 1.209975 0.187921 0.261152
v 1.209975 0.187921 0.261152
v 0.469106 0.011183 0.212795
v 0.469106 0.011183 0.212795
v 0.469106 0.011183 0.212795
v 0.469106 0.011183 0.212795
v 0.623650 0.011183 0.212795
v 0.623650 0.011183 0.212795
v 0.623650 0.011183 0.212795
v 0.623650 0.011183 0.212795
v 0.469106 0.022679 0.212795
v 0.469106 0.022679 0.212795
v 0.469106 0.022679 0.212795
v 0.469106 0.022679 0.212795
v 0.623650 0.022679 0.212795
v 0.623650 0.022679 0.212795
v 0.623650 0.022679 0.212795
v 0.623650 0.022679 0.212795
v 0.469106 0.184180 0.212795
v 0.469106 0.184180 0.212795
v 0.469106 0.184180 0.212795
v 0.469106 0.184180 0.212795
v 0.623651 0.184180 0.212795
v 0.623651 0.184180 0.212795
v 0.623651 0.184180 0.212795
v 0.623651 0.184180 0.212795
v 0.469106 0.195676 0.212795
v 0.469106 0.195676 0.212795
v 0.469106 0.195676 0.212795
v 0.469106 0.195676 0.212795
v 0.623651 0.195676 0.212795
v 0.623651 0.195676 0.212795
v 0.623651 0.195676 0.212795
v 0.623651 0.195676 0.212795
v 0.468530 -0.010369 0.212778
v 0.468530 -0.010369 0.212778
v 0.468530 -0.010369 0.212778
v 0.468530 -0.010369 0.212778
v 0.468530 -0.010369 0.212778
v 0.624070 -0.010369 0.212778
v 0.624070 -0.010369 0.212778
v 0.624070 -0.010369 0.212778
v 0.624070 -0.010369 0.212778
v 0.624070 -0.010369 0.212778
v 0.468530 0.007869 0.212778
v 0.468530 0.007869 0.212778
v 0.468530 0.007869 0.212778
v 0.468530 0.007869 0.212778
v 0.468530 0.007869 0.212778
v 0.624070 0.007869 0.212778
v 0.624070 0.007869 0.212778
v 0.624070 0.007869 0.212778
v 0.624070 0.007869 0.212778
v 0.624070 0.007869 0.212778
v 0.468530 0.026106 0.212778
v 0.468530 0.026106 0.212778
v 0.468530 0.026106 0.212778
v 0.468530 0.026106 0.212778
v 0.468530 0.026106 0.212778
v 0.624070 0.026106 0.212778
v 0.624070 0.026106 0.212778
v 0.624070 0.026106 0.212778
v 0.624070 0.026106 0.212778
v 0.624070 0.026106 0.212778
v 0.468530 0.044344 0.212778
v 0.468530 0.044344 0.212778
v 0.468530 0.044344 0.212778
v 0.468530 0.044344 0.212778
v 0.468530 0.044344 0.212778
v 0.624070 0.044344 0.212778
v 0.624070 0.044344 0.212778
v 0.624070 0.044344 0.212778
v 0.624070 0.044344 0.212778
v 0.624070 0.044344 0.212778
v 0.468530 0.157990 0.212778
v 0.468530 0.157990 0.212778
v 0.468530 0.157990 0.212778
v 0.468530 0.157990 0.212778
v 0.468530 0.157990 0.212778
v 0.624070 0.157990 0.212778
v 0.624070 0.157990 0.212778
v 0.624070 0.157990 0.212778
v 0.624070 0.157990 0.212778
v 0.624070 0.157990 0.212778
v 0.468530 0.179511 0.212778
v 0.468530 0.179511 0.212778
v 0.468530 0.179511 0.212778
v 0.468530 0.179511 0.212778
v 0.468530 0.179511 0.212778
v 0.624070 0.179511 0.212778
v 0.624070 0.179511 0.212778
v 0.624070 0.179511 0.212778
v 0.624070 0.179511 0.212778
v 0.624070 0.179511 0.212778
v 0.468530 0.201031 0.212778
v 0.468530 0.201031 0.212778
v 0.468530 0.201031 0.212778
v 0.468530 0.201031 0.212778
v 0.468530 0.201031 0.212778
v 0.624070 0.201031 0.212778
v 0.624070 0.201031 0.212778
v 0.624070 0.201031 0.212778
v 0.624070 0.201031 0.212778
v 0.624070 0.201031 0.212778
v 0.468530 0.222552 0.212778
v 0.468530 0.222552 0.212778
v 0.468530 0.222552 0.212778
v 0.468530 0.222552 0.212778
v 0.468530 0.222552 0.212778
v 0.624070 0.222552 0.212778
v 0.624070 0.222552 0.212778
v 0.624070 0.222552 0.212778
v 0.624070 0.222552 0.212778
v 0.624070 0.222552 0.212778
v -0.618713 0.011183 0.186062
v -0.618713 0.011183 0.186062
v -0.618713 0.011183 0.186062
v -0.618713 0.022679 0.186062
v -0.618713 0.022679 0.186062
v -0.618713 0.022679 0.186062
v -0.618713 0.184180 0.186062
v -0.618713 0.184180 0.186062
v -0.618713 0.184180 0.186062
v -0.618713 0.195676 0.186062
v -0.618713 0.195676 0.186062
v -0.618713 0.195676 0.186062
v -0.636649 -0.010369 0.181741
v -0.636649 -0.010369 0.181741
v -0.636649 -0.010369 0.181741
v -0.636649 0.007869 0.181741
v -0.636649 0.007869 0.181741
v -0.636649 0.007869 0.181741
v -0.636649 0.026106 0.181741
v -0.636649 0.026106 0.181741
v -0.636649 0.026106 0.181741
v -0.636649 0.044344 0.181741
v -0.636649 0.044344 0.181741
v -0.636649 0.044344 0.181741
v -0.636649 0.157990 0.181741
v -0.636649 0.157990 0.181741
v -0.636649 0.157990 0.181741
v -0.636649 0.179511 0.181741
v -0.636649 0.179511 0.181741
v -0.636649 0.179511 0.181741
v -0.636649 0.201031 0.181741
v -0.636649 0.201031 0.181741
v -0.636649 0.201031 0.181741
v -0.636649 0.222552 0.181741
v -0.636649 0.222552 0.181741
v -0.636649 0.222552 0.181741
v 0.468530 -0.096576 0.160312
v 0.468530 -0.096576 0.160312
v 0.468530 -0.096576 0.160312
v 0.624070 -0.096576 0.160312
v 0.624070 -0.096576 0.160312
v 0.624070 -0.096576 0.160312
v 0.468530 -0.063088 0.160312
v 0.624070 -0.063088 0.160312
v 0.468530 -0.029600 0.160312
v 0.624070 -0.029600 0.160312
v 0.468530 0.003888 0.160312
v 0.468530 0.003888 0.160312
v 0.468530 0.003888 0.160312
v 0.624070 0.003888 0.160312
v 0.624070 0.003888 0.160312
v 0.624070 0.003888 0.160312
v 0.468530 0.198446 0.160313
v 0.468530 0.198446 0.160313
v 0.468530 0.198446 0.160313
v 0.624070 0.198446 0.160313
v 0.624070 0.198446 0.160313
v 0.624070 0.198446 0.160313
v 0.468530 0.234597 0.160313
v 0.624070 0.234597 0.160313
v 0.468530 0.270747 0.160313
v 0.624070 0.270747 0.160313
v 0.468530 0.306898 0.160313
v 0.468530 0.306898 0.160313
v 0.468530 0.306898 0.160313
v 0.624070 0.306898 0.160313
v 0.624070 0.306898 0.160313
v 0.624070 0.306898 0.160313
v 1.209975 0.011183 0.159329
v 1.209975 0.011183 0.159329
v 1.209975 0.011183 0.159329
v 1.209975 0.022679 0.159329
v 1.209975 0.022679 0.159329
v 1.209975 0.022679 0.159329
v 1.209975 0.184180 0.159329
v 1.209975 0.184180 0.159329
v 1.209975 0.184180 0.159329
v 1.209975 0.195676 0.159329
v 1.209975 0.195676 0.159329
v 1.209975 0.195676 0.159329
v 1.229355 -0.010369 0.150704
v 1.229355 -0.010369 0.150704
v 1.229355 -0.010369 0.150704
v 1.229355 0.007869 0.150704
v 1.229355 0.007869 0.150704
v 1.229355 0.007869 0.150704
v 1.229355 0.026106 0.150704
v 1.229355 0.026106 0.150704
v 1.229355 0.026106 0.150704
v 1.229355 0.044344 0.150704
v 1.229355 0.044344 0.150704
v 1.229355 0.044344 0.150704
v 1.229355 0.157990 0.150704
v 1.229355 0.157990 0.150704
v 1.229355 0.157990 0.150704
v 1.229355 0.179511 0.150704
v 1.229355 0.179511 0.150704
v 1.229355 0.179511 0.150704
v 1.229355 0.201031 0.150704
v 1.229355 0.201031 0.150704
v 1.229355 0.201031 0.150704
v 1.229355 0.222552 0.150704
v 1.229355 0.222552 0.150704
v 1.229355 0.222552 0.150704
v 0.905535 0.341253 0.131588
v 0.905535 0.341253 0.131588
v 0.905535 0.341253 0.131588
v 0.905535 0.341253 0.131588
v 0.905535 0.441112 0.131588
v 0.905535 0.441112 0.131588
v 0.905535 0.441112 0.131588
v 0.905535 0.441112 0.131588
v 0.905017 0.335925 0.123719
v 0.905017 0.335925 0.123719
v 0.905017 0.335925 0.123719
v 0.468530 -0.096576 0.116370
v 0.468530 -0.096576 0.116370
v 0.624070 -0.096576 0.116370
v 0.624070 -0.096576 0.116370
v 0.468530 -0.063088 0.116370
v 0.624070 -0.063088 0.116370
v 0.468530 -0.029600 0.116370
v 0.624070 -0.029600 0.116370
v 0.468530 0.003888 0.116370
v 0.468530 0.003888 0.116370
v 0.468530 0.003888 0.116370
v 0.624070 0.003888 0.116370
v 0.624070 0.003888 0.116370
v 0.624070 0.003888 0.116370
v 0.468530 0.198446 0.116371
v 0.468530 0.198446 0.116371
v 0.468530 0.198446 0.116371
v 0.624070 0.198446 0.116371
v 0.624070 0.198446 0.116371
v 0.624070 0.198446 0.116371
v 0.468530 0.234597 0.116371
v 0.624070 0.234597 0.116371
v 0.468530 0.270747 0.116371
v 0.624070 0.270747 0.116371
v 0.468530 0.306898 0.116371
v 0.468530 0.306898 0.116371
v 0.624070 0.306898 0.116371
v 0.624070 0.306898 0.116371
v 0.196916 0.375669 0.110263
v 0.196916 0.375669 0.110263
v 0.196916 0.375669 0.110263
v 0.196916 0.405288 0.110263
v 0.196916 0.405288 0.110263
v 0.196916 0.405288 0.110263
v 0.196916 0.366383 0.109217
v 0.196916 0.366383 0.109217
v 0.196916 0.366383 0.109217
v 0.196916 0.414574 0.109217
v 0.196916 0.414574 0.109217
v 0.196916 0.414574 0.109217
v 0.196916 0.357562 0.106131
v 0.196916 0.357562 0.106131
v 0.196916 0.357562 0.106131
v 0.196916 0.423395 0.106131
v 0.196916 0.423395 0.106131
v 0.196916 0.423395 0.106131
v 0.196916 0.349650 0.101159
v 0.196916 0.349650 0.101159
v 0.196916 0.349650 0.101159
v 0.196916 0.431307 0.101159
v 0.196916 0.431307 0.101159
v 0.196916 0.431307 0.101159
v 0.197382 0.389460 0.098789
v 0.197382 0.389460 0.098789
v 0.197382 0.389460 0.098789
v 0.197382 0.389460 0.098789
v 0.197382 0.391496 0.098789
v 0.197382 0.391496 0.098789
v 0.197382 0.391496 0.098789
v 0.197382 0.391496 0.098789
v 0.197382 0.379951 0.097718
v 0.197382 0.379951 0.097718
v 0.197382 0.379951 0.097718
v 0.197382 0.379951 0.097718
v 0.197382 0.401006 0.097718
v 0.197382 0.401006 0.097718
v 0.197382 0.401006 0.097718
v 0.197382 0.401006 0.097718
v 0.197360 0.348231 0.095354
v 0.197360 0.348231 0.095354
v 0.197360 0.348231 0.095354
v 0.197360 0.348231 0.095354
v 0.197360 0.348231 0.095354
v 0.197360 0.348231 0.095354
v 0.197360 0.348231 0.095354
v 0.197360 0.348231 0.095354
v 0.197360 0.348231 0.095354
v 0.197360 0.432726 0.095354
v 0.197360 0.432726 0.095354
v 0.197360 0.432726 0.095354
v 0.197360 0.432726 0.095354
v 0.197360 0.432726 0.095354
v 0.197360 0.432726 0.095354
v 0.197360 0.432726 0.095354
v 0.197360 0.432726 0.095354
v 0.197360 0.432726 0.095354
v 0.197382 0.370918 0.094557
v 0.197382 0.370918 0.094557
v 0.197382 0.370918 0.094557
v 0.197382 0.370918 0.094557
v 0.197382 0.410038 0.094557
v 0.197382 0.410038 0.094557
v 0.197382 0.410038 0.094557
v 0.197382 0.410038 0.094557
v 0.196916 0.343042 0.094551
v 0.196916 0.343042 0.094551
v 0.196916 0.343042 0.094551
v 0.196916 0.437915 0.094551
v 0.196916 0.437915 0.094551
v 0.196916 0.437915 0.094551
v 0.197360 0.351943 0.094436
v 0.197360 0.351943 0.094436
v 0.197360 0.351943 0.094436
v 0.197360 0.351943 0.094436
v 0.197360 0.351943 0.094436
v 0.197360 0.351943 0.094436
v 0.197360 0.351943 0.094436
v 0.197360 0.351943 0.094436
v 0.197360 0.351943 0.094436
v 0.197360 0.429014 0.094436
v 0.197360 0.429014 0.094436
v 0.197360 0.429014 0.094436
v 0.197360 0.429014 0.094436
v 0.197360 0.429014 0.094436
v 0.197360 0.429014 0.094436
v 0.197360 0.429014 0.094436
v 0.197360 0.429014 0.094436
v 0.197360 0.429014 0.094436
v 0.231492 0.389549 0.090098
v 0.231492 0.389549 0.090098
v 0.231492 0.389549 0.090098
v 0.231492 0.391408 0.090098
v 0.231492 0.391408 0.090098
v 0.231492 0.391408 0.090098
v 0.197382 0.362815 0.089466
v 0.197382 0.362815 0.089466
v 0.197382 0.362815 0.089466
v 0.197382 0.362815 0.089466
v 0.197382 0.418141 0.089466
v 0.197382 0.418141 0.089466
v 0.197382 0.418141 0.089466
v 0.197382 0.418141 0.089466
v 0.231492 0.380868 0.089120
v 0.231492 0.380868 0.089120
v 0.231492 0.380868 0.089120
v 0.231492 0.400089 0.089120
v 0.231492 0.400089 0.089120
v 0.231492 0.400089 0.089120
v 0.196916 0.338070 0.086638
v 0.196916 0.338070 0.086638
v 0.196916 0.338070 0.086638
v 0.196916 0.442887 0.086638
v 0.196916 0.442887 0.086638
v 0.196916 0.442887 0.086638
v 0.231492 0.372623 0.086235
v 0.231492 0.372623 0.086235
v 0.231492 0.372623 0.086235
v 0.231492 0.408334 0.086235
v 0.231492 0.408334 0.086235
v 0.231492 0.408334 0.086235
v 0.197382 0.356049 0.082699
v 0.197382 0.356049 0.082699
v 0.197382 0.356049 0.082699
v 0.197382 0.356049 0.082699
v 0.197382 0.424908 0.082699
v 0.197382 0.424908 0.082699
v 0.197382 0.424908 0.082699
v 0.197382 0.424908 0.082699
v 0.393495 0.379431 0.082012
v 0.393495 0.379431 0.082012
v 0.393495 0.379431 0.082012
v 0.393495 0.401526 0.082012
v 0.393495 0.401526 0.082012
v 0.393495 0.401526 0.082012
v 0.231492 0.365226 0.081587
v 0.231492 0.365226 0.081587
v 0.231492 0.365226 0.081587
v 0.231492 0.415731 0.081587
v 0.231492 0.415731 0.081587
v 0.231492 0.415731 0.081587
v 0.393495 0.372504 0.081231
v 0.393495 0.372504 0.081231
v 0.393495 0.372504 0.081231
v 0.393495 0.408453 0.081231
v 0.393495 0.408453 0.081231
v 0.393495 0.408453 0.081231
v 0.453692 0.341253 0.079669
v 0.453692 0.341253 0.079669
v 0.453692 0.341253 0.079669
v 0.453692 0.341253 0.079669
v 0.453692 0.414942 0.079669
v 0.453692 0.414942 0.079669
v 0.453692 0.414942 0.079669
v 0.393495 0.365923 0.078929
v 0.393495 0.365923 0.078929
v 0.393495 0.365923 0.078929
v 0.393495 0.415033 0.078929
v 0.393495 0.415033 0.078929
v 0.393495 0.415033 0.078929
v 0.196916 0.334983 0.077817
v 0.196916 0.334983 0.077817
v 0.196916 0.334983 0.077817
v 0.196916 0.445974 0.077817
v 0.196916 0.445974 0.077817
v 0.196916 0.445974 0.077817
v 0.231492 0.359049 0.075410
v 0.231492 0.359049 0.075410
v 0.231492 0.359049 0.075410
v 0.231492 0.421908 0.075410
v 0.231492 0.421908 0.075410
v 0.231492 0.421908 0.075410
v 0.393495 0.360021 0.075220
v 0.393495 0.360021 0.075220
v 0.393495 0.360021 0.075220
v 0.393495 0.420936 0.075220
v 0.393495 0.420936 0.075220
v 0.393495 0.420936 0.075220
v 0.459824 0.335925 0.074883
v 0.459824 0.335925 0.074883
v 0.459824 0.335925 0.074883
v 0.197382 0.350957 0.074596
v 0.197382 0.350957 0.074596
v 0.197382 0.350957 0.074596
v 0.197382 0.350957 0.074596
v 0.197382 0.429999 0.074596
v 0.197382 0.429999 0.074596
v 0.197382 0.429999 0.074596
v 0.197382 0.429999 0.074596
v 0.393495 0.389737 0.071705
v 0.393495 0.389737 0.071705
v 0.393495 0.389737 0.071705
v 0.393495 0.389737 0.071705
v 0.453700 0.389737 0.071705
v 0.453700 0.389737 0.071705
v 0.453700 0.389737 0.071705
v 0.393495 0.391220 0.071705
v 0.393495 0.391220 0.071705
v 0.393495 0.391220 0.071705
v 0.393495 0.391220 0.071705
v 0.453700 0.391220 0.071705
v 0.453700 0.391220 0.071705
v 0.453700 0.391220 0.071705
v 0.393495 0.382809 0.070925
v 0.393495 0.382809 0.070925
v 0.393495 0.382809 0.070925
v 0.393495 0.382809 0.070925
v 0.453700 0.382809 0.070925
v 0.453700 0.382809 0.070925
v 0.453700 0.382809 0.070925
v 0.393495 0.398147 0.070925
v 0.393495 0.398147 0.070925
v 0.393495 0.398147 0.070925
v 0.393495 0.398147 0.070925
v 0.453700 0.398147 0.070925
v 0.453700 0.398147 0.070925
v 0.453700 0.398147 0.070925
v 0.393495 0.355091 0.070290
v 0.393495 0.355091 0.070290
v 0.393495 0.355091 0.070290
v 0.393495 0.425866 0.070290
v 0.393495 0.425866 0.070290
v 0.393495 0.425866 0.070290
v 0.393495 0.376229 0.068622
v 0.393495 0.376229 0.068622
v 0.393495 0.376229 0.068622
v 0.393495 0.376229 0.068622
v 0.453700 0.376229 0.068622
v 0.453700 0.376229 0.068622
v 0.453700 0.376229 0.068622
v 0.393495 0.404727 0.068622
v 0.393495 0.404727 0.068622
v 0.393495 0.404727 0.068622
v 0.393495 0.404727 0.068622
v 0.453700 0.404727 0.068622
v 0.453700 0.404727 0.068622
v 0.453700 0.404727 0.068622
v 0.196916 0.333937 0.068531
v 0.196916 0.333937 0.068531
v 0.196916 0.333937 0.068531
v 0.196916 0.447020 0.068531
v 0.196916 0.447020 0.068531
v 0.196916 0.447020 0.068531
v 0.231492 0.354401 0.068013
v 0.231492 0.354401 0.068013
v 0.231492 0.354401 0.068013
v 0.231492 0.426556 0.068013
v 0.231492 0.426556 0.068013
v 0.231492 0.426556 0.068013
v 0.394524 0.361106 0.066005
v 0.394524 0.361106 0.066005
v 0.394524 0.361106 0.066005
v 0.394524 0.361106 0.066005
v 0.394524 0.361106 0.066005
v 0.394524 0.361106 0.066005
v 0.394524 0.361106 0.066005
v 0.394524 0.361106 0.066005
v 0.394524 0.361106 0.066005
v 0.394524 0.419851 0.066005
v 0.394524 0.419851 0.066005
v 0.394524 0.419851 0.066005
v 0.394524 0.419851 0.066005
v 0.394524 0.419851 0.066005
v 0.394524 0.419851 0.066005
v 0.394524 0.419851 0.066005
v 0.394524 0.419851 0.066005
v 0.394524 0.419851 0.066005
v 0.469336 0.101779 0.065881
v 0.469336 0.101779 0.065881
v 0.469336 0.101779 0.065881
v 0.197382 0.433160 0.065563
v 0.197382 0.433160 0.065563
v 0.197382 0.433160 0.065563
v 0.197382 0.433160 0.065563
v 0.197382 0.347797 0.065563
v 0.197382 0.347797 0.065563
v 0.197382 0.347797 0.065563
v 0.197382 0.347797 0.065563
v 0.393495 0.370327 0.064913
v 0.393495 0.370327 0.064913
v 0.393495 0.370327 0.064913
v 0.393495 0.370327 0.064913
v 0.453700 0.370327 0.064913
v 0.453700 0.370327 0.064913
v 0.453700 0.370327 0.064913
v 0.393495 0.410630 0.064913
v 0.393495 0.410630 0.064913
v 0.393495 0.410630 0.064913
v 0.393495 0.410630 0.064913
v 0.453700 0.410630 0.064913
v 0.453700 0.410630 0.064913
v 0.453700 0.410630 0.064913
v 0.981441 0.341253 0.064716
v 0.981441 0.341253 0.064716
v 0.981441 0.341253 0.064716
v 0.981441 0.341253 0.064716
v 0.981441 0.441112 0.064716
v 0.981441 0.441112 0.064716
v 0.981441 0.441112 0.064716
v 0.393495 0.351382 0.064388
v 0.393495 0.351382 0.064388
v 0.393495 0.351382 0.064388
v 0.393495 0.429574 0.064388
v 0.393495 0.429574 0.064388
v 0.393495 0.429574 0.064388
v 0.394524 0.362342 0.063151
v 0.394524 0.362342 0.063151
v 0.394524 0.362342 0.063151
v 0.394524 0.362342 0.063151
v 0.394524 0.362342 0.063151
v 0.394524 0.362342 0.063151
v 0.394524 0.362342 0.063151
v 0.394524 0.362342 0.063151
v 0.394524 0.362342 0.063151
v 0.394524 0.418615 0.063151
v 0.394524 0.418615 0.063151
v 0.394524 0.418615 0.063151
v 0.394524 0.418615 0.063151
v 0.394524 0.418615 0.063151
v 0.394524 0.418615 0.063151
v 0.394524 0.418615 0.063151
v 0.394524 0.418615 0.063151
v 0.394524 0.418615 0.063151
v 0.975826 0.335925 0.060817
v 0.975826 0.335925 0.060817
v 0.975826 0.335925 0.060817
v 0.393495 0.365397 0.059984
v 0.393495 0.365397 0.059984
v 0.393495 0.365397 0.059984
v 0.393495 0.365397 0.059984
v 0.453700 0.365397 0.059984
v 0.453700 0.365397 0.059984
v 0.453700 0.365397 0.059984
v 0.393495 0.415559 0.059984
v 0.393495 0.415559 0.059984
v 0.393495 0.415559 0.059984
v 0.393495 0.415559 0.059984
v 0.453700 0.415559 0.059984
v 0.453700 0.415559 0.059984
v 0.453700 0.415559 0.059984
v 0.231492 0.351516 0.059767
v 0.231492 0.351516 0.059767
v 0.231492 0.351516 0.059767
v 0.231492 0.429441 0.059767
v 0.231492 0.429441 0.059767
v 0.231492 0.429441 0.059767
v 0.976798 0.347297 0.058672
v 0.976798 0.347297 0.058672
v 0.976798 0.347297 0.058672
v 0.981441 0.347297 0.058672
v 0.981441 0.347297 0.058672
v 0.981441 0.347297 0.058672
v 0.976798 0.435068 0.058672
v 0.976798 0.435068 0.058672
v 0.976798 0.435068 0.058672
v 0.981441 0.435068 0.058672
v 0.981441 0.435068 0.058672
v 0.981441 0.435068 0.058672
v 0.393495 0.349080 0.057808
v 0.393495 0.349080 0.057808
v 0.393495 0.349080 0.057808
v 0.393495 0.431877 0.057808
v 0.393495 0.431877 0.057808
v 0.393495 0.431877 0.057808
v -1.780968 0.101778 0.056603
v -1.780968 0.101778 0.056603
v -1.780968 0.101778 0.056603
v 0.197382 0.346725 0.056054
v 0.197382 0.346725 0.056054
v 0.197382 0.346725 0.056054
v 0.197382 0.346725 0.056054
v 0.197382 0.434232 0.056054
v 0.197382 0.434232 0.056054
v 0.197382 0.434232 0.056054
v 0.197382 0.434232 0.056054
v 0.393495 0.361689 0.054081
v 0.393495 0.361689 0.054081
v 0.393495 0.361689 0.054081
v 0.393495 0.361689 0.054081
v 0.453700 0.361689 0.054081
v 0.453700 0.361689 0.054081
v 0.453700 0.361689 0.054081
v 0.393495 0.419268 0.054081
v 0.393495 0.419268 0.054081
v 0.393495 0.419268 0.054081
v 0.393495 0.419268 0.054081
v 0.453700 0.419268 0.054081
v 0.453700 0.419268 0.054081
v 0.453700 0.419268 0.054081
v 1.145300 0.391198 0.051866
v 1.145300 0.391198 0.051866
v 0.231492 0.350538 0.051086
v 0.231492 0.350538 0.051086
v 0.231492 0.350538 0.051086
v 0.231492 0.430419 0.051087
v 0.231492 0.430419 0.051087
v 0.231492 0.430419 0.051087
v 0.393495 0.348299 0.050880
v 0.393495 0.348299 0.050880
v 0.393495 0.348299 0.050880
v 0.393495 0.432657 0.050880
v 0.393495 0.432657 0.050880
v 0.393495 0.432657 0.050880
v 1.145300 0.380892 0.050851
v 1.145300 0.380892 0.050851
v 1.145300 0.401503 0.050851
v 1.145300 0.401503 0.050851
v 1.145300 0.370983 0.047845
v 1.145300 0.370983 0.047845
v 1.145300 0.411412 0.047845
v 1.145300 0.411412 0.047845
v 0.393495 0.359386 0.047501
v 0.393495 0.359386 0.047501
v 0.393495 0.359386 0.047501
v 0.393495 0.359386 0.047501
v 0.453700 0.359386 0.047501
v 0.453700 0.359386 0.047501
v 0.453700 0.359386 0.047501
v 0.393495 0.421571 0.047501
v 0.393495 0.421571 0.047501
v 0.393495 0.421571 0.047501
v 0.393495 0.421571 0.047501
v 0.453700 0.421571 0.047501
v 0.453700 0.421571 0.047501
v 0.453700 0.421571 0.047501
v 1.145300 0.391198 0.044665
v 1.145300 0.391198 0.044665
v 1.031521 0.391198 0.043957
v 1.031521 0.391198 0.043957
v 1.031521 0.391198 0.043957
v 1.145300 0.382297 0.043788
v 1.145300 0.382297 0.043788
v 1.145300 0.400098 0.043788
v 1.145300 0.400098 0.043788
v 1.031521 0.382435 0.043094
v 1.031521 0.382435 0.043094
v 1.031521 0.382435 0.043094
v 1.031521 0.399960 0.043094
v 1.031521 0.399960 0.043094
v 1.031521 0.399960 0.043094
v 1.145300 0.361851 0.042963
v 1.145300 0.361851 0.042963
v 1.145300 0.420544 0.042964
v 1.145300 0.420544 0.042964
v 1.137877 0.391198 0.042290
v 1.137877 0.391198 0.042290
v 0.984713 0.391258 0.041765
v 0.984713 0.391258 0.041765
v 1.022836 0.391258 0.041765
v 1.022836 0.391258 0.041765
v 1.137877 0.382761 0.041459
v 1.137877 0.382761 0.041459
v 1.137877 0.399635 0.041459
v 1.137877 0.399635 0.041459
v 1.145300 0.373739 0.041192
v 1.145300 0.373739 0.041192
v 1.145300 0.408656 0.041192
v 1.145300 0.408656 0.041192
v 1.022836 0.382924 0.040944
v 1.022836 0.382924 0.040944
v 0.984713 0.382924 0.040944
v 0.984713 0.382924 0.040944
v 0.984713 0.399593 0.040944
v 0.984713 0.399593 0.040944
v 1.022836 0.399593 0.040944
v 1.022836 0.399593 0.040944
v 0.393495 0.358606 0.040574
v 0.393495 0.358606 0.040574
v 0.393495 0.358606 0.040574
v 0.393495 0.358606 0.040574
v 0.453700 0.358606 0.040574
v 0.453700 0.358606 0.040574
v 0.453700 0.358606 0.040574
v 0.393495 0.422351 0.040574
v 0.393495 0.422351 0.040574
v 0.393495 0.422351 0.040574
v 0.393495 0.422351 0.040574
v 0.453700 0.422351 0.040574
v 0.453700 0.422351 0.040574
v 0.453700 0.422351 0.040574
v 1.031521 0.374010 0.040538
v 1.031521 0.374010 0.040538
v 1.031521 0.374010 0.040538
v 1.031521 0.408385 0.040538
v 1.031521 0.408385 0.040538
v 1.031521 0.408385 0.040538
v 0.976852 0.391198 0.039627
v 0.976852 0.391198 0.039627
v 1.027753 0.391198 0.039627
v 1.027753 0.391198 0.039627
v 1.027753 0.391198 0.039627
v 1.137877 0.374648 0.038998
v 1.137877 0.374648 0.038998
v 1.137877 0.407747 0.038998
v 1.137877 0.407747 0.038998
v 0.976852 0.383280 0.038847
v 0.976852 0.383280 0.038847
v 1.027753 0.383280 0.038847
v 1.027753 0.383280 0.038847
v 1.027753 0.383280 0.038847
v 0.976852 0.399115 0.038847
v 0.976852 0.399115 0.038847
v 1.027753 0.399115 0.038847
v 1.027753 0.399115 0.038847
v 1.027753 0.399115 0.038847
v 0.984713 0.374910 0.038513
v 0.984713 0.374910 0.038513
v 1.022836 0.374910 0.038513
v 1.022836 0.374910 0.038513
v 0.984713 0.407607 0.038513
v 0.984713 0.407607 0.038513
v 1.022836 0.407607 0.038513
v 1.022836 0.407607 0.038513
v 1.145300 0.365851 0.036976
v 1.145300 0.365851 0.036976
v 1.145300 0.416544 0.036976
v 1.145300 0.416544 0.036976
v 0.976852 0.375667 0.036538
v 0.976852 0.375667 0.036538
v 1.027753 0.375667 0.036538
v 1.027753 0.375667 0.036538
v 1.027753 0.375667 0.036538
v 0.976852 0.406728 0.036538
v 0.976852 0.406728 0.036538
v 1.027753 0.406728 0.036538
v 1.027753 0.406728 0.036538
v 1.027753 0.406728 0.036538
v 1.145300 0.353846 0.036394
v 1.145300 0.353846 0.036394
v 1.145300 0.428549 0.036394
v 1.145300 0.428549 0.036394
v 1.031521 0.366245 0.036387
v 1.031521 0.366245 0.036387
v 1.031521 0.366245 0.036387
v 1.031521 0.416150 0.036387
v 1.031521 0.416150 0.036387
v 1.031521 0.416150 0.036387
v -1.780968 0.101778 0.036089
v -1.780968 0.101778 0.036089
v -1.780968 0.101778 0.036089
v 0.433198 0.101779 0.036089
v 0.433198 0.101779 0.036089
v 0.433198 0.101779 0.036089
v 1.137877 0.367171 0.035001
v 1.137877 0.367171 0.035001
v 1.137877 0.415224 0.035001
v 1.137877 0.415224 0.035001
v 0.984713 0.367524 0.034565
v 0.984713 0.367524 0.034565
v 1.022836 0.367524 0.034565
v 1.022836 0.367524 0.034565
v 0.984713 0.414993 0.034565
v 0.984713 0.414993 0.034565
v 1.022836 0.414993 0.034565
v 1.022836 0.414993 0.034565
v 0.976852 0.368650 0.032787
v 0.976852 0.368650 0.032787
v 1.027753 0.368650 0.032787
v 1.027753 0.368650 0.032787
v 1.027753 0.368650 0.032787
v 0.976852 0.413745 0.032787
v 0.976852 0.413745 0.032787
v 1.027753 0.413745 0.032787
v 1.027753 0.413745 0.032787
v 1.027753 0.413745 0.032787
v 0.469336 0.043895 0.032462
v 0.469336 0.043895 0.032462
v 0.469336 0.043895 0.032462
v 0.469336 0.159662 0.032462
v 0.469336 0.159662 0.032462
v 0.469336 0.159662 0.032462
v 1.145300 0.358938 0.031303
v 1.145300 0.358938 0.031303
v 1.145300 0.423457 0.031303
v 1.145300 0.423457 0.031303
v 1.031521 0.359439 0.030802
v 1.031521 0.359439 0.030802
v 1.031521 0.359439 0.030802
v 1.031521 0.422956 0.030802
v 1.031521 0.422956 0.030802
v 1.031521 0.422956 0.030802
v 1.137877 0.360618 0.029623
v 1.137877 0.360618 0.029623
v 1.137877 0.421778 0.029623
v 1.137877 0.421778 0.029623
v 0.984713 0.361050 0.029252
v 0.984713 0.361050 0.029252
v 1.022836 0.361050 0.029252
v 1.022836 0.361050 0.029252
v 0.984713 0.421467 0.029252
v 0.984713 0.421467 0.029252
v 1.022836 0.421467 0.029252
v 1.022836 0.421467 0.029252
v 1.145300 0.347277 0.028390
v 1.145300 0.347277 0.028390
v 1.145300 0.435118 0.028390
v 1.145300 0.435118 0.028390
v -1.780968 0.051931 0.027823
v -1.780968 0.051931 0.027823
v -1.780968 0.051931 0.027823
v -1.780968 0.151626 0.027823
v -1.780968 0.151626 0.027823
v -1.780968 0.151626 0.027823
v 0.976852 0.362501 0.027740
v 0.976852 0.362501 0.027740
v 1.027753 0.362501 0.027740
v 1.027753 0.362501 0.027740
v 1.027753 0.362501 0.027740
v 0.976852 0.419894 0.027740
v 0.976852 0.419894 0.027740
v 1.027753 0.419894 0.027740
v 1.027753 0.419894 0.027740
v 1.027753 0.419894 0.027740
v 1.145300 0.353264 0.024389
v 1.145300 0.353264 0.024389
v 1.145300 0.429131 0.024389
v 1.145300 0.429131 0.024389
v 1.031521 0.353853 0.023996
v 1.031521 0.353853 0.023996
v 1.031521 0.353853 0.023996
v 1.031521 0.428542 0.023996
v 1.031521 0.428542 0.023996
v 1.031521 0.428542 0.023996
v 1.137877 0.355239 0.023070
v 1.137877 0.355239 0.023070
v 1.137877 0.427156 0.023070
v 1.137877 0.427156 0.023070
v 0.984713 0.355737 0.022778
v 0.984713 0.355737 0.022778
v 1.022836 0.355737 0.022778
v 1.022836 0.355737 0.022778
v 0.984713 0.426780 0.022778
v 0.984713 0.426780 0.022778
v 1.022836 0.426780 0.022778
v 1.022836 0.426780 0.022778
v 0.976852 0.357453 0.021590
v 0.976852 0.357453 0.021590
v 1.027753 0.357453 0.021590
v 1.027753 0.357453 0.021590
v 1.027753 0.357453 0.021590
v 0.976852 0.424942 0.021590
v 0.976852 0.424942 0.021590
v 1.027753 0.424942 0.021590
v 1.027753 0.424942 0.021590
v 1.027753 0.424942 0.021590
v 1.145300 0.342396 0.019257
v 1.145300 0.342396 0.019257
v 1.145300 0.439999 0.019258
v 1.145300 0.439999 0.019258
v -1.780968 0.069696 0.017566
v -1.780968 0.069696 0.017566
v -1.780968 0.069696 0.017566
v -1.780968 0.133861 0.017566
v -1.780968 0.133861 0.017566
v -1.780968 0.133861 0.017566
v 0.433198 0.069697 0.017566
v 0.433198 0.069697 0.017566
v 0.433198 0.069697 0.017566
v 0.433198 0.133862 0.017566
v 0.433198 0.133862 0.017566
v 0.433198 0.133862 0.017566
v 1.145300 0.349048 0.016502
v 1.145300 0.349048 0.016502
v 1.145300 0.433347 0.016502
v 1.145300 0.433347 0.016502
v 1.031521 0.349703 0.016231
v 1.031521 0.349703 0.016231
v 1.031521 0.349703 0.016231
v 1.031521 0.432692 0.016231
v 1.031521 0.432692 0.016231
v 1.031521 0.432692 0.016231
v 1.137877 0.351243 0.015593
v 1.137877 0.351243 0.015593
v 1.137877 0.431152 0.015593
v 1.137877 0.431152 0.015593
v 0.984713 0.351789 0.015392
v 0.984713 0.351789 0.015392
v 1.022836 0.351789 0.015392
v 1.022836 0.351789 0.015392
v 0.984713 0.430728 0.015392
v 0.984713 0.430728 0.015392
v 1.022836 0.430728 0.015392
v 1.022836 0.430728 0.015392
v 0.976852 0.353703 0.014574
v 0.976852 0.353703 0.014574
v 1.027753 0.353703 0.014574
v 1.027753 0.353703 0.014574
v 1.027753 0.353703 0.014574
v 0.976852 0.428692 0.014574
v 0.976852 0.428692 0.014574
v 1.027753 0.428692 0.014574
v 1.027753 0.428692 0.014574
v 1.027753 0.428692 0.014574
v 1.145300 0.339390 0.009348
v 1.145300 0.339390 0.009348
v 1.145300 0.443005 0.009348
v 1.145300 0.443005 0.009348
v 1.145300 0.346452 0.007944
v 1.145300 0.346452 0.007944
v 1.145300 0.435943 0.007944
v 1.145300 0.435943 0.007944
v 1.031521 0.347147 0.007805
v 1.031521 0.347147 0.007805
v 1.031521 0.347147 0.007805
v 1.031521 0.435248 0.007805
v 1.031521 0.435248 0.007805
v 1.031521 0.435248 0.007805
v 1.137877 0.348782 0.007480
v 1.137877 0.348782 0.007480
v 1.137877 0.433613 0.007480
v 1.137877 0.433613 0.007480
v 0.984713 0.349358 0.007378
v 0.984713 0.349358 0.007378
v 1.022836 0.349358 0.007378
v 1.022836 0.349358 0.007378
v 0.984713 0.433159 0.007378
v 0.984713 0.433159 0.007378
v 1.022836 0.433159 0.007378
v 1.022836 0.433159 0.007378
v 0.976852 0.351394 0.006961
v 0.976852 0.351394 0.006961
v 1.027753 0.351394 0.006961
v 1.027753 0.351394 0.006961
v 1.027753 0.351394 0.006961
v 0.976852 0.431001 0.006961
v 0.976852 0.431001 0.006961
v 1.027753 0.431001 0.006961
v 1.027753 0.431001 0.006961
v 1.027753 0.431001 0.006961
v 0.459824 0.335925 -0.000957
v 0.459824 0.335925 -0.000957
v 0.905017 0.335925 -0.000957
v 0.975826 0.335925 -0.000957
v 0.975826 0.335925 -0.000957
v 1.145300 0.338375 -0.000957
v 1.145300 0.338375 -0.000957
v 0.453692 0.341253 -0.000957
v 0.453692 0.341253 -0.000957
v 0.981441 0.341253 -0.000957
v 0.981441 0.341253 -0.000957
v 1.145300 0.345576 -0.000957
v 1.145300 0.345576 -0.000957
v 1.031521 0.346284 -0.000957
v 1.031521 0.346284 -0.000957
v 1.031521 0.346284 -0.000957
v 0.976798 0.347297 -0.000957
v 0.976798 0.347297 -0.000957
v 0.981441 0.347297 -0.000957
v 0.981441 0.347297 -0.000957
v 1.137877 0.347951 -0.000957
v 1.137877 0.347951 -0.000957
v 0.984713 0.348537 -0.000957
v 0.984713 0.348537 -0.000957
v 1.022836 0.348537 -0.000957
v 1.022836 0.348537 -0.000957
v 0.976852 0.350614 -0.000957
v 0.976852 0.350614 -0.000957
v 1.027753 0.350614 -0.000957
v 1.027753 0.350614 -0.000957
v 1.027753 0.350614 -0.000957
v 0.976852 0.431781 -0.000957
v 0.976852 0.431781 -0.000957
v 1.027753 0.431781 -0.000957
v 1.027753 0.431781 -0.000957
v 1.027753 0.431781 -0.000957
v 0.984713 0.433980 -0.000957
v 0.984713 0.433980 -0.000957
v 1.022836 0.433980 -0.000957
v 1.022836 0.433980 -0.000957
v 1.137877 0.434444 -0.000957
v 1.137877 0.434444 -0.000957
v 1.031521 0.436111 -0.000957
v 1.031521 0.436111 -0.000957
v 1.031521 0.436111 -0.000957
v 1.145300 0.436819 -0.000957
v 1.145300 0.436819 -0.000957
v 0.453692 0.441112 -0.000957
v 0.453692 0.441112 -0.000957
v 0.453692 0.441112 -0.000957
v 1.145300 0.444020 -0.000957
v 1.145300 0.444020 -0.000957
v 0.976798 0.452765 -0.000957
v 0.976798 0.452765 -0.000957
v 0.976798 0.452765 -0.000957
v 0.981441 0.452765 -0.000957
v 0.981441 0.452765 -0.000957
v 0.981441 0.452765 -0.000957
v 0.981441 0.462092 -0.000957
v 0.981441 0.462092 -0.000957
v 0.981441 0.462092 -0.000957
v 0.905535 0.483515 -0.000957
v 0.905535 0.483515 -0.000957
v 0.905535 0.483515 -0.000957
v 0.905535 0.483515 -0.000957
v 0.976852 0.351394 -0.008874
v 0.976852 0.351394 -0.008874
v 1.027753 0.351394 -0.008874
v 1.027753 0.351394 -0.008874
v 1.027753 0.351394 -0.008874
v 0.976852 0.431001 -0.008874
v 0.976852 0.431001 -0.008874
v 1.027753 0.431001 -0.008874
v 1.027753 0.431001 -0.008874
v 1.027753 0.431001 -0.008874
v 0.984713 0.349358 -0.009291
v 0.984713 0.349358 -0.009291
v 1.022836 0.349358 -0.009291
v 1.022836 0.349358 -0.009291
v 0.984713 0.433159 -0.009291
v 0.984713 0.433159 -0.009291
v 1.022836 0.433159 -0.009291
v 1.022836 0.433159 -0.009291
v 1.137877 0.348782 -0.009394
v 1.137877 0.348782 -0.009394
v 1.137877 0.433613 -0.009394
v 1.137877 0.433613 -0.009394
v 1.031521 0.347147 -0.009719
v 1.031521 0.347147 -0.009719
v 1.031521 0.347147 -0.009719
v 1.031521 0.435248 -0.009719
v 1.031521 0.435248 -0.009719
v 1.031521 0.435248 -0.009719
v 1.145300 0.346452 -0.009857
v 1.145300 0.346452 -0.009857
v 1.145300 0.435943 -0.009857
v 1.145300 0.435943 -0.009857
v 1.145300 0.339390 -0.011262
v 1.145300 0.339390 -0.011262
v 1.145300 0.443005 -0.011262
v 1.145300 0.443005 -0.011262
v 0.976852 0.353703 -0.016487
v 0.976852 0.353703 -0.016487
v 1.027753 0.353703 -0.016487
v 1.027753 0.353703 -0.016487
v 1.027753 0.353703 -0.016487
v 0.976852 0.428692 -0.016487
v 0.976852 0.428692 -0.016487
v 1.027753 0.428692 -0.016487
v 1.027753 0.428692 -0.016487
v 1.027753 0.428692 -0.016487
v 0.984713 0.351789 -0.017306
v 0.984713 0.351789 -0.017306
v 1.022836 0.351789 -0.017306
v 1.022836 0.351789 -0.017306
v 0.984713 0.430728 -0.017306
v 0.984713 0.430728 -0.017306
v 1.022836 0.430728 -0.017306
v 1.022836 0.430728 -0.017306
v 1.137877 0.351243 -0.017507
v 1.137877 0.351243 -0.017507
v 1.137877 0.431152 -0.017507
v 1.137877 0.431152 -0.017507
v 1.031521 0.349703 -0.018144
v 1.031521 0.349703 -0.018144
v 1.031521 0.349703 -0.018144
v 1.031521 0.432692 -0.018144
v 1.031521 0.432692 -0.018144
v 1.031521 0.432692 -0.018144
v 1.145300 0.349048 -0.018416
v 1.145300 0.349048 -0.018416
v 1.145300 0.433347 -0.018416
v 1.145300 0.433347 -0.018416
v -1.780968 0.069696 -0.019479
v -1.780968 0.069696 -0.019479
v -1.780968 0.069696 -0.019479
v -1.780968 0.133861 -0.019479
v -1.780968 0.133861 -0.019479
v -1.780968 0.133861 -0.019479
v 0.433198 0.069697 -0.019480
v 0.433198 0.069697 -0.019480
v 0.433198 0.069697 -0.019480
v 0.433198 0.133862 -0.019480
v 0.433198 0.133862 -0.019480
v 0.433198 0.133862 -0.019480
v 1.145300 0.342396 -0.021171
v 1.145300 0.342396 -0.021171
v 1.145300 0.439999 -0.021171
v 1.145300 0.439999 -0.021171
v 0.976852 0.357453 -0.023504
v 0.976852 0.357453 -0.023504
v 1.027753 0.357453 -0.023504
v 1.027753 0.357453 -0.023504
v 1.027753 0.357453 -0.023504
v 0.976852 0.424942 -0.023504
v 0.976852 0.424942 -0.023504
v 1.027753 0.424942 -0.023504
v 1.027753 0.424942 -0.023504
v 1.027753 0.424942 -0.023504
v 0.984713 0.355737 -0.024692
v 0.984713 0.355737 -0.024692
v 1.022836 0.355737 -0.024692
v 1.022836 0.355737 -0.024692
v 0.984713 0.426780 -0.024692
v 0.984713 0.426780 -0.024692
v 1.022836 0.426780 -0.024692
v 1.022836 0.426780 -0.024692
v 1.137877 0.355239 -0.024983
v 1.137877 0.355239 -0.024983
v 1.137877 0.427156 -0.024983
v 1.137877 0.427156 -0.024983
v 1.031521 0.353853 -0.025909
v 1.031521 0.353853 -0.025909
v 1.031521 0.353853 -0.025909
v 1.031521 0.428542 -0.025909
v 1.031521 0.428542 -0.025909
v 1.031521 0.428542 -0.025909
v 1.145300 0.353264 -0.026303
v 1.145300 0.353264 -0.026303
v 1.145300 0.429131 -0.026303
v 1.145300 0.429131 -0.026303
v 0.976852 0.362501 -0.029654
v 0.976852 0.362501 -0.029654
v 1.027753 0.362501 -0.029654
v 1.027753 0.362501 -0.029654
v 1.027753 0.362501 -0.029654
v 0.976852 0.419894 -0.029654
v 0.976852 0.419894 -0.029654
v 1.027753 0.419894 -0.029654
v 1.027753 0.419894 -0.029654
v 1.027753 0.419894 -0.029654
v -1.780968 0.051931 -0.029736
v -1.780968 0.051931 -0.029736
v -1.780968 0.051931 -0.029736
v -1.780968 0.151626 -0.029736
v -1.780968 0.151626 -0.029736
v -1.780968 0.151626 -0.029736
v 1.145300 0.347277 -0.030303
v 1.145300 0.347277 -0.030303
v 1.145300 0.435118 -0.030303
v 1.145300 0.435118 -0.030303
v 0.984713 0.361050 -0.031165
v 0.984713 0.361050 -0.031165
v 1.022836 0.361050 -0.031165
v 1.022836 0.361050 -0.031165
v 0.984713 0.421467 -0.031165
v 0.984713 0.421467 -0.031165
v 1.022836 0.421467 -0.031165
v 1.022836 0.421467 -0.031165
v 1.137877 0.360618 -0.031537
v 1.137877 0.360618 -0.031537
v 1.137877 0.421778 -0.031537
v 1.137877 0.421778 -0.031537
v 1.031521 0.359439 -0.032715
v 1.031521 0.359439 -0.032715
v 1.031521 0.359439 -0.032715
v 1.031521 0.422956 -0.032715
v 1.031521 0.422956 -0.032715
v 1.031521 0.422956 -0.032715
v 1.145300 0.358938 -0.033216
v 1.145300 0.358938 -0.033216
v 1.145300 0.423457 -0.033216
v 1.145300 0.423457 -0.033216
v 0.469336 0.043895 -0.034376
v 0.469336 0.043895 -0.034376
v 0.469336 0.043895 -0.034376
v 0.469336 0.159662 -0.034376
v 0.469336 0.159662 -0.034376
v 0.469336 0.159662 -0.034376
v 0.976852 0.368650 -0.034701
v 0.976852 0.368650 -0.034701
v 1.027753 0.368650 -0.034701
v 1.027753 0.368650 -0.034701
v 1.027753 0.368650 -0.034701
v 0.976852 0.413745 -0.034701
v 0.976852 0.413745 -0.034701
v 1.027753 0.413745 -0.034701
v 1.027753 0.413745 -0.034701
v 1.027753 0.413745 -0.034701
v 0.984713 0.367524 -0.036478
v 0.984713 0.367524 -0.036478
v 1.022836 0.367524 -0.036478
v 1.022836 0.367524 -0.036478
v 0.984713 0.414993 -0.036478
v 0.984713 0.414993 -0.036478
v 1.022836 0.414993 -0.036478
v 1.022836 0.414993 -0.036478
v 1.137877 0.367171 -0.036915
v 1.137877 0.367171 -0.036915
v 1.137877 0.415224 -0.036915
v 1.137877 0.415224 -0.036915
v -1.780968 0.101778 -0.038002
v -1.780968 0.101778 -0.038002
v -1.780968 0.101778 -0.038002
v 0.433198 0.101779 -0.038003
v 0.433198 0.101779 -0.038003
v 0.433198 0.101779 -0.038003
v 1.031521 0.366245 -0.038301
v 1.031521 0.366245 -0.038301
v 1.031521 0.366245 -0.038301
v 1.031521 0.416150 -0.038301
v 1.031521 0.416150 -0.038301
v 1.031521 0.416150 -0.038301
v 1.145300 0.353846 -0.038308
v 1.145300 0.353846 -0.038308
v 1.145300 0.428549 -0.038308
v 1.145300 0.428549 -0.038308
v 0.976852 0.375667 -0.038451
v 0.976852 0.375667 -0.038451
v 1.027753 0.375667 -0.038451
v 1.027753 0.375667 -0.038451
v 1.027753 0.375667 -0.038451
v 0.976852 0.406728 -0.038451
v 0.976852 0.406728 -0.038451
v 1.027753 0.406728 -0.038451
v 1.027753 0.406728 -0.038451
v 1.027753 0.406728 -0.038451
v 1.145300 0.365851 -0.038890
v 1.145300 0.365851 -0.038890
v 1.145300 0.416544 -0.038890
v 1.145300 0.416544 -0.038890
v 0.984713 0.374910 -0.040426
v 0.984713 0.374910 -0.040426
v 1.022836 0.374910 -0.040426
v 1.022836 0.374910 -0.040426
v 0.984713 0.407607 -0.040426
v 0.984713 0.407607 -0.040426
v 1.022836 0.407607 -0.040426
v 1.022836 0.407607 -0.040426
v 0.976852 0.383280 -0.040761
v 0.976852 0.383280 -0.040761
v 1.027753 0.383280 -0.040761
v 1.027753 0.383280 -0.040761
v 1.027753 0.383280 -0.040761
v 0.976852 0.399115 -0.040761
v 0.976852 0.399115 -0.040761
v 1.027753 0.399115 -0.040761
v 1.027753 0.399115 -0.040761
v 1.027753 0.399115 -0.040761
v 1.137877 0.374648 -0.040911
v 1.137877 0.374648 -0.040911
v 1.137877 0.407747 -0.040911
v 1.137877 0.407747 -0.040911
v 0.976852 0.391198 -0.041540
v 0.976852 0.391198 -0.041540
v 1.027753 0.391198 -0.041540
v 1.027753 0.391198 -0.041540
v 1.027753 0.391198 -0.041540
v 1.031521 0.374010 -0.042451
v 1.031521 0.374010 -0.042451
v 1.031521 0.374010 -0.042451
v 1.031521 0.408385 -0.042451
v 1.031521 0.408385 -0.042451
v 1.031521 0.408385 -0.042451
v 0.393495 0.358606 -0.042487
v 0.393495 0.358606 -0.042487
v 0.393495 0.358606 -0.042487
v 0.393495 0.358606 -0.042487
v 0.453700 0.358606 -0.042487
v 0.453700 0.358606 -0.042487
v 0.453700 0.358606 -0.042487
v 0.393495 0.422351 -0.042487
v 0.393495 0.422351 -0.042487
v 0.393495 0.422351 -0.042487
v 0.393495 0.422351 -0.042487
v 0.453700 0.422351 -0.042487
v 0.453700 0.422351 -0.042487
v 0.453700 0.422351 -0.042487
v 0.984713 0.382924 -0.042857
v 0.984713 0.382924 -0.042857
v 1.022836 0.382924 -0.042857
v 1.022836 0.382924 -0.042857
v 0.984713 0.399593 -0.042857
v 0.984713 0.399593 -0.042857
v 1.022836 0.399593 -0.042857
v 1.022836 0.399593 -0.042857
v 1.145300 0.373739 -0.043106
v 1.145300 0.373739 -0.043106
v 1.145300 0.408656 -0.043106
v 1.145300 0.408656 -0.043106
v 1.137877 0.382761 -0.043372
v 1.137877 0.382761 -0.043372
v 1.137877 0.399635 -0.043372
v 1.137877 0.399635 -0.043372
v 0.984713 0.391258 -0.043678
v 0.984713 0.391258 -0.043678
v 1.022836 0.391258 -0.043678
v 1.022836 0.391258 -0.043678
v 1.137877 0.391198 -0.044203
v 1.137877 0.391198 -0.044203
v 1.145300 0.361851 -0.044877
v 1.145300 0.361851 -0.044877
v 1.145300 0.420544 -0.044877
v 1.145300 0.420544 -0.044877
v 1.031521 0.382435 -0.045007
v 1.031521 0.382435 -0.045007
v 1.031521 0.382435 -0.045007
v 1.031521 0.399960 -0.045007
v 1.031521 0.399960 -0.045007
v 1.031521 0.399960 -0.045007
v 1.145300 0.382297 -0.045702
v 1.145300 0.382297 -0.045702
v 1.145300 0.400098 -0.045702
v 1.145300 0.400098 -0.045702
v 1.031521 0.391198 -0.045870
v 1.031521 0.391198 -0.045870
v 1.031521 0.391198 -0.045870
v 1.145300 0.391198 -0.046579
v 1.145300 0.391198 -0.046579
v 0.393495 0.359386 -0.049415
v 0.393495 0.359386 -0.049415
v 0.393495 0.359386 -0.049415
v 0.393495 0.359386 -0.049415
v 0.453700 0.359386 -0.049415
v 0.453700 0.359386 -0.049415
v 0.453700 0.359386 -0.049415
v 0.393495 0.421571 -0.049415
v 0.393495 0.421571 -0.049415
v 0.393495 0.421571 -0.049415
v 0.393495 0.421571 -0.049415
v 0.453700 0.421571 -0.049415
v 0.453700 0.421571 -0.049415
v 0.453700 0.421571 -0.049415
v 1.145300 0.370983 -0.049758
v 1.145300 0.370983 -0.049758
v 1.145300 0.411412 -0.049758
v 1.145300 0.411412 -0.049758
v 1.145300 0.380892 -0.052764
v 1.145300 0.380892 -0.052764
v 1.145300 0.401503 -0.052764
v 1.145300 0.401503 -0.052764
v 0.393495 0.348299 -0.052794
v 0.393495 0.348299 -0.052794
v 0.393495 0.348299 -0.052794
v 0.393495 0.432657 -0.052794
v 0.393495 0.432657 -0.052794
v 0.393495 0.432657 -0.052794
v 0.231492 0.350538 -0.053000
v 0.231492 0.350538 -0.053000
v 0.231492 0.350538 -0.053000
v 0.231492 0.430419 -0.053000
v 0.231492 0.430419 -0.053000
v 0.231492 0.430419 -0.053000
v 1.145300 0.391198 -0.053779
v 1.145300 0.391198 -0.053779
v 0.393495 0.361689 -0.055995
v 0.393495 0.361689 -0.055995
v 0.393495 0.361689 -0.055995
v 0.393495 0.361689 -0.055995
v 0.453700 0.361689 -0.055995
v 0.453700 0.361689 -0.055995
v 0.453700 0.361689 -0.055995
v 0.393495 0.419268 -0.055995
v 0.393495 0.419268 -0.055995
v 0.393495 0.419268 -0.055995
v 0.393495 0.419268 -0.055995
v 0.453700 0.419268 -0.055995
v 0.453700 0.419268 -0.055995
v 0.453700 0.419268 -0.055995
v 0.197382 0.346725 -0.057968
v 0.197382 0.346725 -0.057968
v 0.197382 0.346725 -0.057968
v 0.197382 0.346725 -0.057968
v 0.197382 0.434232 -0.057968
v 0.197382 0.434232 -0.057968
v 0.197382 0.434232 -0.057968
v 0.197382 0.434232 -0.057968
v -1.780968 0.101778 -0.058516
v -1.780968 0.101778 -0.058516
v -1.780968 0.101778 -0.058516
v 0.393495 0.349080 -0.059721
v 0.393495 0.349080 -0.059721
v 0.393495 0.349080 -0.059721
v 0.393495 0.431877 -0.059721
v 0.393495 0.431877 -0.059721
v 0.393495 0.431877 -0.059721
v 0.976798 0.347297 -0.060586
v 0.976798 0.347297 -0.060586
v 0.976798 0.347297 -0.060586
v 0.981441 0.347297 -0.060586
v 0.981441 0.347297 -0.060586
v 0.981441 0.347297 -0.060586
v 0.976798 0.435068 -0.060586
v 0.976798 0.435068 -0.060586
v 0.976798 0.435068 -0.060586
v 0.981441 0.435068 -0.060586
v 0.981441 0.435068 -0.060586
v 0.981441 0.435068 -0.060586
v 0.231492 0.351516 -0.061681
v 0.231492 0.351516 -0.061681
v 0.231492 0.351516 -0.061681
v 0.231492 0.429441 -0.061681
v 0.231492 0.429441 -0.061681
v 0.231492 0.429441 -0.061681
v 0.393495 0.365397 -0.061897
v 0.393495 0.365397 -0.061897
v 0.393495 0.365397 -0.061897
v 0.393495 0.365397 -0.061897
v 0.453700 0.365397 -0.061897
v 0.453700 0.365397 -0.061897
v 0.453700 0.365397 -0.061897
v 0.393495 0.415559 -0.061897
v 0.393495 0.415559 -0.061897
v 0.393495 0.415559 -0.061897
v 0.393495 0.415559 -0.061897
v 0.453700 0.415559 -0.061897
v 0.453700 0.415559 -0.061897
v 0.453700 0.415559 -0.061897
v 0.975826 0.335925 -0.062731
v 0.975826 0.335925 -0.062731
v 0.975826 0.335925 -0.062731
v 0.394524 0.362342 -0.065065
v 0.394524 0.362342 -0.065065
v 0.394524 0.362342 -0.065065
v 0.394524 0.362342 -0.065065
v 0.394524 0.362342 -0.065065
v 0.394524 0.362342 -0.065065
v 0.394524 0.362342 -0.065065
v 0.394524 0.362342 -0.065065
v 0.394524 0.362342 -0.065065
v 0.394524 0.418615 -0.065065
v 0.394524 0.418615 -0.065065
v 0.394524 0.418615 -0.065065
v 0.394524 0.418615 -0.065065
v 0.394524 0.418615 -0.065065
v 0.394524 0.418615 -0.065065
v 0.394524 0.418615 -0.065065
v 0.394524 0.418615 -0.065065
v 0.394524 0.418615 -0.065065
v 0.393495 0.351382 -0.066301
v 0.393495 0.351382 -0.066301
v 0.393495 0.351382 -0.066301
v 0.393495 0.429574 -0.066301
v 0.393495 0.429574 -0.066301
v 0.393495 0.429574 -0.066301
v 0.981441 0.341253 -0.066630
v 0.981441 0.341253 -0.066630
v 0.981441 0.341253 -0.066630
v 0.981441 0.341253 -0.066630
v 0.981441 0.441112 -0.066630
v 0.981441 0.441112 -0.066630
v 0.981441 0.441112 -0.066630
v 0.393495 0.370327 -0.066827
v 0.393495 0.370327 -0.066827
v 0.393495 0.370327 -0.066827
v 0.393495 0.370327 -0.066827
v 0.453700 0.370327 -0.066827
v 0.453700 0.370327 -0.066827
v 0.453700 0.370327 -0.066827
v 0.393495 0.410630 -0.066827
v 0.393495 0.410630 -0.066827
v 0.393495 0.410630 -0.066827
v 0.393495 0.410630 -0.066827
v 0.453700 0.410630 -0.066827
v 0.453700 0.410630 -0.066827
v 0.453700 0.410630 -0.066827
v 0.197382 0.433160 -0.067477
v 0.197382 0.433160 -0.067477
v 0.197382 0.433160 -0.067477
v 0.197382 0.433160 -0.067477
v 0.197382 0.347797 -0.067477
v 0.197382 0.347797 -0.067477
v 0.197382 0.347797 -0.067477
v 0.197382 0.347797 -0.067477
v 0.469336 0.101779 -0.067795
v 0.469336 0.101779 -0.067795
v 0.469336 0.101779 -0.067795
v 0.394524 0.361106 -0.067918
v 0.394524 0.361106 -0.067918
v 0.394524 0.361106 -0.067918
v 0.394524 0.361106 -0.067918
v 0.394524 0.361106 -0.067918
v 0.394524 0.361106 -0.067918
v 0.394524 0.361106 -0.067918
v 0.394524 0.361106 -0.067918
v 0.394524 0.361106 -0.067918
v 0.394524 0.419851 -0.067918
v 0.394524 0.419851 -0.067918
v 0.394524 0.419851 -0.067918
v 0.394524 0.419851 -0.067918
v 0.394524 0.419851 -0.067918
v 0.394524 0.419851 -0.067918
v 0.394524 0.419851 -0.067918
v 0.394524 0.419851 -0.067918
v 0.394524 0.419851 -0.067918
v 0.231492 0.354401 -0.069927
v 0.231492 0.354401 -0.069927
v 0.231492 0.354401 -0.069927
v 0.231492 0.426556 -0.069927
v 0.231492 0.426556 -0.069927
v 0.231492 0.426556 -0.069927
v 0.196916 0.333937 -0.070445
v 0.196916 0.333937 -0.070445
v 0.196916 0.333937 -0.070445
v 0.196916 0.447020 -0.070445
v 0.196916 0.447020 -0.070445
v 0.196916 0.447020 -0.070445
v 0.393495 0.376229 -0.070536
v 0.393495 0.376229 -0.070536
v 0.393495 0.376229 -0.070536
v 0.393495 0.376229 -0.070536
v 0.453700 0.376229 -0.070536
v 0.453700 0.376229 -0.070536
v 0.453700 0.376229 -0.070536
v 0.393495 0.404727 -0.070536
v 0.393495 0.404727 -0.070536
v 0.393495 0.404727 -0.070536
v 0.393495 0.404727 -0.070536
v 0.453700 0.404727 -0.070536
v 0.453700 0.404727 -0.070536
v 0.453700 0.404727 -0.070536
v 0.393495 0.355091 -0.072204
v 0.393495 0.355091 -0.072204
v 0.393495 0.355091 -0.072204
v 0.393495 0.425866 -0.072204
v 0.393495 0.425866 -0.072204
v 0.393495 0.425866 -0.072204
v 0.393495 0.382809 -0.072838
v 0.393495 0.382809 -0.072838
v 0.393495 0.382809 -0.072838
v 0.393495 0.382809 -0.072838
v 0.453700 0.382809 -0.072838
v 0.453700 0.382809 -0.072838
v 0.453700 0.382809 -0.072838
v 0.393495 0.398147 -0.072838
v 0.393495 0.398147 -0.072838
v 0.393495 0.398147 -0.072838
v 0.393495 0.398147 -0.072838
v 0.453700 0.398147 -0.072838
v 0.453700 0.398147 -0.072838
v 0.453700 0.398147 -0.072838
v 0.393495 0.389737 -0.073619
v 0.393495 0.389737 -0.073619
v 0.393495 0.389737 -0.073619
v 0.393495 0.389737 -0.073619
v 0.453700 0.389737 -0.073619
v 0.453700 0.389737 -0.073619
v 0.453700 0.389737 -0.073619
v 0.393495 0.391220 -0.073619
v 0.393495 0.391220 -0.073619
v 0.393495 0.391220 -0.073619
v 0.393495 0.391220 -0.073619
v 0.453700 0.391220 -0.073619
v 0.453700 0.391220 -0.073619
v 0.453700 0.391220 -0.073619
v 0.197382 0.350957 -0.076510
v 0.197382 0.350957 -0.076510
v 0.197382 0.350957 -0.076510
v 0.197382 0.350957 -0.076510
v 0.197382 0.429999 -0.076510
v 0.197382 0.429999 -0.076510
v 0.197382 0.429999 -0.076510
v 0.197382 0.429999 -0.076510
v 0.459824 0.335925 -0.076796
v 0.459824 0.335925 -0.076796
v 0.459824 0.335925 -0.076796
v 0.393495 0.360021 -0.077133
v 0.393495 0.360021 -0.077133
v 0.393495 0.360021 -0.077133
v 0.393495 0.420936 -0.077133
v 0.393495 0.420936 -0.077133
v 0.393495 0.420936 -0.077133
v 0.231492 0.359049 -0.077323
v 0.231492 0.359049 -0.077323
v 0.231492 0.359049 -0.077323
v 0.231492 0.421908 -0.077323
v 0.231492 0.421908 -0.077323
v 0.231492 0.421908 -0.077323
v 0.196916 0.334983 -0.079731
v 0.196916 0.334983 -0.079731
v 0.196916 0.334983 -0.079731
v 0.196916 0.445974 -0.079731
v 0.196916 0.445974 -0.079731
v 0.196916 0.445974 -0.079731
v 0.393495 0.365924 -0.080842
v 0.393495 0.365924 -0.080842
v 0.393495 0.365924 -0.080842
v 0.393495 0.415033 -0.080842
v 0.393495 0.415033 -0.080842
v 0.393495 0.415033 -0.080842
v 0.453692 0.341253 -0.081583
v 0.453692 0.341253 -0.081583
v 0.453692 0.341253 -0.081583
v 0.453692 0.341253 -0.081583
v 0.453692 0.414942 -0.081583
v 0.453692 0.414942 -0.081583
v 0.453692 0.414942 -0.081583
v 0.393495 0.372504 -0.083145
v 0.393495 0.372504 -0.083145
v 0.393495 0.372504 -0.083145
v 0.393495 0.408453 -0.083145
v 0.393495 0.408453 -0.083145
v 0.393495 0.408453 -0.083145
v 0.231492 0.365226 -0.083501
v 0.231492 0.365226 -0.083501
v 0.231492 0.365226 -0.083501
v 0.231492 0.415731 -0.083501
v 0.231492 0.415731 -0.083501
v 0.231492 0.415731 -0.083501
v 0.393495 0.379431 -0.083925
v 0.393495 0.379431 -0.083925
v 0.393495 0.379431 -0.083925
v 0.393495 0.401526 -0.083925
v 0.393495 0.401526 -0.083925
v 0.393495 0.401526 -0.083925
v 0.197382 0.356049 -0.084613
v 0.197382 0.356049 -0.084613
v 0.197382 0.356049 -0.084613
v 0.197382 0.356049 -0.084613
v 0.197382 0.424908 -0.084613
v 0.197382 0.424908 -0.084613
v 0.197382 0.424908 -0.084613
v 0.197382 0.424908 -0.084613
v 0.231492 0.372623 -0.088148
v 0.231492 0.372623 -0.088148
v 0.231492 0.372623 -0.088148
v 0.231492 0.408334 -0.088148
v 0.231492 0.408334 -0.088148
v 0.231492 0.408334 -0.088148
v 0.196916 0.338070 -0.088552
v 0.196916 0.338070 -0.088552
v 0.196916 0.338070 -0.088552
v 0.196916 0.442887 -0.088552
v 0.196916 0.442887 -0.088552
v 0.196916 0.442887 -0.088552
v 0.231492 0.380868 -0.091034
v 0.231492 0.380868 -0.091034
v 0.231492 0.380868 -0.091034
v 0.231492 0.400089 -0.091034
v 0.231492 0.400089 -0.091034
v 0.231492 0.400089 -0.091034
v 0.197382 0.362815 -0.091379
v 0.197382 0.362815 -0.091379
v 0.197382 0.362815 -0.091379
v 0.197382 0.362815 -0.091379
v 0.197382 0.418141 -0.091379
v 0.197382 0.418141 -0.091379
v 0.197382 0.418141 -0.091379
v 0.197382 0.418141 -0.091379
v 0.231492 0.389549 -0.092012
v 0.231492 0.389549 -0.092012
v 0.231492 0.389549 -0.092012
v 0.231492 0.391408 -0.092012
v 0.231492 0.391408 -0.092012
v 0.231492 0.391408 -0.092012
v 0.197360 0.351943 -0.096349
v 0.197360 0.351943 -0.096349
v 0.197360 0.351943 -0.096349
v 0.197360 0.351943 -0.096349
v 0.197360 0.351943 -0.096349
v 0.197360 0.351943 -0.096349
v 0.197360 0.351943 -0.096349
v 0.197360 0.351943 -0.096349
v 0.197360 0.351943 -0.096349
v 0.197360 0.429014 -0.096349
v 0.197360 0.429014 -0.096349
v 0.197360 0.429014 -0.096349
v 0.197360 0.429014 -0.096349
v 0.197360 0.429014 -0.096349
v 0.197360 0.429014 -0.096349
v 0.197360 0.429014 -0.096349
v 0.197360 0.429014 -0.096349
v 0.197360 0.429014 -0.096349
v 0.196916 0.343042 -0.096464
v 0.196916 0.343042 -0.096464
v 0.196916 0.343042 -0.096464
v 0.196916 0.437915 -0.096464
v 0.196916 0.437915 -0.096464
v 0.196916 0.437915 -0.096464
v 0.197382 0.370918 -0.096471
v 0.197382 0.370918 -0.096471
v 0.197382 0.370918 -0.096471
v 0.197382 0.370918 -0.096471
v 0.197382 0.410038 -0.096471
v 0.197382 0.410038 -0.096471
v 0.197382 0.410038 -0.096471
v 0.197382 0.410038 -0.096471
v 0.197360 0.348231 -0.097268
v 0.197360 0.348231 -0.097268
v 0.197360 0.348231 -0.097268
v 0.197360 0.348231 -0.097268
v 0.197360 0.348231 -0.097268
v 0.197360 0.348231 -0.097268
v 0.197360 0.348231 -0.097268
v 0.197360 0.348231 -0.097268
v 0.197360 0.348231 -0.097268
v 0.197360 0.432726 -0.097268
v 0.197360 0.432726 -0.097268
v 0.197360 0.432726 -0.097268
v 0.197360 0.432726 -0.097268
v 0.197360 0.432726 -0.097268
v 0.197360 0.432726 -0.097268
v 0.197360 0.432726 -0.097268
v 0.197360 0.432726 -0.097268
v 0.197360 0.432726 -0.097268
v 0.197382 0.379951 -0.099631
v 0.197382 0.379951 -0.099631
v 0.197382 0.379951 -0.099631
v 0.197382 0.379951 -0.099631
v 0.197382 0.401006 -0.099631
v 0.197382 0.401006 -0.099631
v 0.197382 0.401006 -0.099631
v 0.197382 0.401006 -0.099631
v 0.197382 0.389460 -0.100703
v 0.197382 0.389460 -0.100703
v 0.197382 0.389460 -0.100703
v 0.197382 0.389460 -0.100703
v 0.197382 0.391496 -0.100703
v 0.197382 0.391496 -0.100703
v 0.197382 0.391496 -0.100703
v 0.197382 0.391496 -0.100703
v 0.196916 0.349650 -0.103072
v 0.196916 0.349650 -0.103072
v 0.196916 0.349650 -0.103072
v 0.196916 0.431307 -0.103072
v 0.196916 0.431307 -0.103072
v 0.196916 0.431307 -0.103072
v 0.196916 0.357562 -0.108044
v 0.196916 0.357562 -0.108044
v 0.196916 0.357562 -0.108044
v 0.196916 0.423395 -0.108044
v 0.196916 0.423395 -0.108044
v 0.196916 0.423395 -0.108044
v 0.196916 0.366383 -0.111131
v 0.196916 0.366383 -0.111131
v 0.196916 0.366383 -0.111131
v 0.196916 0.414574 -0.111131
v 0.196916 0.414574 -0.111131
v 0.196916 0.414574 -0.111131
v 0.196916 0.375669 -0.112177
v 0.196916 0.375669 -0.112177
v 0.196916 0.375669 -0.112177
v 0.196916 0.405288 -0.112177
v 0.196916 0.405288 -0.112177
v 0.196916 0.405288 -0.112177
v 0.468530 -0.096576 -0.118284
v 0.468530 -0.096576 -0.118284
v 0.624070 -0.096576 -0.118284
v 0.624070 -0.096576 -0.118284
v 0.468530 -0.063088 -0.118284
v 0.624070 -0.063088 -0.118284
v 0.468530 -0.029600 -0.118284
v 0.624070 -0.029600 -0.118284
v 0.468530 0.003888 -0.118284
v 0.468530 0.003888 -0.118284
v 0.468530 0.003888 -0.118284
v 0.624070 0.003888 -0.118284
v 0.624070 0.003888 -0.118284
v 0.624070 0.003888 -0.118284
v 0.468530 0.198446 -0.118284
v 0.468530 0.198446 -0.118284
v 0.468530 0.198446 -0.118284
v 0.624070 0.198446 -0.118284
v 0.624070 0.198446 -0.118284
v 0.624070 0.198446 -0.118284
v 0.468530 0.234597 -0.118284
v 0.624070 0.234597 -0.118284
v 0.468530 0.270747 -0.118284
v 0.624070 0.270747 -0.118284
v 0.468530 0.306898 -0.118284
v 0.468530 0.306898 -0.118284
v 0.624070 0.306898 -0.118284
v 0.624070 0.306898 -0.118284
v 0.905017 0.335925 -0.125633
v 0.905017 0.335925 -0.125633
v 0.905017 0.335925 -0.125633
v 0.905535 0.341253 -0.133501
v 0.905535 0.341253 -0.133501
v 0.905535 0.341253 -0.133501
v 0.905535 0.341253 -0.133501
v 0.905535 0.441112 -0.133501
v 0.905535 0.441112 -0.133501
v 0.905535 0.441112 -0.133501
v 0.905535 0.441112 -0.133501
v 1.229355 -0.010369 -0.152617
v 1.229355 -0.010369 -0.152617
v 1.229355 -0.010369 -0.152617
v 1.229355 0.007869 -0.152617
v 1.229355 0.007869 -0.152617
v 1.229355 0.007869 -0.152617
v 1.229355 0.026106 -0.152617
v 1.229355 0.026106 -0.152617
v 1.229355 0.026106 -0.152617
v 1.229355 0.044344 -0.152617
v 1.229355 0.044344 -0.152617
v 1.229355 0.044344 -0.152617
v 1.229355 0.157990 -0.152617
v 1.229355 0.157990 -0.152617
v 1.229355 0.157990 -0.152617
v 1.229355 0.179511 -0.152617
v 1.229355 0.179511 -0.152617
v 1.229355 0.179511 -0.152617
v 1.229355 0.201031 -0.152617
v 1.229355 0.201031 -0.152617
v 1.229355 0.201031 -0.152617
v 1.229355 0.222552 -0.152617
v 1.229355 0.222552 -0.152617
v 1.229355 0.222552 -0.152617
v 1.209975 0.011183 -0.161164
v 1.209975 0.011183 -0.161164
v 1.209975 0.011183 -0.161164
v 1.209975 0.022679 -0.161164
v 1.209975 0.022679 -0.161164
v 1.209975 0.022679 -0.161164
v 1.209975 0.184180 -0.161164
v 1.209975 0.184180 -0.161164
v 1.209975 0.184180 -0.161164
v 1.209975 0.195676 -0.161164
v 1.209975 0.195676 -0.161164
v 1.209975 0.195676 -0.161164
v 0.468530 -0.096576 -0.162226
v 0.468530 -0.096576 -0.162226
v 0.468530 -0.096576 -0.162226
v 0.624070 -0.096576 -0.162226
v 0.624070 -0.096576 -0.162226
v 0.624070 -0.096576 -0.162226
v 0.468530 -0.063088 -0.162226
v 0.624070 -0.063088 -0.162226
v 0.468530 -0.029600 -0.162226
v 0.624070 -0.029600 -0.162226
v 0.468530 0.003888 -0.162226
v 0.468530 0.003888 -0.162226
v 0.468530 0.003888 -0.162226
v 0.624070 0.003888 -0.162226
v 0.624070 0.003888 -0.162226
v 0.624070 0.003888 -0.162226
v 0.468530 0.198446 -0.162226
v 0.468530 0.198446 -0.162226
v 0.468530 0.198446 -0.162226
v 0.624070 0.198446 -0.162226
v 0.624070 0.198446 -0.162226
v 0.624070 0.198446 -0.162226
v 0.468530 0.234597 -0.162226
v 0.624070 0.234597 -0.162226
v 0.468530 0.270747 -0.162226
v 0.624070 0.270747 -0.162226
v 0.468530 0.306898 -0.162226
v 0.468530 0.306898 -0.162226
v 0.468530 0.306898 -0.162226
v 0.624070 0.306898 -0.162226
v 0.624070 0.306898 -0.162226
v 0.624070 0.306898 -0.162226
v -0.636649 -0.010369 -0.175895
v -0.636649 -0.010369 -0.175895
v -0.636649 -0.010369 -0.175895
v -0.636649 0.007869 -0.175895
v -0.636649 0.007869 -0.175895
v -0.636649 0.007869 -0.175895
v -0.636649 0.026106 -0.175895
v -0.636649 0.026106 -0.175895
v -0.636649 0.026106 -0.175895
v -0.636649 0.044344 -0.175895
v -0.636649 0.044344 -0.175895
v -0.636649 0.044344 -0.175895
v -0.636649 0.157990 -0.175895
v -0.636649 0.157990 -0.175895
v -0.636649 0.157990 -0.175895
v -0.636649 0.179511 -0.175895
v -0.636649 0.179511 -0.175895
v -0.636649 0.179511 -0.175895
v -0.636649 0.201031 -0.175895
v -0.636649 0.201031 -0.175895
v -0.636649 0.201031 -0.175895
v -0.636649 0.222552 -0.175895
v -0.636649 0.222552 -0.175895
v -0.636649 0.222552 -0.175895
v -0.618713 0.011183 -0.187897
v -0.618713 0.011183 -0.187897
v -0.618713 0.011183 -0.187897
v -0.618713 0.022679 -0.187897
v -0.618713 0.022679 -0.187897
v -0.618713 0.022679 -0.187897
v -0.618713 0.184180 -0.187897
v -0.618713 0.184180 -0.187897
v -0.618713 0.184180 -0.187897
v -0.618713 0.195676 -0.187897
v -0.618713 0.195676 -0.187897
v -0.618713 0.195676 -0.187897
v 0.469106 0.011183 -0.214630
v 0.469106 0.011183 -0.214630
v 0.469106 0.011183 -0.214630
v 0.469106 0.011183 -0.214630
v 0.623650 0.011183 -0.214630
v 0.623650 0.011183 -0.214630
v 0.623650 0.011183 -0.214630
v 0.623650 0.011183 -0.214630
v 0.469106 0.022679 -0.214630
v 0.469106 0.022679 -0.214630
v 0.469106 0.022679 -0.214630
v 0.469106 0.022679 -0.214630
v 0.623650 0.022679 -0.214630
v 0.623650 0.022679 -0.214630
v 0.623650 0.022679 -0.214630
v 0.623650 0.022679 -0.214630
v 0.469106 0.184180 -0.214630
v 0.469106 0.184180 -0.214630
v 0.469106 0.184180 -0.214630
v 0.469106 0.184180 -0.214630
v 0.623650 0.184180 -0.214630
v 0.623650 0.184180 -0.214630
v 0.623650 0.184180 -0.214630
v 0.623650 0.184180 -0.214630
v 0.469106 0.195676 -0.214630
v 0.469106 0.195676 -0.214630
v 0.469106 0.195676 -0.214630
v 0.469106 0.195676 -0.214630
v 0.623650 0.195676 -0.214630
v 0.623650 0.195676 -0.214630
v 0.623650 0.195676 -0.214630
v 0.623650 0.195676 -0.214630
v 0.468530 -0.010369 -0.214691
v 0.468530 -0.010369 -0.214691
v 0.468530 -0.010369 -0.214691
v 0.468530 -0.010369 -0.214691
v 0.468530 -0.010369 -0.214691
v 0.624070 -0.010369 -0.214691
v 0.624070 -0.010369 -0.214691
v 0.624070 -0.010369 -0.214691
v 0.624070 -0.010369 -0.214691
v 0.624070 -0.010369 -0.214691
v 0.468530 0.007869 -0.214691
v 0.468530 0.007869 -0.214691
v 0.468530 0.007869 -0.214691
v 0.468530 0.007869 -0.214691
v 0.468530 0.007869 -0.214691
v 0.624070 0.007869 -0.214691
v 0.624070 0.007869 -0.214691
v 0.624070 0.007869 -0.214691
v 0.624070 0.007869 -0.214691
v 0.624070 0.007869 -0.214691
v 0.468530 0.026106 -0.214691
v 0.468530 0.026106 -0.214691
v 0.468530 0.026106 -0.214691
v 0.468530 0.026106 -0.214691
v 0.468530 0.026106 -0.214691
v 0.624070 0.026106 -0.214691
v 0.624070 0.026106 -0.214691
v 0.624070 0.026106 -0.214691
v 0.624070 0.026106 -0.214691
v 0.624070 0.026106 -0.214691
v 0.468530 0.044344 -0.214691
v 0.468530 0.044344 -0.214691
v 0.468530 0.044344 -0.214691
v 0.468530 0.044344 -0.214691
v 0.468530 0.044344 -0.214691
v 0.624070 0.044344 -0.214691
v 0.624070 0.044344 -0.214691
v 0.624070 0.044344 -0.214691
v 0.624070 0.044344 -0.214691
v 0.624070 0.044344 -0.214691
v 0.468530 0.157990 -0.214691
v 0.468530 0.157990 -0.214691
v 0.468530 0.157990 -0.214691
v 0.468530 0.157990 -0.214691
v 0.468530 0.157990 -0.214691
v 0.624070 0.157990 -0.214691
v 0.624070 0.157990 -0.214691
v 0.624070 0.157990 -0.214691
v 0.624070 0.157990 -0.214691
v 0.624070 0.157990 -0.214691
v 0.468530 0.179511 -0.214691
v 0.468530 0.179511 -0.214691
v 0.468530 0.179511 -0.214691
v 0.468530 0.179511 -0.214691
v 0.468530 0.179511 -0.214691
v 0.624070 0.179511 -0.214691
v 0.624070 0.179511 -0.214691
v 0.624070 0.179511 -0.214691
v 0.624070 0.179511 -0.214691
v 0.624070 0.179511 -0.214691
v 0.468530 0.201031 -0.214691
v 0.468530 0.201031 -0.214691
v 0.468530 0.201031 -0.214691
v 0.468530 0.201031 -0.214691
v 0.468530 0.201031 -0.214691
v 0.624070 0.201031 -0.214691
v 0.624070 0.201031 -0.214691
v 0.624070 0.201031 -0.214691
v 0.624070 0.201031 -0.214691
v 0.624070 0.201031 -0.214691
v 0.468530 0.222552 -0.214691
v 0.468530 0.222552 -0.214691
v 0.468530 0.222552 -0.214691
v 0.468530 0.222552 -0.214691
v 0.468530 0.222552 -0.214691
v 0.624070 0.222552 -0.214691
v 0.624070 0.222552 -0.214691
v 0.624070 0.222552 -0.214691
v 0.624070 0.222552 -0.214691
v 0.624070 0.222552 -0.214691
v 1.209975 0.021065 -0.262987
v 1.209975 0.021065 -0.262987
v 1.209975 0.021065 -0.262987
v 1.209975 0.028233 -0.262987
v 1.209975 0.028233 -0.262987
v 1.209975 0.028233 -0.262987
v 1.209975 0.180753 -0.262987
v 1.209975 0.180753 -0.262987
v 1.209975 0.180753 -0.262987
v 1.209975 0.187921 -0.262987
v 1.209975 0.187921 -0.262987
v 1.209975 0.187921 -0.262987
v 1.229355 0.008333 -0.271120
v 1.229355 0.008333 -0.271120
v 1.229355 0.008333 -0.271120
v 1.229355 0.019275 -0.271120
v 1.229355 0.019275 -0.271120
v 1.229355 0.019275 -0.271120
v 1.229355 0.030218 -0.271120
v 1.229355 0.030218 -0.271120
v 1.229355 0.030218 -0.271120
v 1.229355 0.041160 -0.271120
v 1.229355 0.041160 -0.271120
v 1.229355 0.041160 -0.271120
v 1.229355 0.163143 -0.271120
v 1.229355 0.163143 -0.271120
v 1.229355 0.163143 -0.271120
v 1.229355 0.176056 -0.271120
v 1.229355 0.176056 -0.271120
v 1.229355 0.176056 -0.271120
v 1.229355 0.188968 -0.271120
v 1.229355 0.188968 -0.271120
v 1.229355 0.188968 -0.271120
v 1.229355 0.201880 -0.271120
v 1.229355 0.201880 -0.271120
v 1.229355 0.201880 -0.271120
v -0.618713 0.021065 -0.289720
v -0.618713 0.021065 -0.289720
v -0.618713 0.021065 -0.289720
v -0.618713 0.028233 -0.289720
v -0.618713 0.028233 -0.289720
v -0.618713 0.028233 -0.289720
v -0.618713 0.180753 -0.289720
v -0.618713 0.180753 -0.289720
v -0.618713 0.180753 -0.289720
v -0.618713 0.187921 -0.289720
v -0.618713 0.187921 -0.289720
v -0.618713 0.187921 -0.289720
v -0.636649 0.008333 -0.294397
v -0.636649 0.008333 -0.294397
v -0.636649 0.008333 -0.294397
v -0.636649 0.019275 -0.294397
v -0.636649 0.019275 -0.294397
v -0.636649 0.019275 -0.294397
v -0.636649 0.030218 -0.294397
v -0.636649 0.030218 -0.294397
v -0.636649 0.030218 -0.294397
v -0.636649 0.041160 -0.294397
v -0.636649 0.041160 -0.294397
v -0.636649 0.041160 -0.294397
v -0.636649 0.163143 -0.294397
v -0.636649 0.163143 -0.294397
v -0.636649 0.163143 -0.294397
v -0.636649 0.176056 -0.294397
v -0.636649 0.176056 -0.294397
v -0.636649 0.176056 -0.294397
v -0.636649 0.188968 -0.294397
v -0.636649 0.188968 -0.294397
v -0.636649 0.188968 -0.294397
v -0.636649 0.201880 -0.294397
v -0.636649 0.201880 -0.294397
v -0.636649 0.201880 -0.294397
v 0.469106 0.180753 -0.316453
v 0.469106 0.180753 -0.316453
v 0.469106 0.180753 -0.316453
v 0.469106 0.180753 -0.316453
v 0.623650 0.180753 -0.316453
v 0.623650 0.180753 -0.316453
v 0.623650 0.180753 -0.316453
v 0.623650 0.180753 -0.316453
v 0.469106 0.187921 -0.316453
v 0.469106 0.187921 -0.316453
v 0.469106 0.187921 -0.316453
v 0.469106 0.187921 -0.316453
v 0.623650 0.187921 -0.316453
v 0.623650 0.187921 -0.316453
v 0.623650 0.187921 -0.316453
v 0.623650 0.187921 -0.316453
v 0.469106 0.021065 -0.316453
v 0.469106 0.021065 -0.316453
v 0.469106 0.021065 -0.316453
v 0.469106 0.021065 -0.316453
v 0.623650 0.021065 -0.316453
v 0.623650 0.021065 -0.316453
v 0.623650 0.021065 -0.316453
v 0.623650 0.021065 -0.316453
v 0.469106 0.028233 -0.316453
v 0.469106 0.028233 -0.316453
v 0.469106 0.028233 -0.316453
v 0.469106 0.028233 -0.316453
v 0.623650 0.028233 -0.316453
v 0.623650 0.028233 -0.316453
v 0.623650 0.028233 -0.316453
v 0.623650 0.028233 -0.316453
v 0.468530 0.008333 -0.333194
v 0.468530 0.008333 -0.333194
v 0.468530 0.008333 -0.333194
v 0.468530 0.008333 -0.333194
v 0.624070 0.008333 -0.333194
v 0.624070 0.008333 -0.333194
v 0.624070 0.008333 -0.333194
v 0.624070 0.008333 -0.333194
v 0.468530 0.019275 -0.333193
v 0.468530 0.019275 -0.333193
v 0.468530 0.019275 -0.333193
v 0.468530 0.019275 -0.333193
v 0.624070 0.019275 -0.333193
v 0.624070 0.019275 -0.333193
v 0.624070 0.019275 -0.333193
v 0.624070 0.019275 -0.333193
v 0.468530 0.030218 -0.333193
v 0.468530 0.030218 -0.333193
v 0.468530 0.030218 -0.333193
v 0.468530 0.030218 -0.333193
v 0.624070 0.030218 -0.333193
v 0.624070 0.030218 -0.333193
v 0.624070 0.030218 -0.333193
v 0.624070 0.030218 -0.333193
v 0.468530 0.041160 -0.333193
v 0.468530 0.041160 -0.333193
v 0.468530 0.041160 -0.333193
v 0.468530 0.041160 -0.333193
v 0.624070 0.041160 -0.333193
v 0.624070 0.041160 -0.333193
v 0.624070 0.041160 -0.333193
v 0.624070 0.041160 -0.333193
v 0.468530 0.163143 -0.333193
v 0.468530 0.163143 -0.333193
v 0.468530 0.163143 -0.333193
v 0.468530 0.163143 -0.333193
v 0.624070 0.163143 -0.333193
v 0.624070 0.163143 -0.333193
v 0.624070 0.163143 -0.333193
v 0.624070 0.163143 -0.333193
v 0.468530 0.176056 -0.333193
v 0.468530 0.176056 -0.333193
v 0.468530 0.176056 -0.333193
v 0.468530 0.176056 -0.333193
v 0.624070 0.176056 -0.333193
v 0.624070 0.176056 -0.333193
v 0.624070 0.176056 -0.333193
v 0.624070 0.176056 -0.333193
v 0.468530 0.188968 -0.333193
v 0.468530 0.188968 -0.333193
v 0.468530 0.188968 -0.333193
v 0.468530 0.188968 -0.333193
v 0.624070 0.188968 -0.333193
v 0.624070 0.188968 -0.333193
v 0.624070 0.188968 -0.333193
v 0.624070 0.188968 -0.333193
v 0.468530 0.201880 -0.333193
v 0.468530 0.201880 -0.333193
v 0.468530 0.201880 -0.333193
v 0.468530 0.201880 -0.333193
v 0.624070 0.201880 -0.333193
v 0.624070 0.201880 -0.333193
v 0.624070 0.201880 -0.333193
v 0.624070 0.201880 -0.333193
vn -0.00438 0.15589 0.98777
vn 0.00000 0.15589 0.98777
vn -0.02807 0.99961 0.00000
vn 0.00000 1.00000 0.00000
vn 0.00000 0.15589 0.98777
vn 0.01598 0.15587 0.98765
vn 0.10202 0.99478 0.00000
vn 0.00000 1.00000 0.00000
vn -0.02807 0.99961 0.00000
vn 0.00000 1.00000 0.00000
vn 0.00000 -0.09581 -0.99540
vn 0.00269 -0.09581 -0.99540
vn 0.10202 0.99478 0.00000
vn 0.00000 1.00000 0.00000
vn -0.00983 -0.09581 -0.99535
vn 0.00000 -0.09581 -0.99540
vn -0.00097 0.03468 0.99940
vn 0.00000 0.03468 0.99940
vn -0.02807 0.99961 0.00000
vn 0.00000 1.00000 0.00000
vn 0.00000 0.03468 0.99940
vn 0.00356 0.03468 0.99939
vn 0.10202 0.99478 0.00000
vn 0.00000 1.00000 0.00000
vn -0.02807 0.99961 0.00000
vn 0.00000 1.00000 0.00000
vn -0.00075 0.02685 -0.99964
vn 0.00000 0.02685 -0.99964
vn 0.10202 0.99478 0.00000
vn 0.00000 1.00000 0.00000
vn 0.00000 0.02685 -0.99964
vn 0.00275 0.02685 -0.99964
vn -0.00122 0.04344 0.99906
vn 0.00000 0.04344 0.99906
vn -0.02807 0.99961 0.00000
vn 0.00000 1.00000 0.00000
vn 0.00000 0.04344 0.99906
vn 0.00446 0.04344 0.99905
vn 0.10202 0.99478 0.00000
vn 0.00000 1.00000 0.00000
vn -0.02807 0.99961 0.00000
vn 0.00000 1.00000 0.00000
vn -0.00082 0.02914 -0.99957
vn 0.00000 0.02914 -0.99958
vn 0.10202 0.99478 0.00000
vn 0.00000 1.00000 0.00000
vn 0.00000 0.02914 -0.99958
vn 0.00299 0.02914 -0.99957
vn 0.00000 -0.10127 0.99486
vn 0.00284 -0.10127 0.99485
vn -0.02807 0.99961 0.00000
vn 0.00000 1.00000 0.00000
vn 0.00000 -0.10127 0.99486
vn -0.01039 -0.10127 0.99480
vn 0.10202 0.99478 0.00000
vn 0.00000 1.00000 0.00000
vn -0.02807 0.99961 0.00000
vn 0.00000 1.00000 0.00000
vn -0.00483 0.17184 -0.98511
vn 0.00000 0.17184 -0.98512
vn 0.10202 0.99478 0.00000
vn 0.00000 1.00000 0.00000
vn 0.01762 0.17182 -0.98497
vn 0.00000 0.17184 -0.98512
vn -0.00237 0.09660 0.99532
vn 0.00000 0.09660 0.99532
vn -0.02457 0.99970 0.00000
vn 0.00000 1.00000 0.00000
vn 0.00000 0.09660 0.99532
vn 0.00881 0.09660 0.99528
vn 0.09081 0.99587 0.00000
vn 0.00000 1.00000 0.00000
vn -0.02457 0.99970 0.00000
vn 0.00000 1.00000 0.00000
vn 0.00000 -0.05447 -0.99852
vn 0.00134 -0.05447 -0.99851
vn 0.09081 0.99587 0.00000
vn 0.00000 1.00000 0.00000
vn -0.00497 -0.05447 -0.99850
vn 0.00000 -0.05447 -0.99852
vn 0.00000 -0.03364 0.99943
vn 0.00083 -0.03364 0.99943
vn -0.02457 0.99970 0.00000
vn 0.00000 1.00000 0.00000
vn -0.00307 -0.03364 0.99943
vn 0.00000 -0.03364 0.99943
vn 0.09081 0.99587 0.00000
vn 0.00000 1.00000 0.00000
vn -0.02457 0.99970 0.00000
vn 0.00000 1.00000 0.00000
vn -0.00187 0.07594 -0.99711
vn 0.00000 0.07594 -0.99711
vn 0.09081 0.99587 0.00000
vn 0.00000 1.00000 0.00000
vn 0.00000 0.07594 -0.99711
vn 0.00692 0.07594 -0.99709
vn -0.00438 0.15589 0.98777
vn -1.00000 -0.00000 0.00000
vn -0.02807 0.99961 0.00000
vn -1.00000 -0.00000 0.00000
vn -0.02807 0.99961 0.00000
vn 0.00269 -0.09581 -0.99540
vn -0.00097 0.03468 0.99940
vn -1.00000 0.00000 0.00000
vn -0.02807 0.99961 0.00000
vn -1.00000 0.00000 0.00000
vn -0.02807 0.99961 0.00000
vn -0.00075 0.02685 -0.99964
vn -0.00122 0.04344 0.99906
vn -1.00000 -0.00000 0.00000
vn -0.02807 0.99961 0.00000
vn -1.00000 -0.00000 0.00000
vn -0.02807 0.99961 0.00000
vn -0.00082 0.02914 -0.99957
vn 0.00284 -0.10127 0.99485
vn -1.00000 0.00000 0.00000
vn -0.02807 0.99961 0.00000
vn -1.00000 0.00000 0.00000
vn -0.02807 0.99961 0.00000
vn -0.00483 0.17184 -0.98511
vn -0.00237 0.09660 0.99532
vn -1.00000 0.00000 0.00000
vn -0.02457 0.99970 0.00000
vn -1.00000 0.00000 0.00000
vn -0.02457 0.99970 0.00000
vn 0.00134 -0.05447 -0.99851
vn 0.00083 -0.03364 0.99943
vn -1.00000 0.00000 0.00000
vn -0.02457 0.99970 0.00000
vn -1.00000 0.00000 0.00000
vn -0.02457 0.99970 0.00000
vn -0.00187 0.07594 -0.99711
vn 0.01598 0.15587 0.98765
vn 1.00000 0.00000 0.00000
vn 0.10202 0.99478 0.00000
vn 1.00000 0.00000 0.00000
vn 0.10202 0.99478 0.00000
vn -0.00983 -0.09581 -0.99535
vn 0.00356 0.03468 0.99939
vn 1.00000 0.00000 0.00000
vn 0.10202 0.99478 0.00000
vn 1.00000 0.00000 0.00000
vn 0.10202 0.99478 0.00000
vn 0.00275 0.02685 -0.99964
vn 0.00446 0.04344 0.99905
vn 1.00000 0.00000 0.00000
vn 0.10202 0.99478 0.00000
vn 1.00000 0.00000 0.00000
vn 0.10202 0.99478 0.00000
vn 0.00299 0.02914 -0.99957
vn -0.01039 -0.10127 0.99480
vn 1.00000 0.00000 0.00000
vn 0.10202 0.99478 0.00000
vn 1.00000 0.00000 0.00000
vn 0.10202 0.99478 0.00000
vn 0.01762 0.17182 -0.98497
vn 0.00881 0.09660 0.99528
vn 1.00000 0.00000 0.00000
vn 0.09081 0.99587 0.00000
vn 1.00000 0.00000 0.00000
vn 0.09081 0.99587 0.00000
vn -0.00497 -0.05447 -0.99850
vn -0.00307 -0.03364 0.99943
vn 1.00000 0.00000 0.00000
vn 0.09081 0.99587 0.00000
vn 1.00000 0.00000 0.00000
vn 0.09081 0.99587 0.00000
vn 0.00692 0.07594 -0.99709
vn -0.00237 0.09660 0.99532
vn 0.00000 0.09660 0.99532
vn 0.00000 -1.00000 0.00000
vn 0.02457 -0.99970 0.00000
vn 0.00000 0.09660 0.99532
vn 0.00881 0.09660 0.99528
vn 0.00000 -1.00000 0.00000
vn -0.09081 -0.99587 0.00000
vn 0.00000 -1.00000 0.00000
vn 0.02457 -0.99970 0.00000
vn 0.00000 -0.05447 -0.99852
vn 0.00134 -0.05447 -0.99851
vn 0.00000 -1.00000 0.00000
vn -0.09081 -0.99587 0.00000
vn -0.00497 -0.05447 -0.99850
vn 0.00000 -0.05447 -0.99852
vn 0.00000 -0.03364 0.99943
vn 0.00083 -0.03364 0.99943
vn 0.00000 -1.00000 0.00000
vn 0.02457 -0.99970 0.00000
vn -0.00307 -0.03364 0.99943
vn 0.00000 -0.03364 0.99943
vn 0.00000 -1.00000 0.00000
vn -0.09081 -0.99587 0.00000
vn 0.00000 -1.00000 0.00000
vn 0.02457 -0.99970 0.00000
vn -0.00187 0.07594 -0.99711
vn 0.00000 0.07594 -0.99711
vn 0.00000 -1.00000 0.00000
vn -0.09081 -0.99587 0.00000
vn 0.00000 0.07594 -0.99711
vn 0.00692 0.07594 -0.99709
vn -0.00438 0.15589 0.98777
vn 0.00000 0.15589 0.98777
vn 0.00000 0.85424 0.51988
vn 0.02807 -0.99961 0.00000
vn -1.00000 0.00000 0.00000
vn 0.00000 0.15589 0.98777
vn 0.01598 0.15587 0.98765
vn 0.00000 0.85424 0.51988
vn -0.10202 -0.99478 0.00000
vn 1.00000 0.00000 0.00000
vn 0.02807 -0.99961 0.00000
vn -1.00000 0.00000 0.00000
vn 0.00000 1.00000 0.00000
vn 0.00000 -0.09581 -0.99540
vn 0.00269 -0.09581 -0.99540
vn -0.10202 -0.99478 0.00000
vn 1.00000 0.00000 0.00000
vn 0.00000 1.00000 0.00000
vn -0.00983 -0.09581 -0.99535
vn 0.00000 -0.09581 -0.99540
vn -0.00097 0.03468 0.99940
vn 0.00000 0.03468 0.99940
vn 0.02807 -0.99961 0.00000
vn -1.00000 0.00000 0.00000
vn 0.00000 1.00000 0.00000
vn 0.00000 0.03468 0.99940
vn 0.00356 0.03468 0.99939
vn -0.10202 -0.99478 0.00000
vn 1.00000 0.00000 0.00000
vn 0.00000 1.00000 0.00000
vn 0.02807 -0.99961 0.00000
vn -1.00000 0.00000 0.00000
vn 0.00000 -0.61064 -0.79191
vn -0.00075 0.02685 -0.99964
vn 0.00000 0.02685 -0.99964
vn -0.10202 -0.99478 0.00000
vn 1.00000 0.00000 0.00000
vn 0.00000 -0.61064 -0.79191
vn 0.00000 0.02685 -0.99964
vn 0.00275 0.02685 -0.99964
vn -0.00122 0.04344 0.99906
vn 0.00000 0.04344 0.99906
vn 0.00000 -0.61064 0.79191
vn 0.02807 -0.99961 0.00000
vn -1.00000 0.00000 0.00000
vn 0.00000 0.04344 0.99906
vn 0.00446 0.04344 0.99905
vn 0.00000 -0.61064 0.79191
vn -0.10202 -0.99478 0.00000
vn 1.00000 0.00000 0.00000
vn 0.02807 -0.99961 0.00000
vn -1.00000 0.00000 0.00000
vn 0.00000 1.00000 0.00000
vn -0.00082 0.02914 -0.99957
vn 0.00000 0.02914 -0.99958
vn -0.10202 -0.99478 0.00000
vn 1.00000 0.00000 0.00000
vn 0.00000 1.00000 0.00000
vn 0.00000 0.02914 -0.99958
vn 0.00299 0.02914 -0.99957
vn 0.00000 -0.10127 0.99486
vn 0.00284 -0.10127 0.99485
vn 0.02807 -0.99961 0.00000
vn -1.00000 0.00000 0.00000
vn 0.00000 1.00000 0.00000
vn 0.00000 -0.10127 0.99486
vn -0.01039 -0.10127 0.99480
vn -0.10202 -0.99478 0.00000
vn 1.00000 0.00000 0.00000
vn 0.00000 1.00000 0.00000
vn 0.02807 -0.99961 0.00000
vn -1.00000 0.00000 0.00000
vn 0.00000 0.84913 -0.52818
vn -0.00483 0.17184 -0.98511
vn 0.00000 0.17184 -0.98512
vn -0.10202 -0.99478 0.00000
vn 1.00000 0.00000 0.00000
vn 0.00000 0.84913 -0.52818
vn 0.01762 0.17182 -0.98497
vn 0.00000 0.17184 -0.98512
vn -0.00237 0.09660 0.99532
vn 0.02457 -0.99970 0.00000
vn -1.00000 0.00000 0.00000
vn 0.02457 -0.99970 0.00000
vn -1.00000 0.00000 0.00000
vn 0.00134 -0.05447 -0.99851
vn 0.00083 -0.03364 0.99943
vn 0.02457 -0.99970 0.00000
vn -1.00000 0.00000 0.00000
vn 0.02457 -0.99970 0.00000
vn -1.00000 0.00000 0.00000
vn -0.00187 0.07594 -0.99711
vn -0.00438 0.15589 0.98777
vn 0.02807 -0.99961 0.00000
vn -1.00000 -0.00000 0.00000
vn 0.02807 -0.99961 0.00000
vn -1.00000 -0.00000 0.00000
vn 0.00269 -0.09581 -0.99540
vn -0.00097 0.03468 0.99940
vn 0.02807 -0.99961 0.00000
vn -1.00000 0.00000 0.00000
vn 0.02807 -0.99961 0.00000
vn -1.00000 0.00000 0.00000
vn -0.00075 0.02685 -0.99964
vn -0.00122 0.04344 0.99906
vn 0.02807 -0.99961 0.00000
vn -1.00000 -0.00000 0.00000
vn 0.02807 -0.99961 0.00000
vn -1.00000 -0.00000 0.00000
vn -0.00082 0.02914 -0.99957
vn 0.00284 -0.10127 0.99485
vn 0.02807 -0.99961 0.00000
vn -1.00000 0.00000 0.00000
vn 0.02807 -0.99961 0.00000
vn -1.00000 0.00000 0.00000
vn -0.00483 0.17184 -0.98511
vn 0.00000 0.00000 1.00000
vn 0.00000 0.85424 0.51988
vn -1.00000 0.00000 0.00000
vn 0.00000 0.00000 1.00000
vn 0.00000 0.85424 0.51988
vn 1.00000 0.00000 0.00000
vn -1.00000 0.00000 0.00000
vn 1.00000 0.00000 0.00000
vn -1.00000 0.00000 0.00000
vn 1.00000 0.00000 0.00000
vn -1.00000 0.00000 0.00000
vn 0.00000 -0.61064 -0.79191
vn 0.00000 0.00000 -1.00000
vn 1.00000 0.00000 0.00000
vn 0.00000 -0.61064 -0.79191
vn 0.00000 0.00000 -1.00000
vn 0.00000 0.00000 1.00000
vn 0.00000 -0.61064 0.79191
vn -1.00000 0.00000 0.00000
vn 0.00000 0.00000 1.00000
vn 0.00000 -0.61064 0.79191
vn 1.00000 0.00000 0.00000
vn -1.00000 0.00000 0.00000
vn 1.00000 0.00000 0.00000
vn -1.00000 0.00000 0.00000
vn 1.00000 0.00000 0.00000
vn -1.00000 0.00000 0.00000
vn 0.00000 0.84913 -0.52818
vn 0.00000 0.00000 -1.00000
vn 1.00000 0.00000 0.00000
vn 0.00000 0.84913 -0.52818
vn 0.00000 0.00000 -1.00000
vn 0.00881 0.09660 0.99528
vn -0.09081 -0.99587 0.00000
vn 1.00000 0.00000 0.00000
vn -0.09081 -0.99587 0.00000
vn 1.00000 0.00000 0.00000
vn -0.00497 -0.05447 -0.99850
vn -0.00307 -0.03364 0.99943
vn -0.09081 -0.99587 0.00000
vn 1.00000 0.00000 0.00000
vn -0.09081 -0.99587 0.00000
vn 1.00000 0.00000 0.00000
vn 0.00692 0.07594 -0.99709
vn 0.01598 0.15587 0.98765
vn -0.10202 -0.99478 0.00000
vn 1.00000 0.00000 0.00000
vn -0.10202 -0.99478 0.00000
vn 1.00000 0.00000 0.00000
vn -0.00983 -0.09581 -0.99535
vn 0.00356 0.03468 0.99939
vn -0.10202 -0.99478 0.00000
vn 1.00000 0.00000 0.00000
vn -0.10202 -0.99478 0.00000
vn 1.00000 0.00000 0.00000
vn 0.00275 0.02685 -0.99964
vn 0.00446 0.04344 0.99905
vn -0.10202 -0.99478 0.00000
vn 1.00000 0.00000 0.00000
vn -0.10202 -0.99478 0.00000
vn 1.00000 0.00000 0.00000
vn 0.00299 0.02914 -0.99957
vn -0.01039 -0.10127 0.99480
vn -0.10202 -0.99478 0.00000
vn 1.00000 0.00000 0.00000
vn -0.10202 -0.99478 0.00000
vn 1.00000 0.00000 0.00000
vn 0.01762 0.17182 -0.98497
vn -0.07010 0.62415 0.77815
vn 0.42240 0.47754 0.77042
vn 0.66104 0.75035 0.00000
vn -0.11415 0.99346 0.00000
vn 0.66104 0.75035 0.00000
vn -0.11415 0.99346 0.00000
vn 0.25938 0.29415 -0.91989
vn -0.08947 0.30500 -0.94814
vn 0.00000 0.00000 1.00000
vn -0.07010 0.62415 0.77815
vn 0.42240 0.47754 0.77042
vn 0.00000 0.00000 1.00000
vn -1.00000 0.00000 0.00000
vn 0.00000 0.00000 1.00000
vn 1.00000 0.00000 0.00000
vn -1.00000 0.00000 0.00000
vn 1.00000 0.00000 0.00000
vn -1.00000 0.00000 0.00000
vn 1.00000 0.00000 0.00000
vn -1.00000 0.00000 0.00000
vn 0.00000 1.00000 0.00000
vn 0.00000 0.00000 -1.00000
vn 1.00000 0.00000 0.00000
vn 0.00000 1.00000 0.00000
vn 0.00000 0.00000 -1.00000
vn 0.00000 0.00000 1.00000
vn -1.00000 0.00000 0.00000
vn 0.00000 1.00000 0.00000
vn 0.00000 0.00000 1.00000
vn 1.00000 0.00000 0.00000
vn 0.00000 1.00000 0.00000
vn -1.00000 0.00000 0.00000
vn 1.00000 0.00000 0.00000
vn -1.00000 0.00000 0.00000
vn 1.00000 0.00000 0.00000
vn -1.00000 0.00000 0.00000
vn 0.00000 0.00000 -1.00000
vn 1.00000 0.00000 0.00000
vn 0.00000 0.00000 -1.00000
vn 0.14308 0.98813 0.05588
vn -0.99939 -0.03482 0.00000
vn -0.99928 -0.03758 -0.00423
vn -0.99928 -0.03758 0.00423
vn -0.99939 -0.03482 0.00000
vn 0.14308 0.98813 -0.05588
vn 0.14420 0.96476 0.22011
vn -0.99928 -0.03758 -0.00423
vn -0.99804 -0.05905 -0.02066
vn -0.99804 -0.05904 0.02066
vn -0.99928 -0.03758 0.00423
vn 0.14420 0.96476 -0.22011
vn 0.14171 0.89252 0.42816
vn -0.99804 -0.05905 -0.02066
vn -0.99434 -0.08993 -0.05651
vn -0.99434 -0.08993 0.05651
vn -0.99804 -0.05904 0.02066
vn 0.14171 0.89252 -0.42816
vn 0.13493 0.77644 0.61558
vn -0.99434 -0.08993 -0.05651
vn -0.98989 -0.10029 -0.10029
vn -0.98989 -0.10029 0.10029
vn -0.99434 -0.08993 0.05651
vn 0.13493 0.77644 -0.61558
vn -0.24691 -0.96904 0.00000
vn -0.99939 -0.03482 0.00000
vn 0.98500 -0.17145 -0.01924
vn -0.24572 -0.96325 -0.10853
vn -0.24571 -0.96325 0.10853
vn 0.98523 -0.17014 0.01924
vn -0.24691 -0.96904 0.00000
vn -0.99939 -0.03482 0.00000
vn -0.99999 -0.00334 -0.00117
vn 0.98500 -0.17145 -0.01924
vn -0.24572 -0.96325 -0.10853
vn -0.23961 -0.91639 -0.32066
vn -0.23961 -0.91639 0.32066
vn -0.24571 -0.96325 0.10853
vn 0.98523 -0.17014 0.01924
vn -0.99999 -0.00336 0.00117
vn -0.99939 -0.03482 0.00000
vn -0.99928 -0.03758 -0.00423
vn -0.99804 -0.05905 -0.02066
vn -0.99943 0.00000 -0.03367
vn -0.99921 -0.00444 -0.03939
vn -0.99434 -0.08993 -0.05651
vn -0.99782 -0.02182 -0.06235
vn -0.99378 -0.05923 -0.09426
vn -0.98989 -0.10029 -0.10029
vn -0.98989 -0.10029 0.10029
vn -0.99378 -0.05923 0.09426
vn -0.99782 -0.02182 0.06235
vn -0.99434 -0.08993 0.05651
vn -0.99921 -0.00444 0.03939
vn -0.99943 0.00000 0.03366
vn -0.99804 -0.05904 0.02066
vn -0.99928 -0.03758 0.00423
vn -0.99939 -0.03482 0.00000
vn -0.99999 -0.00334 -0.00117
vn -1.00000 -0.00186 -0.00116
vn -0.23961 -0.91639 -0.32066
vn -0.22708 -0.82460 -0.51813
vn -0.22708 -0.82460 0.51813
vn -0.23961 -0.91639 0.32066
vn -0.99999 -0.00336 0.00117
vn -1.00000 -0.00185 0.00116
vn 0.12414 0.62181 0.77327
vn -0.99378 -0.05923 -0.09426
vn -0.98989 -0.10029 -0.10029
vn -0.98989 -0.10029 0.10029
vn -0.99378 -0.05923 0.09426
vn 0.12414 0.62181 -0.77327
vn -0.99939 -0.03482 0.00000
vn -0.99999 -0.00334 -0.00117
vn -1.00000 -0.00186 -0.00116
vn -1.00000 -0.00138 -0.00138
vn -1.00000 -0.00120 -0.00191
vn -0.99999 -0.00129 -0.00367
vn 0.98500 -0.17145 -0.01924
vn 0.99970 -0.00276 -0.02449
vn -0.99943 0.00000 -0.03367
vn -0.99943 0.00000 0.03366
vn 0.99970 -0.00276 0.02449
vn 0.98523 -0.17014 0.01924
vn -0.99999 -0.00128 0.00367
vn -1.00000 -0.00120 0.00191
vn -1.00000 -0.00138 0.00138
vn -0.99999 -0.00336 0.00117
vn -1.00000 -0.00185 0.00116
vn -0.99939 -0.03482 0.00000
vn -0.24691 -0.96904 0.00000
vn -1.00000 -0.00000 0.00000
vn -0.24572 -0.96325 -0.10853
vn -0.24571 -0.96325 0.10853
vn -0.24691 -0.96904 0.00000
vn -1.00000 -0.00000 0.00000
vn -1.00000 -0.00186 -0.00116
vn -1.00000 -0.00138 -0.00138
vn -0.22708 -0.82460 -0.51813
vn -0.20860 -0.69155 -0.69155
vn -0.20860 -0.69155 0.69155
vn -0.22708 -0.82460 0.51813
vn -1.00000 -0.00138 0.00138
vn -1.00000 -0.00185 0.00116
vn -1.00000 -0.00000 0.00000
vn -0.24572 -0.96325 -0.10853
vn -0.23961 -0.91639 -0.32066
vn -0.23961 -0.91639 0.32066
vn -0.24571 -0.96325 0.10853
vn -1.00000 -0.00000 0.00000
vn 0.10982 0.43580 0.89332
vn -0.99782 -0.02182 -0.06235
vn -0.99378 -0.05923 -0.09426
vn -0.99378 -0.05923 0.09426
vn -0.99782 -0.02182 0.06235
vn 0.10982 0.43580 -0.89332
vn -1.00000 -0.00000 0.00000
vn -0.23961 -0.91639 -0.32066
vn -0.22708 -0.82460 -0.51813
vn -0.22708 -0.82460 0.51813
vn -0.23961 -0.91639 0.32066
vn -1.00000 -0.00000 0.00000
vn -1.00000 -0.00138 -0.00138
vn -1.00000 -0.00120 -0.00191
vn -0.20860 -0.69155 -0.69155
vn -0.18492 -0.52286 -0.83212
vn -0.18492 -0.52286 0.83212
vn -0.20860 -0.69155 0.69155
vn -1.00000 -0.00120 0.00191
vn -1.00000 -0.00138 0.00138
vn 0.14307 0.98818 0.05511
vn 0.99725 0.07360 0.00829
vn 0.99978 0.02105 0.00000
vn 0.99978 0.02105 0.00000
vn 0.99725 0.07360 -0.00829
vn 0.14307 0.98818 -0.05511
vn -1.00000 -0.00000 0.00000
vn -0.22708 -0.82460 -0.51813
vn -0.20860 -0.69155 -0.69155
vn -0.20860 -0.69155 0.69155
vn -0.22708 -0.82460 0.51813
vn -1.00000 -0.00000 0.00000
vn 0.14420 0.96472 0.22029
vn 0.99533 0.09114 0.03189
vn 0.99725 0.07360 0.00829
vn 0.99725 0.07360 -0.00829
vn 0.99533 0.09114 -0.03189
vn 0.14420 0.96472 -0.22029
vn -0.07010 0.62415 0.77815
vn -0.65585 0.00000 0.75489
vn -1.00000 0.00000 0.00000
vn -0.11415 0.99346 0.00000
vn -1.00000 0.00000 0.00000
vn -0.11415 0.99346 0.00000
vn -0.08947 0.30500 -0.94814
vn 0.14165 0.89122 0.43089
vn 0.99254 0.10320 0.06485
vn 0.99533 0.09114 0.03189
vn 0.99533 0.09114 -0.03189
vn 0.99254 0.10320 -0.06485
vn 0.14165 0.89122 -0.43089
vn 0.09265 0.22723 0.96942
vn -0.99921 -0.00444 -0.03939
vn -0.99782 -0.02182 -0.06235
vn -0.99782 -0.02182 0.06235
vn -0.99921 -0.00444 0.03939
vn 0.09265 0.22723 -0.96942
vn -1.00000 -0.00000 0.00000
vn -0.20860 -0.69155 -0.69155
vn -0.18492 -0.52286 -0.83212
vn -0.18492 -0.52286 0.83212
vn -0.20860 -0.69155 0.69155
vn -1.00000 -0.00000 0.00000
vn 0.13470 0.77289 0.62008
vn 0.99017 0.09892 0.09892
vn 0.99254 0.10320 0.06485
vn 0.99254 0.10320 -0.06485
vn 0.99017 0.09892 -0.09892
vn 0.13470 0.77289 -0.62008
vn 0.00000 0.00000 1.00000
vn -0.07010 0.62415 0.77815
vn -0.65585 0.00000 0.75489
vn -1.00000 -0.00120 -0.00191
vn -0.99999 -0.00129 -0.00367
vn -0.18492 -0.52286 -0.83212
vn -0.15706 -0.32618 -0.93217
vn -0.15706 -0.32618 0.93217
vn -0.18492 -0.52286 0.83212
vn -0.99999 -0.00128 0.00367
vn -1.00000 -0.00120 0.00191
vn 0.00000 0.99371 0.11197
vn 0.99978 0.02105 0.00000
vn 0.00000 1.00000 0.00000
vn -0.98253 -0.18494 -0.02084
vn 0.00000 0.99371 0.11197
vn 1.00000 -0.00000 0.00000
vn 0.00000 1.00000 0.00000
vn -0.98253 -0.18494 0.02084
vn 0.99978 0.02105 0.00000
vn 0.00000 1.00000 0.00000
vn 0.00000 0.99371 -0.11197
vn 1.00000 -0.00000 0.00000
vn 0.00000 1.00000 0.00000
vn 0.00000 0.99371 -0.11197
vn 0.00000 0.94388 0.33028
vn 0.00000 0.99371 0.11197
vn -0.98253 -0.18494 -0.02084
vn -0.48913 -0.82327 -0.28807
vn 0.00000 0.94388 0.33028
vn 0.00000 0.99371 0.11197
vn 1.00000 -0.00000 0.00000
vn -0.48912 -0.82327 0.28807
vn -0.98253 -0.18494 0.02084
vn 0.00000 0.99371 -0.11197
vn 0.00000 0.94388 -0.33028
vn 1.00000 -0.00000 0.00000
vn 0.00000 0.99371 -0.11197
vn 0.00000 0.94388 -0.33028
vn 0.12367 0.61546 0.77840
vn 0.99040 0.07355 0.11705
vn 0.99017 0.09892 0.09892
vn 0.99017 0.09892 -0.09892
vn 0.99040 0.07355 -0.11705
vn 0.12367 0.61546 -0.77840
vn 0.00000 0.84672 0.53203
vn 0.00000 0.94388 0.33028
vn 0.93683 -0.29616 -0.18609
vn -0.48913 -0.82327 -0.28807
vn 0.00000 0.84672 0.53203
vn 0.00000 0.94388 0.33028
vn 1.00000 -0.00000 0.00000
vn -0.48912 -0.82327 0.28807
vn 0.93683 -0.29616 0.18609
vn 0.00000 0.94388 -0.33028
vn 0.00000 0.84672 -0.53203
vn 1.00000 -0.00000 0.00000
vn 0.00000 0.94388 -0.33028
vn 0.00000 0.84672 -0.53203
vn 0.07800 0.05891 0.99521
vn -0.99943 0.00000 -0.03367
vn -0.99921 -0.00444 -0.03939
vn -0.99921 -0.00444 0.03939
vn -0.99943 0.00000 0.03366
vn 0.07800 0.05891 -0.99521
vn -1.00000 -0.00000 0.00000
vn -0.18492 -0.52286 -0.83212
vn -0.15706 -0.32618 -0.93217
vn -0.15706 -0.32618 0.93217
vn -0.18492 -0.52286 0.83212
vn -1.00000 -0.00000 0.00000
vn 0.99040 0.07355 0.11705
vn 0.99299 0.03905 0.11158
vn 0.99017 0.09892 0.09892
vn 0.99568 0.01040 0.09229
vn 0.99254 0.10320 0.06485
vn 0.99533 0.09114 0.03189
vn 0.99994 0.00000 0.01051
vn 0.99725 0.07360 0.00829
vn 0.99978 0.02105 0.00000
vn 0.99978 0.02105 0.00000
vn 0.99725 0.07360 -0.00829
vn 0.99994 0.00000 -0.01051
vn 0.99533 0.09114 -0.03189
vn 0.99254 0.10320 -0.06485
vn 0.99568 0.01040 -0.09229
vn 0.99017 0.09892 -0.09892
vn 0.99299 0.03905 -0.11158
vn 0.99040 0.07355 -0.11705
vn -0.00000 -0.00000 1.00000
vn -0.50000 0.86602 -0.00357
vn 0.50000 0.86602 -0.00357
vn -0.12635 -0.11107 0.98575
vn -0.15706 -0.32618 0.93217
vn 0.99970 -0.00276 0.02449
vn -0.99999 -0.00128 0.00367
vn -0.99999 -0.00129 -0.00367
vn 0.99970 -0.00276 -0.02449
vn -0.15706 -0.32618 -0.93217
vn -0.12635 -0.11107 -0.98575
vn 0.00000 0.70711 0.70711
vn 0.00000 0.84672 0.53203
vn 0.97373 -0.16103 -0.16103
vn 0.93683 -0.29616 -0.18609
vn 0.00000 0.70711 0.70711
vn 0.00000 0.84672 0.53203
vn 1.00000 -0.00000 0.00000
vn 0.93683 -0.29616 0.18609
vn 0.97373 -0.16103 0.16103
vn 0.00000 0.84672 -0.53203
vn 0.00000 0.70711 -0.70711
vn 1.00000 -0.00000 0.00000
vn 0.00000 0.84672 -0.53203
vn 0.00000 0.70711 -0.70711
vn 0.42240 0.47754 0.77042
vn 0.68835 0.00000 0.72538
vn 1.00000 0.00000 0.00000
vn 0.66104 0.75035 0.00000
vn 1.00000 0.00000 0.00000
vn 0.66104 0.75035 0.00000
vn 0.25938 0.29415 -0.91989
vn 0.10909 0.42664 0.89782
vn 0.99040 0.07355 0.11705
vn 0.99299 0.03905 0.11158
vn 0.99299 0.03905 -0.11158
vn 0.99040 0.07355 -0.11705
vn 0.10909 0.42664 -0.89782
vn 0.99994 0.00000 0.01051
vn 0.99978 0.02105 0.00000
vn -0.98253 -0.18494 -0.02084
vn 0.97373 -0.16103 -0.16103
vn 0.93683 -0.29616 -0.18609
vn 0.97219 -0.12459 -0.19828
vn -0.48913 -0.82327 -0.28807
vn 0.91780 -0.13113 -0.37476
vn -0.75507 -0.07341 -0.65152
vn -0.75507 -0.07341 0.65152
vn 0.91780 -0.13113 0.37476
vn -0.48912 -0.82327 0.28807
vn 0.97219 -0.12459 0.19828
vn 0.93683 -0.29616 0.18609
vn 0.97373 -0.16103 0.16103
vn -0.98253 -0.18494 0.02084
vn 0.99978 0.02105 0.00000
vn 0.99994 0.00000 -0.01051
vn 0.00000 0.00000 1.00000
vn 0.42240 0.47754 0.77042
vn 0.68835 0.00000 0.72538
vn 0.00000 0.53203 0.84672
vn 0.00000 0.70711 0.70711
vn 0.97373 -0.16103 -0.16103
vn 0.97219 -0.12459 -0.19828
vn 0.00000 0.53203 0.84672
vn 0.00000 0.70711 0.70711
vn 1.00000 -0.00000 0.00000
vn 0.97219 -0.12459 0.19828
vn 0.97373 -0.16103 0.16103
vn 0.00000 0.70711 -0.70711
vn 0.00000 0.53203 -0.84672
vn 1.00000 -0.00000 0.00000
vn 0.00000 0.70711 -0.70711
vn 0.00000 0.53203 -0.84672
vn -1.00000 -0.00000 0.00000
vn -0.15706 -0.32618 -0.93217
vn -0.12635 -0.11107 -0.98575
vn -0.12635 -0.11107 0.98575
vn -0.15706 -0.32618 0.93217
vn -1.00000 -0.00000 0.00000
vn 0.00000 -1.00000 0.00000
vn 1.00000 0.00000 0.00000
vn 0.00000 0.00000 -1.00000
vn 0.00000 -1.00000 0.00000
vn 1.00000 0.00000 0.00000
vn 0.00000 0.00000 -1.00000
vn 0.00000 -0.28452 0.95867
vn 0.00000 -1.00000 0.00000
vn 1.00000 0.00000 0.00000
vn 0.00000 -0.28452 0.95867
vn 0.00000 -1.00000 0.00000
vn 1.00000 0.00000 0.00000
vn 0.09168 0.21580 0.97212
vn 0.99299 0.03905 0.11158
vn 0.99568 0.01040 0.09229
vn 0.99568 0.01040 -0.09229
vn 0.99299 0.03905 -0.11158
vn 0.09168 0.21580 -0.97212
vn -0.50000 0.86602 -0.00357
vn 0.50000 0.86602 -0.00357
vn 0.00000 -0.00000 -1.00000
vn 0.99970 -0.00276 -0.02449
vn -0.99943 0.00000 -0.03367
vn -0.12635 -0.11107 -0.98575
vn -0.11107 0.00000 -0.99381
vn -0.11107 0.00000 0.99381
vn -0.12635 -0.11107 0.98575
vn -0.99943 0.00000 0.03366
vn 0.99970 -0.00276 0.02449
vn 0.00000 0.33028 0.94388
vn 0.00000 0.53203 0.84672
vn 0.97219 -0.12459 -0.19828
vn 0.91780 -0.13113 -0.37476
vn 0.00000 0.33028 0.94388
vn 0.00000 0.53203 0.84672
vn 1.00000 -0.00000 0.00000
vn 0.91780 -0.13113 0.37476
vn 0.97219 -0.12459 0.19828
vn 0.00000 0.53203 -0.84672
vn 0.00000 0.33028 -0.94388
vn 1.00000 -0.00000 0.00000
vn 0.00000 0.53203 -0.84672
vn 0.00000 0.33028 -0.94388
vn 1.00000 0.00000 0.00000
vn -0.06934 0.99759 -0.00000
vn -1.00000 -0.00000 0.00000
vn -0.12635 -0.11107 -0.98575
vn -0.11107 0.00000 -0.99381
vn -0.11107 0.00000 0.99381
vn -0.12635 -0.11107 0.98575
vn -1.00000 -0.00000 0.00000
vn 0.07749 0.05287 0.99559
vn 0.99568 0.01040 0.09229
vn 0.99994 0.00000 0.01051
vn 0.99994 0.00000 -0.01051
vn 0.99568 0.01040 -0.09229
vn 0.07749 0.05287 -0.99559
vn -0.06934 0.97842 0.19462
vn 1.00000 0.00000 0.00000
vn 1.00000 0.00000 0.00000
vn -0.06934 0.97842 -0.19462
vn -0.06934 0.92166 0.38176
vn 1.00000 0.00000 0.00000
vn 1.00000 0.00000 0.00000
vn -0.06934 0.92166 -0.38176
vn 0.00000 0.11196 0.99371
vn 0.00000 0.33028 0.94388
vn 0.91780 -0.13113 -0.37476
vn -0.75507 -0.07341 -0.65152
vn 0.00000 0.11196 0.99371
vn 0.00000 0.33028 0.94388
vn 1.00000 -0.00000 0.00000
vn -0.75507 -0.07341 0.65152
vn 0.91780 -0.13113 0.37476
vn 0.00000 0.33028 -0.94388
vn 0.00000 0.11196 -0.99371
vn 1.00000 -0.00000 0.00000
vn 0.00000 0.33028 -0.94388
vn 0.00000 0.11196 -0.99371
vn 0.30474 -0.95244 0.00000
vn 1.00000 0.00000 0.00000
vn -0.75280 0.65508 0.06452
vn -0.06934 0.99759 -0.00000
vn -0.75279 0.65509 -0.06452
vn 1.00000 0.00000 0.00000
vn 0.30474 -0.93413 -0.18581
vn 0.30474 -0.93413 0.18581
vn 1.00000 0.00000 0.00000
vn -0.06934 0.97842 0.19462
vn -0.75279 0.62991 0.19108
vn -0.75280 0.65508 0.06452
vn -0.75279 0.65509 -0.06452
vn -0.75279 0.62991 -0.19108
vn -0.06934 0.97842 -0.19462
vn -0.06934 0.82947 0.55423
vn 1.00000 0.00000 0.00000
vn 1.00000 0.00001 0.00000
vn -0.06934 0.82947 -0.55423
vn 0.30474 -0.95244 0.00000
vn 1.00000 -0.00000 -0.00000
vn -0.00000 1.00000 0.00000
vn -0.00000 0.00000 -1.00000
vn -0.00000 0.00000 1.00000
vn -0.00000 1.00000 0.00000
vn 1.00000 -0.00000 -0.00000
vn 0.30474 -0.93413 -0.18581
vn 0.30474 -0.93413 0.18581
vn 1.00000 -0.00000 -0.00000
vn 1.00000 0.00000 0.00000
vn 0.30474 -0.87994 -0.36448
vn 0.30474 -0.87993 0.36448
vn 1.00000 0.00000 0.00000
vn -0.00000 0.00000 1.00000
vn -0.19509 0.98079 0.00000
vn -0.19509 0.98079 0.00000
vn -0.00000 0.00000 -1.00000
vn 0.19509 0.98079 0.00000
vn -0.00000 0.00000 -1.00000
vn -0.00000 0.00000 1.00000
vn 0.19509 0.98079 0.00000
vn 0.00000 0.00000 1.00000
vn 0.00000 0.11196 0.99371
vn 0.99994 0.00000 0.01051
vn -0.75507 -0.07341 -0.65152
vn 0.00000 0.00000 1.00000
vn 0.00000 0.11196 0.99371
vn 1.00000 -0.00000 0.00000
vn -0.75507 -0.07341 0.65152
vn 0.99994 0.00000 -0.01051
vn 0.00000 0.11196 -0.99371
vn 0.00000 0.00000 -1.00000
vn 1.00000 -0.00000 0.00000
vn 0.00000 0.11196 -0.99371
vn 0.00000 0.00000 -1.00000
vn -0.06934 0.92166 0.38176
vn -0.75279 0.58053 0.31030
vn -0.75279 0.62991 0.19108
vn -0.75279 0.62991 -0.19108
vn -0.75280 0.58053 -0.31030
vn -0.06934 0.92166 -0.38176
vn -1.00000 -0.00000 0.00000
vn -0.00000 1.00000 0.00000
vn -0.75280 0.65508 0.06452
vn -0.00000 1.00000 -0.00000
vn -0.75279 0.65509 -0.06452
vn 1.00000 -0.00000 -0.00000
vn 0.30474 -0.87994 -0.36448
vn 0.30474 -0.87994 0.36448
vn 1.00000 -0.00000 -0.00000
vn 0.00000 0.98079 0.19509
vn -1.00000 -0.00000 0.00000
vn 0.00000 0.98079 0.19509
vn -0.75279 0.62991 0.19108
vn -0.75280 0.65508 0.06452
vn -1.00000 -0.00000 0.00000
vn -0.00000 0.98079 -0.19509
vn -0.75279 0.65509 -0.06452
vn -0.75279 0.62991 -0.19108
vn -0.00000 0.98079 -0.19509
vn -0.38268 0.92388 0.00000
vn -0.00000 0.00000 -1.00000
vn -0.00000 0.00000 1.00000
vn -0.38268 0.92388 0.00000
vn 0.38268 0.92388 0.00000
vn -0.00000 0.00000 -1.00000
vn -0.00000 0.00000 1.00000
vn 0.38268 0.92388 0.00000
vn 1.00000 0.00000 0.00000
vn 0.30474 -0.79192 -0.52914
vn 0.30474 -0.79192 0.52915
vn 1.00000 0.00001 0.00000
vn 0.00000 0.92388 0.38268
vn -1.00000 -0.00000 0.00000
vn 0.00000 0.92388 0.38268
vn -0.75279 0.58053 0.31030
vn -0.75279 0.62991 0.19108
vn -1.00000 -0.00000 0.00000
vn 0.00000 0.92388 -0.38268
vn -0.75279 0.62991 -0.19108
vn -0.75280 0.58053 -0.31030
vn 0.00000 0.92388 -0.38268
vn -0.06934 0.70541 0.70540
vn 1.00000 0.00000 0.00000
vn 1.00000 -0.00001 0.00000
vn -0.06934 0.70541 -0.70540
vn -0.06934 0.82947 0.55423
vn -0.75279 0.50884 0.41759
vn -0.75279 0.58053 0.31030
vn -0.75280 0.58053 -0.31030
vn -0.75279 0.50884 -0.41759
vn -0.06934 0.82947 -0.55423
vn -0.50000 -0.86603 0.00000
vn 0.50000 -0.86603 -0.00000
vn 0.00000 -0.00000 -1.00000
vn -0.50000 -0.86603 0.00000
vn 0.50000 -0.86603 -0.00000
vn -0.00000 0.00000 -1.00000
vn 1.00000 -0.00000 -0.00000
vn 0.30474 -0.79192 -0.52914
vn 0.30474 -0.79192 0.52915
vn 1.00000 -0.00000 -0.00000
vn -0.55557 0.83147 0.00000
vn -0.00000 0.00000 -1.00000
vn -0.00000 0.00000 1.00000
vn -0.55557 0.83147 0.00000
vn 0.55557 0.83147 0.00000
vn -0.00000 0.00000 -1.00000
vn -0.00000 0.00000 1.00000
vn 0.55557 0.83147 0.00000
vn 0.00000 0.83147 0.55557
vn -1.00000 -0.00000 0.00000
vn 0.00000 0.83147 0.55557
vn -0.75279 0.50884 0.41759
vn -0.75279 0.58053 0.31030
vn -1.00000 -0.00000 0.00000
vn 0.00000 0.83147 -0.55557
vn -0.75280 0.58053 -0.31030
vn -0.75279 0.50884 -0.41759
vn 0.00000 0.83147 -0.55557
vn -0.00000 -0.00000 1.00000
vn -0.99999 -0.00000 -0.00357
vn -0.50000 0.86602 -0.00357
vn -0.00000 -0.00000 1.00000
vn 0.99999 0.00000 -0.00357
vn 0.50000 0.86602 -0.00357
vn 1.00000 0.00000 0.00000
vn 0.30474 -0.67347 -0.67347
vn 0.30474 -0.67347 0.67347
vn 1.00000 -0.00001 0.00000
vn -0.06934 0.70541 0.70540
vn -0.75279 0.41759 0.50884
vn -0.75279 0.50884 0.41759
vn -0.75279 0.50884 -0.41759
vn -0.75279 0.41759 -0.50884
vn -0.06934 0.70541 -0.70540
vn 1.00000 -0.00000 -0.00000
vn 0.30474 -0.67347 -0.67347
vn 0.30474 -0.67347 0.67347
vn 1.00000 -0.00000 -0.00000
vn -0.70711 0.70711 0.00000
vn -0.00000 0.00000 -1.00000
vn -0.00000 0.00000 1.00000
vn -0.70711 0.70711 0.00000
vn 0.70711 0.70711 0.00000
vn -0.00000 0.00000 -1.00000
vn -0.00000 0.00000 1.00000
vn 0.70711 0.70711 0.00000
vn -0.06934 0.55423 0.82947
vn 1.00000 0.00000 0.00000
vn 1.00000 0.00000 -0.00000
vn -0.06934 0.55423 -0.82947
vn -0.99999 -0.00000 -0.00357
vn -0.50000 0.86602 -0.00357
vn 0.00000 -0.00000 -1.00000
vn 0.99999 0.00000 -0.00357
vn 0.50000 0.86602 -0.00357
vn 0.00001 0.00000 -1.00000
vn 0.00000 0.70711 0.70711
vn -1.00000 -0.00000 0.00000
vn 0.00000 0.70711 0.70711
vn -0.75279 0.41759 0.50884
vn -0.75279 0.50884 0.41759
vn -1.00000 -0.00000 0.00000
vn 0.00000 0.70711 -0.70711
vn -0.75279 0.50884 -0.41759
vn -0.75279 0.41759 -0.50884
vn 0.00000 0.70711 -0.70711
vn 1.00000 0.00000 0.00000
vn 0.30474 -0.52914 -0.79192
vn 0.30474 -0.52915 0.79192
vn 1.00000 0.00000 -0.00000
vn -0.06934 0.55423 0.82947
vn -0.75279 0.31030 0.58053
vn -0.75279 0.41759 0.50884
vn -0.75279 0.41759 -0.50884
vn -0.75279 0.31030 -0.58053
vn -0.06934 0.55423 -0.82947
vn 1.00000 -0.00000 -0.00000
vn 0.30474 -0.52914 -0.79192
vn 0.30474 -0.52915 0.79192
vn 1.00000 -0.00000 -0.00000
vn -0.83147 0.55557 0.00000
vn -0.00000 0.00000 -1.00000
vn -0.00000 0.00000 1.00000
vn -0.83147 0.55557 0.00000
vn 0.83147 0.55557 0.00000
vn -0.00000 0.00000 -1.00000
vn -0.00000 0.00000 1.00000
vn 0.83147 0.55557 0.00000
vn 0.00000 0.55557 0.83147
vn -1.00000 -0.00000 0.00000
vn 0.00000 0.55557 0.83147
vn -0.75279 0.31030 0.58053
vn -0.75279 0.41759 0.50884
vn -1.00000 -0.00000 0.00000
vn 0.00000 0.55557 -0.83147
vn -0.75279 0.41759 -0.50884
vn -0.75279 0.31030 -0.58053
vn 0.00000 0.55557 -0.83147
vn -0.06934 0.38176 0.92166
vn 1.00000 0.00000 0.00000
vn 1.00000 -0.00000 0.00000
vn -0.06934 0.38176 -0.92166
vn 0.50000 -0.86603 -0.00000
vn 1.00000 0.00000 -0.00000
vn 0.00000 -0.00000 -1.00000
vn -0.50000 -0.86603 0.00000
vn -1.00000 0.00000 0.00000
vn 0.00001 0.00000 -1.00000
vn 0.50000 -0.86603 -0.00000
vn 1.00000 0.00000 -0.00000
vn -0.00000 0.00000 -1.00000
vn -0.50000 -0.86603 0.00000
vn -1.00000 0.00000 0.00000
vn -0.00000 0.00000 -1.00000
vn 1.00000 0.00000 0.00000
vn 0.30474 -0.36448 -0.87994
vn 0.30474 -0.36448 0.87993
vn 1.00000 -0.00000 0.00000
vn -0.06934 0.38176 0.92166
vn -0.75279 0.19108 0.62991
vn -0.75279 0.31030 0.58053
vn -0.75279 0.31030 -0.58053
vn -0.75279 0.19108 -0.62991
vn -0.06934 0.38176 -0.92166
vn 1.00000 -0.00000 -0.00000
vn 0.30474 -0.36448 -0.87994
vn 0.30474 -0.36448 0.87993
vn 1.00000 -0.00000 -0.00000
vn -0.92388 0.38268 0.00000
vn -0.00000 0.00000 -1.00000
vn -0.00000 0.00000 1.00000
vn -0.92388 0.38268 0.00000
vn 0.92388 0.38268 0.00000
vn -0.00000 0.00000 -1.00000
vn -0.00000 0.00000 1.00000
vn 0.92388 0.38268 0.00000
vn 0.00000 0.38268 0.92388
vn -1.00000 -0.00000 0.00000
vn 0.00000 0.38268 0.92388
vn -0.75279 0.19108 0.62991
vn -0.75279 0.31030 0.58053
vn -1.00000 -0.00000 0.00000
vn 0.00000 0.38268 -0.92388
vn -0.75279 0.31030 -0.58053
vn -0.75279 0.19108 -0.62991
vn 0.00000 0.38268 -0.92388
vn -0.06934 0.19462 0.97842
vn 1.00000 0.00001 0.00000
vn 1.00000 0.00001 0.00000
vn -0.06934 0.19462 -0.97842
vn 1.00000 0.00001 0.00000
vn 0.30474 -0.18581 -0.93413
vn 0.30474 -0.18581 0.93413
vn 1.00000 0.00001 0.00000
vn -0.06934 0.19462 0.97842
vn -0.75279 0.06452 0.65509
vn -0.75279 0.19108 0.62991
vn -0.75279 0.19108 -0.62991
vn -0.75279 0.06452 -0.65509
vn -0.06934 0.19462 -0.97842
vn 1.00000 -0.00000 -0.00000
vn 0.30474 -0.18581 -0.93413
vn 0.30474 -0.18581 0.93413
vn 1.00000 -0.00000 -0.00000
vn -0.98079 0.19509 0.00000
vn -0.00000 0.00000 -1.00000
vn -0.00000 0.00000 1.00000
vn -0.98079 0.19509 0.00000
vn 0.98079 0.19509 0.00000
vn -0.00000 0.00000 -1.00000
vn -0.00000 0.00000 1.00000
vn 0.98079 0.19509 0.00000
vn 0.00000 0.19509 0.98079
vn -1.00000 -0.00000 0.00000
vn 0.00000 0.19509 0.98079
vn -0.75279 0.06452 0.65509
vn -0.75279 0.19108 0.62991
vn -1.00000 -0.00000 0.00000
vn 0.00000 0.19509 -0.98079
vn -0.75279 0.19108 -0.62991
vn -0.75279 0.06452 -0.65509
vn 0.00000 0.19509 -0.98079
vn -0.00000 0.00000 1.00000
vn -0.65585 0.00000 0.75489
vn -0.00000 0.00000 1.00000
vn 0.00000 0.00000 1.00000
vn 0.68835 0.00000 0.72538
vn -0.06934 -0.00000 0.99759
vn 1.00000 -0.00000 0.00000
vn -0.65585 0.00000 0.75489
vn -1.00000 0.00000 0.00000
vn 0.68835 0.00000 0.72538
vn 1.00000 0.00000 0.00000
vn 1.00000 -0.00000 0.00000
vn 0.30474 -0.00000 -0.95244
vn -0.06934 -0.00000 0.99759
vn -0.75279 -0.06452 0.65509
vn -0.75279 0.06452 0.65509
vn 1.00000 0.00000 0.00000
vn 0.00000 0.00000 -1.00000
vn 1.00000 0.00000 0.00000
vn 0.00000 0.00000 -1.00000
vn 1.00000 -0.00000 -0.00000
vn 0.30474 -0.00000 -0.95244
vn -1.00000 -0.00000 0.00000
vn -0.00000 0.00000 -1.00000
vn -0.00000 0.00000 1.00000
vn -1.00000 -0.00000 0.00000
vn 0.00000 -0.00000 1.00000
vn -1.00000 -0.00000 0.00000
vn 0.00000 -0.00000 1.00000
vn -0.75279 -0.06452 0.65509
vn -0.75279 0.06452 0.65509
vn -1.00000 -0.00000 0.00000
vn 0.00000 -0.00000 -1.00000
vn -0.75279 -0.06452 -0.65509
vn -0.75279 0.06452 -0.65509
vn 0.00000 -0.00000 -1.00000
vn 1.00000 0.00000 0.00000
vn -0.00000 0.00000 -1.00000
vn -0.00000 0.00000 1.00000
vn 1.00000 0.00000 0.00000
vn 0.30474 0.00000 0.95244
vn 1.00000 -0.00000 -0.00000
vn -0.75279 -0.06452 -0.65509
vn -0.75279 0.06452 -0.65509
vn -0.06934 -0.00000 -0.99759
vn 0.30474 0.00000 0.95244
vn 1.00000 -0.00001 0.00000
vn -1.00000 0.00000 0.00000
vn -0.08947 -0.30500 -0.94814
vn -0.08947 0.30500 -0.94814
vn 1.00000 -0.00001 0.00000
vn -0.06934 -0.00000 -0.99759
vn 0.00000 -0.28452 0.95867
vn 0.00000 0.28452 0.95867
vn 1.00000 0.00000 0.00000
vn 0.00000 -0.28452 0.95867
vn 0.00000 0.28452 0.95867
vn 1.00000 0.00000 0.00000
vn 1.00000 0.00000 0.00000
vn 0.25938 -0.29415 -0.91989
vn 0.25938 0.29415 -0.91989
vn 0.25938 -0.29415 -0.91989
vn 0.25938 0.29415 -0.91989
vn -0.08947 -0.30500 -0.94814
vn -0.08947 0.30500 -0.94814
vn 0.00000 -0.19509 0.98079
vn -1.00000 -0.00000 0.00000
vn 0.00000 -0.19509 0.98079
vn -0.75279 -0.06452 0.65509
vn -0.75279 -0.19108 0.62991
vn -1.00000 -0.00000 0.00000
vn 0.00000 -0.19509 -0.98079
vn -0.75279 -0.19108 -0.62991
vn -0.75279 -0.06452 -0.65509
vn 0.00000 -0.19509 -0.98079
vn -0.98079 -0.19509 0.00000
vn -0.00000 0.00000 -1.00000
vn -0.00000 0.00000 1.00000
vn -0.98079 -0.19509 0.00000
vn 0.98079 -0.19509 0.00000
vn -0.00000 0.00000 -1.00000
vn -0.00000 0.00000 1.00000
vn 0.98079 -0.19509 0.00000
vn 1.00000 -0.00000 -0.00000
vn 0.30474 0.18581 -0.93413
vn 0.30474 0.18581 0.93413
vn 1.00000 -0.00000 -0.00000
vn -0.06934 -0.19462 0.97842
vn -0.75279 -0.06452 0.65509
vn -0.75279 -0.19108 0.62991
vn -0.75279 -0.19108 -0.62991
vn -0.75279 -0.06452 -0.65509
vn -0.06934 -0.19462 -0.97842
vn 1.00000 0.00000 0.00000
vn 0.30474 0.18581 -0.93413
vn 0.30474 0.18581 0.93413
vn 1.00000 0.00000 0.00000
vn -0.06934 -0.19462 0.97842
vn 1.00000 0.00000 0.00000
vn 1.00000 0.00000 0.00000
vn -0.06934 -0.19462 -0.97842
vn 0.00000 -0.38268 0.92388
vn -1.00000 -0.00000 0.00000
vn 0.00000 -0.38268 0.92388
vn -0.75279 -0.19108 0.62991
vn -0.75279 -0.31030 0.58053
vn -1.00000 -0.00000 0.00000
vn 0.00000 -0.38268 -0.92388
vn -0.75279 -0.31031 -0.58053
vn -0.75279 -0.19108 -0.62991
vn 0.00000 -0.38268 -0.92388
vn -0.92388 -0.38268 0.00000
vn -0.00000 0.00000 -1.00000
vn -0.00000 0.00000 1.00000
vn -0.92388 -0.38268 0.00000
vn 0.92388 -0.38268 0.00000
vn -0.00000 0.00000 -1.00000
vn -0.00000 0.00000 1.00000
vn 0.92388 -0.38268 0.00000
vn 1.00000 -0.00000 -0.00000
vn 0.30474 0.36448 -0.87994
vn 0.30474 0.36448 0.87993
vn 1.00000 -0.00000 -0.00000
vn -0.06934 -0.38176 0.92166
vn -0.75279 -0.19108 0.62991
vn -0.75279 -0.31030 0.58053
vn -0.75279 -0.31031 -0.58053
vn -0.75279 -0.19108 -0.62991
vn -0.06934 -0.38176 -0.92166
vn 1.00000 0.00000 0.00000
vn 0.30474 0.36448 -0.87994
vn 0.30474 0.36448 0.87993
vn 1.00000 0.00001 -0.00000
vn 1.00000 0.00000 -0.00000
vn 0.50000 0.86603 -0.00000
vn 0.00000 0.00000 -1.00000
vn -1.00000 0.00000 0.00000
vn -0.50000 0.86603 0.00000
vn 0.00000 -0.00000 -1.00000
vn 1.00000 0.00000 -0.00000
vn 0.50000 0.86603 -0.00000
vn -0.00000 0.00000 -1.00000
vn -1.00000 0.00000 0.00000
vn -0.50000 0.86603 0.00000
vn -0.00000 0.00000 -1.00000
vn -0.06934 -0.38176 0.92166
vn 1.00000 0.00000 0.00000
vn 1.00000 0.00001 -0.00000
vn -0.06934 -0.38176 -0.92166
vn 0.00000 -0.55557 0.83147
vn -1.00000 -0.00000 0.00000
vn 0.00000 -0.55557 0.83147
vn -0.75279 -0.31030 0.58053
vn -0.75279 -0.41760 0.50884
vn -1.00000 -0.00000 0.00000
vn 0.00000 -0.55557 -0.83147
vn -0.75279 -0.41759 -0.50884
vn -0.75279 -0.31031 -0.58053
vn 0.00000 -0.55557 -0.83147
vn -0.83147 -0.55557 0.00000
vn -0.00000 0.00000 -1.00000
vn -0.00000 0.00000 1.00000
vn -0.83147 -0.55557 0.00000
vn 0.83147 -0.55557 0.00000
vn -0.00000 0.00000 -1.00000
vn -0.00000 0.00000 1.00000
vn 0.83147 -0.55557 0.00000
vn 1.00000 -0.00000 -0.00000
vn 0.30474 0.52914 -0.79192
vn 0.30474 0.52915 0.79192
vn 1.00000 -0.00000 -0.00000
vn -0.06934 -0.55423 0.82947
vn -0.75279 -0.31030 0.58053
vn -0.75279 -0.41760 0.50884
vn -0.75279 -0.41759 -0.50884
vn -0.75279 -0.31031 -0.58053
vn -0.06934 -0.55423 -0.82947
vn 1.00000 0.00000 0.00000
vn 0.30474 0.52914 -0.79192
vn 0.30474 0.52915 0.79192
vn 1.00000 0.00001 0.00000
vn 0.00000 -0.70711 0.70711
vn -1.00000 -0.00000 0.00000
vn 0.00000 -0.70711 0.70711
vn -0.75279 -0.41760 0.50884
vn -0.75279 -0.50884 0.41759
vn -1.00000 -0.00000 0.00000
vn 0.00000 -0.70711 -0.70711
vn -0.75280 -0.50883 -0.41759
vn -0.75279 -0.41759 -0.50884
vn 0.00000 -0.70711 -0.70711
vn -0.50000 -0.86602 -0.00357
vn -0.99999 -0.00000 -0.00357
vn 0.00000 0.00000 -1.00000
vn 0.50000 -0.86602 -0.00357
vn 0.99999 0.00000 -0.00357
vn 0.00000 -0.00000 -1.00000
vn -0.06934 -0.55423 0.82947
vn 1.00000 0.00000 0.00000
vn 1.00000 0.00001 0.00000
vn -0.06934 -0.55423 -0.82947
vn -0.70711 -0.70711 0.00000
vn -0.00000 0.00000 -1.00000
vn -0.00000 0.00000 1.00000
vn -0.70711 -0.70711 0.00000
vn 0.70711 -0.70711 0.00000
vn -0.00000 0.00000 -1.00000
vn -0.00000 0.00000 1.00000
vn 0.70711 -0.70711 0.00000
vn 1.00000 -0.00000 -0.00000
vn 0.30474 0.67347 -0.67347
vn 0.30474 0.67348 0.67347
vn 1.00000 -0.00000 -0.00000
vn -0.06934 -0.70541 0.70540
vn -0.75279 -0.41760 0.50884
vn -0.75279 -0.50884 0.41759
vn -0.75280 -0.50883 -0.41759
vn -0.75279 -0.41759 -0.50884
vn -0.06934 -0.70541 -0.70540
vn 1.00000 0.00000 0.00000
vn 0.30474 0.67347 -0.67347
vn 0.30474 0.67348 0.67347
vn 1.00000 -0.00001 0.00000
vn -0.00000 -0.00000 1.00000
vn -0.50000 -0.86602 -0.00357
vn -0.99999 -0.00000 -0.00357
vn -0.00000 -0.00000 1.00000
vn 0.50000 -0.86602 -0.00357
vn 0.99999 0.00000 -0.00357
vn 0.00000 -0.83147 0.55557
vn -1.00000 -0.00000 0.00000
vn 0.00000 -0.83147 0.55557
vn -0.75279 -0.50884 0.41759
vn -0.75279 -0.58053 0.31030
vn -1.00000 -0.00000 0.00000
vn 0.00000 -0.83147 -0.55557
vn -0.75280 -0.58053 -0.31030
vn -0.75280 -0.50883 -0.41759
vn 0.00000 -0.83147 -0.55557
vn -0.55557 -0.83147 0.00000
vn -0.00000 0.00000 -1.00000
vn -0.00000 0.00000 1.00000
vn -0.55557 -0.83147 0.00000
vn 0.55557 -0.83147 0.00000
vn -0.00000 0.00000 -1.00000
vn -0.00000 0.00000 1.00000
vn 0.55557 -0.83147 0.00000
vn 1.00000 -0.00000 -0.00000
vn 0.30474 0.79192 -0.52915
vn 0.30474 0.79192 0.52915
vn 1.00000 -0.00000 -0.00000
vn -0.50000 0.86603 0.00000
vn 0.50000 0.86603 -0.00000
vn 0.00000 0.00000 -1.00000
vn -0.50000 0.86603 0.00000
vn 0.50000 0.86603 -0.00000
vn -0.00000 0.00000 -1.00000
vn -0.06934 -0.82947 0.55423
vn -0.75279 -0.50884 0.41759
vn -0.75279 -0.58053 0.31030
vn -0.75280 -0.58053 -0.31030
vn -0.75280 -0.50883 -0.41759
vn -0.06934 -0.82947 -0.55423
vn -0.06934 -0.70541 0.70540
vn 1.00000 0.00000 0.00000
vn 1.00000 -0.00001 0.00000
vn -0.06934 -0.70541 -0.70540
vn 0.00000 -0.92388 0.38268
vn -1.00000 -0.00000 0.00000
vn 0.00000 -0.92388 0.38268
vn -0.75279 -0.58053 0.31030
vn -0.75279 -0.62992 0.19108
vn -1.00000 -0.00000 0.00000
vn 0.00000 -0.92388 -0.38268
vn -0.75280 -0.62991 -0.19108
vn -0.75280 -0.58053 -0.31030
vn 0.00000 -0.92388 -0.38268
vn 1.00000 0.00000 0.00000
vn 0.30474 0.79192 -0.52915
vn 0.30474 0.79192 0.52915
vn 1.00000 0.00000 0.00000
vn -0.38268 -0.92388 0.00000
vn -0.00000 0.00000 -1.00000
vn -0.00000 0.00000 1.00000
vn -0.38268 -0.92388 0.00000
vn 0.38268 -0.92388 0.00000
vn -0.00000 0.00000 -1.00000
vn -0.00000 0.00000 1.00000
vn 0.38268 -0.92388 0.00000
vn 0.00000 -0.98079 0.19509
vn -1.00000 -0.00000 0.00000
vn 0.00000 -0.98079 0.19509
vn -0.75279 -0.62992 0.19108
vn -0.75280 -0.65508 0.06452
vn -1.00000 -0.00000 0.00000
vn -0.00000 -0.98079 -0.19509
vn -0.75279 -0.65509 -0.06452
vn -0.75280 -0.62991 -0.19108
vn -0.00000 -0.98079 -0.19509
vn 1.00000 -0.00000 -0.00000
vn 0.30474 0.87993 -0.36448
vn 0.30474 0.87993 0.36448
vn 1.00000 -0.00000 -0.00000
vn -0.00000 -1.00000 -0.00000
vn -1.00000 -0.00000 0.00000
vn -0.75280 -0.65508 0.06452
vn -0.00000 -1.00000 -0.00000
vn -0.75279 -0.65509 -0.06452
vn -0.06934 -0.92166 0.38176
vn -0.75279 -0.58053 0.31030
vn -0.75279 -0.62992 0.19108
vn -0.75280 -0.62991 -0.19108
vn -0.75280 -0.58053 -0.31030
vn -0.06934 -0.92166 -0.38176
vn 0.00000 0.00000 1.00000
vn 0.00000 -0.11196 0.99371
vn 0.99994 0.00000 0.01051
vn -0.75507 0.07341 -0.65152
vn 0.00000 0.00000 1.00000
vn 0.00000 -0.11196 0.99371
vn 1.00000 -0.00000 0.00000
vn -0.75507 0.07341 0.65152
vn 0.99994 0.00000 -0.01051
vn 0.00000 -0.11196 -0.99371
vn 0.00000 0.00000 -1.00000
vn 1.00000 -0.00000 0.00000
vn 0.00000 -0.11196 -0.99371
vn 0.00000 0.00000 -1.00000
vn -0.19509 -0.98079 0.00000
vn -0.00000 0.00000 -1.00000
vn -0.00000 0.00000 1.00000
vn -0.19509 -0.98079 0.00000
vn 0.19509 -0.98079 0.00000
vn -0.00000 0.00000 -1.00000
vn -0.00000 0.00000 1.00000
vn 0.19509 -0.98079 0.00000
vn 1.00000 0.00000 0.00000
vn 0.30474 0.87993 -0.36448
vn 0.30474 0.87993 0.36448
vn 1.00000 0.00000 0.00000
vn 1.00000 -0.00000 -0.00000
vn 0.30474 0.93413 -0.18581
vn 0.30474 0.93413 0.18581
vn 1.00000 -0.00000 -0.00000
vn 0.00000 -1.00000 0.00000
vn -0.00000 0.00000 -1.00000
vn -0.00000 0.00000 1.00000
vn 0.00000 -1.00000 0.00000
vn 1.00000 -0.00000 -0.00000
vn 0.30474 0.95244 0.00000
vn -0.06934 -0.82947 0.55423
vn 1.00000 0.00000 0.00000
vn 1.00000 0.00000 0.00000
vn -0.06934 -0.82947 -0.55423
vn -0.06934 -0.97842 0.19462
vn -0.75279 -0.62992 0.19108
vn -0.75280 -0.65508 0.06452
vn -0.75279 -0.65509 -0.06452
vn -0.75280 -0.62991 -0.19108
vn -0.06934 -0.97842 -0.19462
vn 1.00000 0.00000 0.00000
vn 0.30474 0.93413 -0.18581
vn 0.30474 0.93413 0.18581
vn 1.00000 0.00000 0.00000
vn -0.75280 -0.65508 0.06452
vn -0.06934 -0.99759 -0.00000
vn -0.75279 -0.65509 -0.06452
vn 1.00000 0.00000 0.00000
vn 0.30474 0.95244 0.00000
vn 0.00000 -0.11196 0.99371
vn 0.00000 -0.33028 0.94388
vn 0.91780 0.13113 -0.37476
vn -0.75507 0.07341 -0.65152
vn 0.00000 -0.11196 0.99371
vn 0.00000 -0.33028 0.94388
vn 1.00000 -0.00000 0.00000
vn -0.75507 0.07341 0.65152
vn 0.91780 0.13113 0.37476
vn 0.00000 -0.33028 -0.94388
vn 0.00000 -0.11196 -0.99371
vn 1.00000 -0.00000 0.00000
vn 0.00000 -0.33028 -0.94388
vn 0.00000 -0.11196 -0.99371
vn -0.06934 -0.92166 0.38176
vn 1.00000 0.00000 0.00000
vn 1.00000 0.00000 0.00000
vn -0.06934 -0.92166 -0.38176
vn -0.06934 -0.97842 0.19462
vn 1.00000 0.00000 0.00000
vn 1.00000 0.00000 0.00000
vn -0.06934 -0.97842 -0.19462
vn 0.07749 -0.05287 0.99559
vn 0.99568 -0.01040 0.09229
vn 0.99994 0.00000 0.01051
vn 0.99994 0.00000 -0.01051
vn 0.99568 -0.01040 -0.09229
vn 0.07749 -0.05287 -0.99559
vn -1.00000 -0.00000 0.00000
vn -0.12635 0.11107 -0.98575
vn -0.11107 0.00000 -0.99381
vn -0.11107 0.00000 0.99381
vn -0.12635 0.11107 0.98575
vn -1.00000 -0.00000 0.00000
vn -0.06934 -0.99759 -0.00000
vn 1.00000 0.00000 0.00000
vn 0.00000 -0.33028 0.94388
vn 0.00000 -0.53203 0.84672
vn 0.97219 0.12459 -0.19828
vn 0.91780 0.13113 -0.37476
vn 0.00000 -0.33028 0.94388
vn 0.00000 -0.53203 0.84672
vn 1.00000 -0.00000 0.00000
vn 0.91780 0.13113 0.37476
vn 0.97219 0.12459 0.19828
vn 0.00000 -0.53203 -0.84672
vn 0.00000 -0.33028 -0.94388
vn 1.00000 -0.00000 0.00000
vn 0.00000 -0.53203 -0.84672
vn 0.00000 -0.33028 -0.94388
vn 0.99970 0.00278 -0.02449
vn -0.99943 0.00000 -0.03367
vn -0.12635 0.11107 -0.98575
vn -0.11107 0.00000 -0.99381
vn -0.11107 0.00000 0.99381
vn -0.12635 0.11107 0.98575
vn -0.99943 0.00000 0.03366
vn 0.99970 0.00278 0.02449
vn -0.50000 -0.86602 -0.00357
vn 0.50000 -0.86602 -0.00357
vn 0.00000 0.00000 -1.00000
vn 0.09168 -0.21580 0.97212
vn 0.99299 -0.03905 0.11158
vn 0.99568 -0.01040 0.09229
vn 0.99568 -0.01040 -0.09229
vn 0.99299 -0.03905 -0.11158
vn 0.09168 -0.21580 -0.97212
vn 1.00000 0.00000 0.00000
vn 0.00000 1.00000 0.00000
vn 0.00000 0.00000 -1.00000
vn 1.00000 0.00000 0.00000
vn 0.00000 1.00000 0.00000
vn 0.00000 0.00000 -1.00000
vn 0.00000 0.28452 0.95867
vn 1.00000 0.00000 0.00000
vn 0.00000 1.00000 0.00000
vn 0.00000 0.28452 0.95867
vn 1.00000 0.00000 0.00000
vn 0.00000 1.00000 0.00000
vn -1.00000 -0.00000 0.00000
vn -0.15706 0.32618 -0.93217
vn -0.12635 0.11107 -0.98575
vn -0.12635 0.11107 0.98575
vn -0.15706 0.32618 0.93217
vn -1.00000 -0.00000 0.00000
vn 0.00000 -0.53203 0.84672
vn 0.00000 -0.70711 0.70711
vn 0.97373 0.16103 -0.16103
vn 0.97219 0.12459 -0.19828
vn 0.00000 -0.53203 0.84672
vn 0.00000 -0.70711 0.70711
vn 1.00000 -0.00000 0.00000
vn 0.97219 0.12459 0.19828
vn 0.97373 0.16103 0.16103
vn 0.00000 -0.70711 -0.70711
vn 0.00000 -0.53203 -0.84672
vn 1.00000 -0.00000 0.00000
vn 0.00000 -0.70711 -0.70711
vn 0.00000 -0.53203 -0.84672
vn 0.00000 0.00000 1.00000
vn 0.42240 -0.47754 0.77042
vn 0.68835 0.00000 0.72538
vn 0.99994 0.00000 0.01051
vn 0.99978 -0.02105 0.00000
vn -0.98253 0.18494 -0.02084
vn 0.97373 0.16103 -0.16103
vn 0.93683 0.29616 -0.18609
vn 0.97219 0.12459 -0.19828
vn -0.48913 0.82327 -0.28807
vn 0.91780 0.13113 -0.37476
vn -0.75507 0.07341 -0.65152
vn -0.75507 0.07341 0.65152
vn 0.91780 0.13113 0.37476
vn -0.48912 0.82327 0.28807
vn 0.97219 0.12459 0.19828
vn 0.93683 0.29616 0.18609
vn 0.97373 0.16103 0.16103
vn -0.98253 0.18494 0.02084
vn 0.99978 -0.02105 0.00000
vn 0.99994 0.00000 -0.01051
vn 0.10909 -0.42664 0.89782
vn 0.99040 -0.07355 0.11705
vn 0.99299 -0.03905 0.11158
vn 0.99299 -0.03905 -0.11158
vn 0.99040 -0.07355 -0.11705
vn 0.10909 -0.42664 -0.89782
vn 0.42240 -0.47754 0.77042
vn 0.68835 0.00000 0.72538
vn 0.66104 -0.75035 0.00000
vn 1.00000 0.00000 0.00000
vn 0.66104 -0.75035 0.00000
vn 1.00000 0.00000 0.00000
vn 0.25938 -0.29415 -0.91989
vn 0.00000 -0.70711 0.70711
vn 0.00000 -0.84672 0.53203
vn 0.97373 0.16103 -0.16103
vn 0.93683 0.29616 -0.18609
vn 0.00000 -0.70711 0.70711
vn 0.00000 -0.84672 0.53203
vn 1.00000 -0.00000 0.00000
vn 0.93683 0.29616 0.18609
vn 0.97373 0.16103 0.16103
vn 0.00000 -0.84672 -0.53203
vn 0.00000 -0.70711 -0.70711
vn 1.00000 -0.00000 0.00000
vn 0.00000 -0.84672 -0.53203
vn 0.00000 -0.70711 -0.70711
vn -0.12635 0.11107 0.98575
vn -0.15706 0.32618 0.93217
vn 0.99970 0.00278 0.02449
vn -0.99999 0.00128 0.00367
vn -0.99999 0.00128 -0.00367
vn 0.99970 0.00278 -0.02449
vn -0.15706 0.32618 -0.93217
vn -0.12635 0.11107 -0.98575
vn -0.00000 -0.00000 1.00000
vn -0.50000 -0.86602 -0.00357
vn 0.50000 -0.86602 -0.00357
vn 0.99040 -0.07355 0.11705
vn 0.99299 -0.03905 0.11158
vn 0.99017 -0.09892 0.09892
vn 0.99568 -0.01040 0.09229
vn 0.99254 -0.10320 0.06485
vn 0.99533 -0.09114 0.03189
vn 0.99994 0.00000 0.01051
vn 0.99725 -0.07360 0.00829
vn 0.99978 -0.02105 0.00000
vn 0.99978 -0.02105 0.00000
vn 0.99725 -0.07360 -0.00829
vn 0.99994 0.00000 -0.01051
vn 0.99533 -0.09114 -0.03189
vn 0.99254 -0.10320 -0.06485
vn 0.99568 -0.01040 -0.09229
vn 0.99017 -0.09892 -0.09892
vn 0.99299 -0.03905 -0.11158
vn 0.99040 -0.07355 -0.11705
vn -1.00000 -0.00000 0.00000
vn -0.18492 0.52286 -0.83212
vn -0.15706 0.32618 -0.93217
vn -0.15706 0.32618 0.93217
vn -0.18492 0.52286 0.83212
vn -1.00000 -0.00000 0.00000
vn 0.07800 -0.05891 0.99521
vn -0.99943 0.00000 -0.03367
vn -0.99921 0.00443 -0.03939
vn -0.99921 0.00444 0.03939
vn -0.99943 0.00000 0.03366
vn 0.07800 -0.05891 -0.99521
vn 0.00000 -0.84672 0.53203
vn 0.00000 -0.94388 0.33028
vn 0.93683 0.29616 -0.18609
vn -0.48913 0.82327 -0.28807
vn 0.00000 -0.84672 0.53203
vn 0.00000 -0.94388 0.33028
vn 1.00000 -0.00000 0.00000
vn -0.48912 0.82327 0.28807
vn 0.93683 0.29616 0.18609
vn 0.00000 -0.94388 -0.33028
vn 0.00000 -0.84672 -0.53203
vn 1.00000 -0.00000 0.00000
vn 0.00000 -0.94388 -0.33028
vn 0.00000 -0.84672 -0.53203
vn 0.12367 -0.61546 0.77840
vn 0.99040 -0.07355 0.11705
vn 0.99017 -0.09892 0.09892
vn 0.99017 -0.09892 -0.09892
vn 0.99040 -0.07355 -0.11705
vn 0.12367 -0.61546 -0.77840
vn 0.00000 -0.94388 0.33028
vn 0.00000 -0.99371 0.11197
vn -0.98253 0.18494 -0.02084
vn -0.48913 0.82327 -0.28807
vn 0.00000 -0.94388 0.33028
vn 0.00000 -0.99371 0.11197
vn 1.00000 -0.00000 0.00000
vn -0.48912 0.82327 0.28807
vn -0.98253 0.18494 0.02084
vn 0.00000 -0.99371 -0.11197
vn 0.00000 -0.94388 -0.33028
vn 1.00000 -0.00000 0.00000
vn 0.00000 -0.99371 -0.11197
vn 0.00000 -0.94388 -0.33028
vn 0.00000 -0.99371 0.11197
vn 0.00000 -1.00000 0.00000
vn 0.99978 -0.02105 0.00000
vn -0.98253 0.18494 -0.02084
vn 0.00000 -0.99371 0.11197
vn 0.00000 -1.00000 0.00000
vn 1.00000 -0.00000 0.00000
vn -0.98253 0.18494 0.02084
vn 0.00000 -1.00000 0.00000
vn 0.99978 -0.02105 0.00000
vn 0.00000 -0.99371 -0.11197
vn 0.00000 -1.00000 0.00000
vn 1.00000 -0.00000 0.00000
vn 0.00000 -0.99371 -0.11197
vn -1.00000 0.00120 -0.00191
vn -0.99999 0.00128 -0.00367
vn -0.18492 0.52286 -0.83212
vn -0.15706 0.32618 -0.93217
vn -0.15706 0.32618 0.93217
vn -0.18492 0.52286 0.83212
vn -0.99999 0.00128 0.00367
vn -1.00000 0.00120 0.00191
vn -0.00000 0.00000 1.00000
vn -0.07010 -0.62415 0.77815
vn -0.65585 0.00000 0.75489
vn 0.13470 -0.77289 0.62008
vn 0.99017 -0.09892 0.09892
vn 0.99254 -0.10320 0.06485
vn 0.99254 -0.10320 -0.06485
vn 0.99017 -0.09892 -0.09892
vn 0.13470 -0.77289 -0.62008
vn -1.00000 -0.00000 0.00000
vn -0.20860 0.69155 -0.69155
vn -0.18492 0.52286 -0.83212
vn -0.18492 0.52286 0.83212
vn -0.20860 0.69155 0.69155
vn -1.00000 -0.00000 0.00000
vn 0.09265 -0.22723 0.96942
vn -0.99921 0.00443 -0.03939
vn -0.99782 0.02182 -0.06235
vn -0.99782 0.02182 0.06235
vn -0.99921 0.00444 0.03939
vn 0.09265 -0.22723 -0.96942
vn 0.14165 -0.89122 0.43089
vn 0.99254 -0.10320 0.06485
vn 0.99533 -0.09114 0.03189
vn 0.99533 -0.09114 -0.03189
vn 0.99254 -0.10320 -0.06485
vn 0.14165 -0.89122 -0.43089
vn -0.07010 -0.62415 0.77815
vn -0.65585 0.00000 0.75489
vn -0.11415 -0.99346 0.00000
vn -1.00000 0.00000 0.00000
vn -0.11415 -0.99346 0.00000
vn -1.00000 0.00000 0.00000
vn -0.08947 -0.30500 -0.94814
vn 0.14420 -0.96472 0.22029
vn 0.99533 -0.09114 0.03189
vn 0.99725 -0.07360 0.00829
vn 0.99725 -0.07360 -0.00829
vn 0.99533 -0.09114 -0.03189
vn 0.14420 -0.96472 -0.22029
vn -1.00000 -0.00000 0.00000
vn -0.22708 0.82460 -0.51813
vn -0.20860 0.69155 -0.69155
vn -0.20860 0.69155 0.69155
vn -0.22708 0.82460 0.51813
vn -1.00000 -0.00000 0.00000
vn 0.14307 -0.98818 0.05511
vn 0.99725 -0.07360 0.00829
vn 0.99978 -0.02105 0.00000
vn 0.99978 -0.02105 0.00000
vn 0.99725 -0.07360 -0.00829
vn 0.14307 -0.98818 -0.05511
vn -1.00000 0.00138 -0.00138
vn -1.00000 0.00120 -0.00191
vn -0.20860 0.69155 -0.69155
vn -0.18492 0.52286 -0.83212
vn -0.18492 0.52286 0.83212
vn -0.20860 0.69155 0.69155
vn -1.00000 0.00120 0.00191
vn -1.00000 0.00138 0.00138
vn -1.00000 -0.00000 0.00000
vn -0.23961 0.91639 -0.32066
vn -0.22708 0.82460 -0.51813
vn -0.22708 0.82460 0.51813
vn -0.23961 0.91639 0.32066
vn -1.00000 -0.00000 0.00000
vn 0.10982 -0.43580 0.89332
vn -0.99782 0.02182 -0.06235
vn -0.99378 0.05923 -0.09426
vn -0.99378 0.05924 0.09426
vn -0.99782 0.02182 0.06235
vn 0.10982 -0.43580 -0.89332
vn -1.00000 -0.00000 0.00000
vn -0.24572 0.96325 -0.10853
vn -0.23961 0.91639 -0.32066
vn -0.23961 0.91639 0.32066
vn -0.24571 0.96325 0.10853
vn -1.00000 -0.00000 0.00000
vn -1.00000 0.00186 -0.00116
vn -1.00000 0.00138 -0.00138
vn -0.22708 0.82460 -0.51813
vn -0.20860 0.69155 -0.69155
vn -0.20860 0.69155 0.69155
vn -0.22708 0.82460 0.51813
vn -1.00000 0.00138 0.00138
vn -1.00000 0.00185 0.00116
vn -1.00000 -0.00000 0.00000
vn -0.24691 0.96904 0.00000
vn -0.24572 0.96325 -0.10853
vn -0.24571 0.96325 0.10853
vn -1.00000 -0.00000 0.00000
vn -0.24691 0.96904 0.00000
vn -0.99939 0.03482 0.00000
vn -1.00000 0.00186 -0.00116
vn -0.99999 0.00335 -0.00117
vn -1.00000 0.00138 -0.00138
vn -1.00000 0.00120 -0.00191
vn -0.99999 0.00128 -0.00367
vn 0.98500 0.17145 -0.01924
vn 0.99970 0.00278 -0.02449
vn -0.99943 0.00000 -0.03367
vn -0.99943 0.00000 0.03366
vn 0.99970 0.00278 0.02449
vn 0.98512 0.17080 0.01924
vn -0.99999 0.00128 0.00367
vn -1.00000 0.00120 0.00191
vn -1.00000 0.00138 0.00138
vn -1.00000 0.00185 0.00116
vn -0.99999 0.00336 0.00117
vn -0.99939 0.03482 0.00000
vn 0.12414 -0.62181 0.77327
vn -0.99378 0.05923 -0.09426
vn -0.98989 0.10029 -0.10029
vn -0.98989 0.10029 0.10029
vn -0.99378 0.05924 0.09426
vn 0.12414 -0.62181 -0.77327
vn -1.00000 0.00186 -0.00116
vn -0.99999 0.00335 -0.00117
vn -0.23961 0.91639 -0.32066
vn -0.22708 0.82460 -0.51813
vn -0.22708 0.82460 0.51813
vn -0.23961 0.91639 0.32066
vn -1.00000 0.00185 0.00116
vn -0.99999 0.00336 0.00117
vn -0.99939 0.03482 0.00000
vn -0.99928 0.03758 -0.00423
vn -0.99804 0.05904 -0.02066
vn -0.99943 0.00000 -0.03367
vn -0.99921 0.00443 -0.03939
vn -0.99434 0.08993 -0.05651
vn -0.99782 0.02182 -0.06235
vn -0.99378 0.05923 -0.09426
vn -0.98989 0.10029 -0.10029
vn -0.98989 0.10029 0.10029
vn -0.99378 0.05924 0.09426
vn -0.99782 0.02182 0.06235
vn -0.99434 0.08993 0.05651
vn -0.99921 0.00444 0.03939
vn -0.99943 0.00000 0.03366
vn -0.99804 0.05903 0.02066
vn -0.99928 0.03758 0.00423
vn -0.99939 0.03482 0.00000
vn -0.99999 0.00335 -0.00117
vn 0.98500 0.17145 -0.01924
vn -0.24572 0.96325 -0.10853
vn -0.23961 0.91639 -0.32066
vn -0.23961 0.91639 0.32066
vn -0.24571 0.96325 0.10853
vn 0.98512 0.17080 0.01924
vn -0.99999 0.00336 0.00117
vn -0.99939 0.03482 0.00000
vn -0.24691 0.96904 0.00000
vn 0.98500 0.17145 -0.01924
vn -0.24572 0.96325 -0.10853
vn -0.24571 0.96325 0.10853
vn 0.98512 0.17080 0.01924
vn -0.99939 0.03482 0.00000
vn -0.24691 0.96904 0.00000
vn 0.13493 -0.77644 0.61558
vn -0.99434 0.08993 -0.05651
vn -0.98989 0.10029 -0.10029
vn -0.98989 0.10029 0.10029
vn -0.99434 0.08993 0.05651
vn 0.13493 -0.77644 -0.61558
vn 0.14171 -0.89252 0.42816
vn -0.99804 0.05904 -0.02066
vn -0.99434 0.08993 -0.05651
vn -0.99434 0.08993 0.05651
vn -0.99804 0.05903 0.02066
vn 0.14171 -0.89252 -0.42816
vn 0.14420 -0.96476 0.22011
vn -0.99928 0.03758 -0.00423
vn -0.99804 0.05904 -0.02066
vn -0.99804 0.05903 0.02066
vn -0.99928 0.03758 0.00423
vn 0.14420 -0.96476 -0.22011
vn 0.14308 -0.98813 0.05588
vn -0.99939 0.03482 0.00000
vn -0.99928 0.03758 -0.00423
vn -0.99928 0.03758 0.00423
vn -0.99939 0.03482 0.00000
vn 0.14308 -0.98813 -0.05588
vn 0.00000 0.00000 1.00000
vn -1.00000 0.00000 0.00000
vn 0.00000 0.00000 1.00000
vn 1.00000 0.00000 0.00000
vn -1.00000 0.00000 0.00000
vn 1.00000 0.00000 0.00000
vn -1.00000 0.00000 0.00000
vn 1.00000 0.00000 0.00000
vn 0.00000 -1.00000 0.00000
vn -1.00000 0.00000 0.00000
vn 0.00000 0.00000 -1.00000
vn 0.00000 -1.00000 0.00000
vn 1.00000 0.00000 0.00000
vn 0.00000 0.00000 -1.00000
vn 0.00000 0.00000 1.00000
vn 0.00000 -1.00000 0.00000
vn -1.00000 0.00000 0.00000
vn 0.00000 0.00000 1.00000
vn 0.00000 -1.00000 0.00000
vn 1.00000 0.00000 0.00000
vn -1.00000 0.00000 0.00000
vn 1.00000 0.00000 0.00000
vn -1.00000 0.00000 0.00000
vn 1.00000 0.00000 0.00000
vn -1.00000 0.00000 0.00000
vn 0.00000 0.00000 -1.00000
vn 1.00000 0.00000 0.00000
vn 0.00000 0.00000 -1.00000
vn -0.00000 0.00000 1.00000
vn -0.07010 -0.62415 0.77815
vn 0.42240 -0.47754 0.77042
vn -0.07010 -0.62415 0.77815
vn 0.42240 -0.47754 0.77042
vn -0.11415 -0.99346 0.00000
vn 0.66104 -0.75035 0.00000
vn -0.11415 -0.99346 0.00000
vn 0.66104 -0.75035 0.00000
vn 0.25938 -0.29415 -0.91989
vn -0.08947 -0.30500 -0.94814
vn 0.01598 -0.15587 0.98765
vn 1.00000 -0.00000 0.00000
vn -0.10202 0.99478 0.00000
vn 1.00000 -0.00000 0.00000
vn -0.10202 0.99478 0.00000
vn -0.00983 0.09581 -0.99535
vn 0.00356 -0.03468 0.99939
vn 1.00000 0.00000 0.00000
vn -0.10202 0.99478 0.00000
vn 1.00000 0.00000 0.00000
vn -0.10202 0.99478 0.00000
vn 0.00275 -0.02685 -0.99964
vn 0.00446 -0.04344 0.99905
vn 1.00000 0.00000 0.00000
vn -0.10202 0.99478 0.00000
vn 1.00000 0.00000 0.00000
vn -0.10202 0.99478 0.00000
vn 0.00299 -0.02914 -0.99957
vn -0.01039 0.10127 0.99480
vn 1.00000 -0.00000 0.00000
vn -0.10202 0.99478 0.00000
vn 1.00000 -0.00000 0.00000
vn -0.10202 0.99478 0.00000
vn 0.01762 -0.17182 -0.98497
vn 0.00881 -0.09660 0.99528
vn 1.00000 0.00000 0.00000
vn -0.09081 0.99587 0.00000
vn 1.00000 0.00000 0.00000
vn -0.09081 0.99587 0.00000
vn -0.00497 0.05447 -0.99850
vn -0.00307 0.03364 0.99943
vn 1.00000 0.00000 0.00000
vn -0.09081 0.99587 0.00000
vn 1.00000 0.00000 0.00000
vn -0.09081 0.99587 0.00000
vn 0.00692 -0.07594 -0.99709
vn 0.00000 0.00000 1.00000
vn 0.00000 -0.85424 0.51988
vn -1.00000 -0.00000 0.00000
vn 0.00000 0.00000 1.00000
vn 0.00000 -0.85424 0.51988
vn 1.00000 0.00000 0.00000
vn -1.00000 -0.00000 0.00000
vn 1.00000 0.00000 0.00000
vn -1.00000 0.00000 0.00000
vn 1.00000 0.00000 0.00000
vn -1.00000 0.00000 0.00000
vn 0.00000 0.61064 -0.79191
vn 0.00000 0.00000 -1.00000
vn 1.00000 0.00000 0.00000
vn 0.00000 0.61064 -0.79191
vn 0.00000 0.00000 -1.00000
vn 0.00000 0.00000 1.00000
vn 0.00000 0.61064 0.79191
vn -1.00000 0.00000 0.00000
vn 0.00000 0.00000 1.00000
vn 0.00000 0.61064 0.79191
vn 1.00000 0.00000 0.00000
vn -1.00000 0.00000 0.00000
vn 1.00000 0.00000 0.00000
vn -1.00000 0.00000 0.00000
vn 1.00000 0.00000 0.00000
vn -1.00000 0.00000 0.00000
vn 0.00000 -0.84913 -0.52818
vn 0.00000 0.00000 -1.00000
vn 1.00000 0.00000 0.00000
vn 0.00000 -0.84913 -0.52818
vn 0.00000 0.00000 -1.00000
vn -0.00547 -0.15589 0.98776
vn -1.00000 0.00000 0.00000
vn 0.03508 0.99938 0.00000
vn -1.00000 0.00000 0.00000
vn 0.03508 0.99938 0.00000
vn 0.00336 0.09581 -0.99539
vn -0.00122 -0.03468 0.99940
vn -1.00000 0.00000 0.00000
vn 0.03508 0.99938 0.00000
vn -1.00000 0.00000 0.00000
vn 0.03508 0.99938 0.00000
vn -0.00094 -0.02685 -0.99964
vn -0.00153 -0.04344 0.99905
vn -1.00000 0.00000 0.00000
vn 0.03508 0.99938 0.00000
vn -1.00000 0.00000 0.00000
vn 0.03508 0.99938 0.00000
vn -0.00102 -0.02914 -0.99957
vn 0.00356 0.10127 0.99485
vn -1.00000 -0.00000 0.00000
vn 0.03508 0.99938 0.00000
vn -1.00000 -0.00000 0.00000
vn 0.03508 0.99938 0.00000
vn -0.00603 -0.17184 -0.98511
vn -0.00237 -0.09660 0.99532
vn -1.00000 -0.00000 0.00000
vn 0.02457 0.99970 0.00000
vn -1.00000 -0.00000 0.00000
vn 0.02457 0.99970 0.00000
vn 0.00134 0.05447 -0.99851
vn 0.00083 0.03364 0.99943
vn -1.00000 0.00000 0.00000
vn 0.02457 0.99970 0.00000
vn -1.00000 0.00000 0.00000
vn 0.02457 0.99970 0.00000
vn -0.00187 -0.07594 -0.99711
vn -0.00237 -0.09660 0.99532
vn 0.00000 -0.09660 0.99532
vn 0.02457 0.99970 0.00000
vn 0.00000 1.00000 0.00000
vn 0.00000 -0.09660 0.99532
vn 0.00881 -0.09660 0.99528
vn -0.09081 0.99587 0.00000
vn 0.00000 1.00000 0.00000
vn 0.02457 0.99970 0.00000
vn 0.00000 1.00000 0.00000
vn 0.00000 0.05447 -0.99852
vn 0.00134 0.05447 -0.99851
vn -0.09081 0.99587 0.00000
vn 0.00000 1.00000 0.00000
vn -0.00497 0.05447 -0.99850
vn 0.00000 0.05447 -0.99852
vn 0.00000 0.03364 0.99943
vn 0.00083 0.03364 0.99943
vn 0.02457 0.99970 0.00000
vn 0.00000 1.00000 0.00000
vn -0.00307 0.03364 0.99943
vn 0.00000 0.03364 0.99943
vn -0.09081 0.99587 0.00000
vn 0.00000 1.00000 0.00000
vn 0.02457 0.99970 0.00000
vn 0.00000 1.00000 0.00000
vn -0.00187 -0.07594 -0.99711
vn 0.00000 -0.07594 -0.99711
vn -0.09081 0.99587 0.00000
vn 0.00000 1.00000 0.00000
vn 0.00000 -0.07594 -0.99711
vn 0.00692 -0.07594 -0.99709
vn -0.00547 -0.15589 0.98776
vn 0.00000 -0.15589 0.98777
vn 0.00000 -0.85424 0.51988
vn -1.00000 -0.00000 0.00000
vn 0.03508 0.99938 0.00000
vn 0.00000 -0.15589 0.98777
vn 0.01598 -0.15587 0.98765
vn 0.00000 -0.85424 0.51988
vn 1.00000 0.00000 0.00000
vn -0.10202 0.99478 0.00000
vn 0.00000 -1.00000 0.00000
vn -1.00000 -0.00000 0.00000
vn 0.03508 0.99938 0.00000
vn 0.00000 0.09581 -0.99540
vn 0.00336 0.09581 -0.99539
vn 0.00000 -1.00000 0.00000
vn 1.00000 0.00000 0.00000
vn -0.10202 0.99478 0.00000
vn -0.00983 0.09581 -0.99535
vn 0.00000 0.09581 -0.99540
vn -0.00122 -0.03468 0.99940
vn 0.00000 -0.03468 0.99940
vn 0.00000 -1.00000 0.00000
vn -1.00000 0.00000 0.00000
vn 0.03508 0.99938 0.00000
vn 0.00000 -0.03468 0.99940
vn 0.00356 -0.03468 0.99939
vn 0.00000 -1.00000 0.00000
vn 1.00000 0.00000 0.00000
vn -0.10202 0.99478 0.00000
vn -1.00000 0.00000 0.00000
vn 0.03508 0.99938 0.00000
vn 0.00000 0.61064 -0.79191
vn -0.00094 -0.02685 -0.99964
vn 0.00000 -0.02685 -0.99964
vn 1.00000 0.00000 0.00000
vn -0.10202 0.99478 0.00000
vn 0.00000 0.61064 -0.79191
vn 0.00000 -0.02685 -0.99964
vn 0.00275 -0.02685 -0.99964
vn -0.00153 -0.04344 0.99905
vn 0.00000 -0.04344 0.99906
vn 0.00000 0.61064 0.79191
vn -1.00000 0.00000 0.00000
vn 0.03508 0.99938 0.00000
vn 0.00000 -0.04344 0.99906
vn 0.00446 -0.04344 0.99905
vn 0.00000 0.61064 0.79191
vn 1.00000 0.00000 0.00000
vn -0.10202 0.99478 0.00000
vn 0.00000 -1.00000 0.00000
vn -1.00000 0.00000 0.00000
vn 0.03508 0.99938 0.00000
vn -0.00102 -0.02914 -0.99957
vn -0.00000 -0.02914 -0.99958
vn 0.00000 -1.00000 0.00000
vn 1.00000 0.00000 0.00000
vn -0.10202 0.99478 0.00000
vn -0.00000 -0.02914 -0.99958
vn 0.00299 -0.02914 -0.99957
vn 0.00000 0.10127 0.99486
vn 0.00356 0.10127 0.99485
vn 0.00000 -1.00000 0.00000
vn -1.00000 0.00000 0.00000
vn 0.03508 0.99938 0.00000
vn 0.00000 0.10127 0.99486
vn -0.01039 0.10127 0.99480
vn 0.00000 -1.00000 0.00000
vn 1.00000 0.00000 0.00000
vn -0.10202 0.99478 0.00000
vn -1.00000 0.00000 0.00000
vn 0.03508 0.99938 0.00000
vn 0.00000 -0.84913 -0.52818
vn -0.00603 -0.17184 -0.98511
vn 0.00000 -0.17184 -0.98512
vn 1.00000 0.00000 0.00000
vn -0.10202 0.99478 0.00000
vn 0.00000 -0.84913 -0.52818
vn 0.01762 -0.17182 -0.98497
vn 0.00000 -0.17184 -0.98512
vn 0.00881 -0.09660 0.99528
vn 0.09081 -0.99587 0.00000
vn 1.00000 0.00000 0.00000
vn 0.09081 -0.99587 0.00000
vn 1.00000 0.00000 0.00000
vn -0.00497 0.05447 -0.99850
vn -0.00307 0.03364 0.99943
vn 0.09081 -0.99587 0.00000
vn 1.00000 0.00000 0.00000
vn 0.09081 -0.99587 0.00000
vn 1.00000 0.00000 0.00000
vn 0.00692 -0.07594 -0.99709
vn 0.01598 -0.15587 0.98765
vn 0.10202 -0.99478 0.00000
vn 1.00000 -0.00000 0.00000
vn 0.10202 -0.99478 0.00000
vn 1.00000 -0.00000 0.00000
vn -0.00983 0.09581 -0.99535
vn 0.00356 -0.03468 0.99939
vn 0.10202 -0.99478 0.00000
vn 1.00000 0.00000 0.00000
vn 0.10202 -0.99478 0.00000
vn 1.00000 0.00000 0.00000
vn 0.00275 -0.02685 -0.99964
vn 0.00446 -0.04344 0.99905
vn 0.10202 -0.99478 0.00000
vn 1.00000 0.00000 0.00000
vn 0.10202 -0.99478 0.00000
vn 1.00000 0.00000 0.00000
vn 0.00299 -0.02914 -0.99957
vn -0.01039 0.10127 0.99480
vn 0.10202 -0.99478 0.00000
vn 1.00000 -0.00000 0.00000
vn 0.10202 -0.99478 0.00000
vn 1.00000 -0.00000 0.00000
vn 0.01762 -0.17182 -0.98497
vn -0.00237 -0.09660 0.99532
vn -0.02457 -0.99970 0.00000
vn -1.00000 -0.00000 0.00000
vn -0.02457 -0.99970 0.00000
vn -1.00000 -0.00000 0.00000
vn 0.00134 0.05447 -0.99851
vn 0.00083 0.03364 0.99943
vn -0.02457 -0.99970 0.00000
vn -1.00000 0.00000 0.00000
vn -0.02457 -0.99970 0.00000
vn -1.00000 0.00000 0.00000
vn -0.00187 -0.07594 -0.99711
vn -0.00547 -0.15589 0.98776
vn -0.03508 -0.99938 0.00000
vn -1.00000 0.00000 0.00000
vn -0.03508 -0.99938 0.00000
vn -1.00000 0.00000 0.00000
vn 0.00336 0.09581 -0.99539
vn -0.00122 -0.03468 0.99940
vn -0.03508 -0.99938 0.00000
vn -1.00000 0.00000 0.00000
vn -0.03508 -0.99938 0.00000
vn -1.00000 0.00000 0.00000
vn -0.00094 -0.02685 -0.99964
vn -0.00153 -0.04344 0.99905
vn -0.03508 -0.99938 0.00000
vn -1.00000 0.00000 0.00000
vn -0.03508 -0.99938 0.00000
vn -1.00000 0.00000 0.00000
vn -0.00102 -0.02914 -0.99957
vn 0.00356 0.10127 0.99485
vn -0.03508 -0.99938 0.00000
vn -1.00000 -0.00000 0.00000
vn -0.03508 -0.99938 0.00000
vn -1.00000 -0.00000 0.00000
vn -0.00603 -0.17184 -0.98511
vn 0.00000 0.03364 0.99943
vn 0.00083 0.03364 0.99943
vn 0.00000 -1.00000 0.00000
vn -0.02457 -0.99970 0.00000
vn -0.00307 0.03364 0.99943
vn 0.00000 0.03364 0.99943
vn 0.00000 -1.00000 0.00000
vn 0.09081 -0.99587 0.00000
vn 0.00000 -1.00000 0.00000
vn -0.02457 -0.99970 0.00000
vn -0.00187 -0.07594 -0.99711
vn 0.00000 -0.07594 -0.99711
vn 0.00000 -1.00000 0.00000
vn 0.09081 -0.99587 0.00000
vn 0.00000 -0.07594 -0.99711
vn 0.00692 -0.07594 -0.99709
vn -0.00237 -0.09660 0.99532
vn 0.00000 -0.09660 0.99532
vn 0.00000 -1.00000 0.00000
vn -0.02457 -0.99970 0.00000
vn 0.00000 -0.09660 0.99532
vn 0.00881 -0.09660 0.99528
vn 0.00000 -1.00000 0.00000
vn 0.09081 -0.99587 0.00000
vn 0.00000 -1.00000 0.00000
vn -0.02457 -0.99970 0.00000
vn 0.00000 0.05447 -0.99852
vn 0.00134 0.05447 -0.99851
vn 0.00000 -1.00000 0.00000
vn 0.09081 -0.99587 0.00000
vn -0.00497 0.05447 -0.99850
vn 0.00000 0.05447 -0.99852
vn -0.00547 -0.15589 0.98776
vn 0.00000 -0.15589 0.98777
vn 0.00000 -1.00000 0.00000
vn -0.03508 -0.99938 0.00000
vn 0.00000 -0.15589 0.98777
vn 0.01598 -0.15587 0.98765
vn 0.00000 -1.00000 0.00000
vn 0.10202 -0.99478 0.00000
vn 0.00000 -1.00000 0.00000
vn -0.03508 -0.99938 0.00000
vn 0.00000 0.09581 -0.99540
vn 0.00336 0.09581 -0.99539
vn 0.00000 -1.00000 0.00000
vn 0.10202 -0.99478 0.00000
vn -0.00983 0.09581 -0.99535
vn 0.00000 0.09581 -0.99540
vn -0.00122 -0.03468 0.99940
vn 0.00000 -0.03468 0.99940
vn 0.00000 -1.00000 0.00000
vn -0.03508 -0.99938 0.00000
vn 0.00000 -0.03468 0.99940
vn 0.00356 -0.03468 0.99939
vn 0.00000 -1.00000 0.00000
vn 0.10202 -0.99478 0.00000
vn 0.00000 -1.00000 0.00000
vn -0.03508 -0.99938 0.00000
vn -0.00094 -0.02685 -0.99964
vn 0.00000 -0.02685 -0.99964
vn 0.00000 -1.00000 0.00000
vn 0.10202 -0.99478 0.00000
vn 0.00000 -0.02685 -0.99964
vn 0.00275 -0.02685 -0.99964
vn -0.00153 -0.04344 0.99905
vn 0.00000 -0.04344 0.99906
vn 0.00000 -1.00000 0.00000
vn -0.03508 -0.99938 0.00000
vn 0.00000 -0.04344 0.99906
vn 0.00446 -0.04344 0.99905
vn 0.00000 -1.00000 0.00000
vn 0.10202 -0.99478 0.00000
vn 0.00000 -1.00000 0.00000
vn -0.03508 -0.99938 0.00000
vn -0.00102 -0.02914 -0.99957
vn -0.00000 -0.02914 -0.99958
vn 0.00000 -1.00000 0.00000
vn 0.10202 -0.99478 0.00000
vn -0.00000 -0.02914 -0.99958
vn 0.00299 -0.02914 -0.99957
vn 0.00000 0.10127 0.99486
vn 0.00356 0.10127 0.99485
vn 0.00000 -1.00000 0.00000
vn -0.03508 -0.99938 0.00000
vn 0.00000 0.10127 0.99486
vn -0.01039 0.10127 0.99480
vn 0.00000 -1.00000 0.00000
vn 0.10202 -0.99478 0.00000
vn 0.00000 -1.00000 0.00000
vn -0.03508 -0.99938 0.00000
vn -0.00603 -0.17184 -0.98511
vn 0.00000 -0.17184 -0.98512
vn 0.00000 -1.00000 0.00000
vn 0.10202 -0.99478 0.00000
vn 0.01762 -0.17182 -0.98497
vn 0.00000 -0.17184 -0.98512
f 1972//1972 1975//1975 422//422
f 1972//1972 422//422 419//419
f 409//409 406//406 329//329
f 409//409 329//329 332//332
f 418//418 420//420 1973//1973
f 418//418 1973//1973 1971//1971
f 1955//1955 1958//1958 2034//2034
f 1955//1955 2034//2034 2032//2032
f 398//398 396//396 1949//1949
f 398//398 1949//1949 1951//1951
f 421//421 423//423 1976//1976
f 421//421 1976//1976 1974//1974
f 416//416 411//411 335//335
f 416//416 335//335 339//339
f 1957//1957 1964//1964 1967//1967
f 1957//1957 1967//1967 1960//1960
f 402//402 404//404 1958//1958
f 402//402 1958//1958 1955//1955
f 404//404 411//411 1965//1965
f 404//404 1965//1965 1958//1958
f 1970//1970 1968//1968 2045//2045
f 1970//1970 2045//2045 2047//2047
f 408//408 415//415 412//412
f 408//408 412//412 405//405
f 1956//1956 1961//1961 407//407
f 1956//1956 407//407 403//403
f 1961//1961 1968//1968 414//414
f 1961//1961 414//414 407//407
f 323//323 319//319 205//205
f 323//323 205//205 212//212
f 2048//2048 2050//2050 2194//2194
f 2048//2048 2194//2194 2187//2187
f 347//347 344//344 273//273
f 347//347 273//273 278//278
f 339//339 335//335 245//245
f 339//339 245//245 252//252
f 1951//1951 1949//1949 2024//2024
f 1951//1951 2024//2024 2027//2027
f 410//410 413//413 336//336
f 410//410 336//336 333//333
f 403//403 407//407 330//330
f 403//403 330//330 326//326
f 1971//1971 1973//1973 2050//2050
f 1971//1971 2050//2050 2048//2048
f 1974//1974 1976//1976 2055//2055
f 1974//1974 2055//2055 2052//2052
f 396//396 398//398 320//320
f 396//396 320//320 317//317
f 1954//1954 1952//1952 2029//2029
f 1954//1954 2029//2029 2031//2031
f 423//423 421//421 345//345
f 423//423 345//345 348//348
f 1959//1959 1962//1962 2039//2039
f 1959//1959 2039//2039 2036//2036
f 400//400 397//397 319//319
f 400//400 319//319 323//323
f 1966//1966 1963//1963 2040//2040
f 1966//1966 2040//2040 2043//2043
f 419//419 422//422 346//346
f 419//419 346//346 342//342
f 242//242 246//246 37//37
f 242//242 37//37 34//34
f 29//29 23//23 141//141
f 29//29 141//141 143//143
f 239//239 235//235 28//28
f 239//239 28//28 31//31
f 2035//2035 2038//2038 2161//2161
f 2035//2035 2161//2161 2156//2156
f 2032//2032 2034//2034 2154//2154
f 2032//2032 2154//2154 2147//2147
f 2044//2044 2041//2041 2166//2166
f 2044//2044 2166//2166 2171//2171
f 2028//2028 2025//2025 2126//2126
f 2028//2028 2126//2126 2131//2131
f 331//331 328//328 233//233
f 331//331 233//233 238//238
f 2051//2051 2054//2054 2201//2201
f 2051//2051 2201//2201 2196//2196
f 2047//2047 2045//2045 2172//2172
f 2047//2047 2172//2172 2180//2180
f 334//334 337//337 248//248
f 334//334 248//248 243//243
f 2031//2031 2029//2029 2132//2132
f 2031//2031 2132//2132 2140//2140
f 326//326 330//330 237//237
f 326//326 237//237 229//229
f 342//342 346//346 277//277
f 342//342 277//277 269//269
f 318//318 321//321 208//208
f 318//318 208//208 203//203
f 338//338 340//340 257//257
f 338//338 257//257 250//250
f 340//340 342//342 269//269
f 340//340 269//269 257//257
f 2053//2053 2049//2049 2192//2192
f 2053//2053 2192//2192 2199//2199
f 2049//2049 2047//2047 2180//2180
f 2049//2049 2180//2180 2192//2192
f 2170//2170 2345//2345 2228//2228
f 2170//2170 2228//2228 2000//2000
f 2174//2174 2186//2186 2191//2191
f 2174//2174 2191//2191 2179//2179
f 2169//2169 2165//2165 2341//2341
f 2169//2169 2341//2341 2344//2344
f 258//258 270//270 265//265
f 258//258 265//265 253//253
f 414//414 417//417 340//340
f 414//414 340//340 338//338
f 417//417 419//419 342//342
f 417//417 342//342 340//340
f 1965//1965 1969//1969 2046//2046
f 1965//1965 2046//2046 2042//2042
f 1969//1969 1971//1971 2048//2048
f 1969//1969 2048//2048 2046//2046
f 343//343 341//341 264//264
f 343//343 264//264 272//272
f 341//341 339//339 252//252
f 341//341 252//252 264//264
f 2042//2042 2046//2046 2175//2175
f 2042//2042 2175//2175 2167//2167
f 2046//2046 2048//2048 2187//2187
f 2046//2046 2187//2187 2175//2175
f 1975//1975 1972//1972 2049//2049
f 1975//1975 2049//2049 2053//2053
f 1972//1972 1970//1970 2047//2047
f 1972//1972 2047//2047 2049//2049
f 420//420 418//418 341//341
f 420//420 341//341 343//343
f 418//418 416//416 339//339
f 418//418 339//339 341//341
f 411//411 416//416 1969//1969
f 411//411 1969//1969 1965//1965
f 416//416 418//418 1971//1971
f 416//416 1971//1971 1969//1969
f 1968//1968 1970//1970 417//417
f 1968//1968 417//417 414//414
f 1970//1970 1972//1972 419//419
f 1970//1970 419//419 417//417
f 322//322 324//324 217//217
f 322//322 217//217 210//210
f 324//324 326//326 229//229
f 324//324 229//229 217//217
f 2037//2037 2033//2033 2152//2152
f 2037//2037 2152//2152 2159//2159
f 2033//2033 2031//2031 2140//2140
f 2033//2033 2140//2140 2152//2152
f 2026//2026 2030//2030 2135//2135
f 2026//2026 2135//2135 2127//2127
f 2030//2030 2032//2032 2147//2147
f 2030//2030 2147//2147 2135//2135
f 2158//2158 2162//2162 2338//2338
f 2158//2158 2338//2338 2335//2335
f 218//218 230//230 225//225
f 218//218 225//225 213//213
f 2134//2134 2146//2146 2151//2151
f 2134//2134 2151//2151 2139//2139
f 404//404 402//402 325//325
f 404//404 325//325 327//327
f 402//402 400//400 323//323
f 402//402 323//323 325//325
f 1961//1961 1956//1956 2033//2033
f 1961//1961 2033//2033 2037//2037
f 1956//1956 1954//1954 2031//2031
f 1956//1956 2031//2031 2033//2033
f 399//399 401//401 324//324
f 399//399 324//324 322//322
f 401//401 403//403 326//326
f 401//401 326//326 324//324
f 327//327 325//325 224//224
f 327//327 224//224 232//232
f 325//325 323//323 212//212
f 325//325 212//212 224//224
f 1952//1952 1954//1954 401//401
f 1952//1952 401//401 399//399
f 1954//1954 1956//1956 403//403
f 1954//1954 403//403 401//401
f 397//397 400//400 1953//1953
f 397//397 1953//1953 1950//1950
f 400//400 402//402 1955//1955
f 400//400 1955//1955 1953//1953
f 1950//1950 1953//1953 2030//2030
f 1950//1950 2030//2030 2026//2026
f 1953//1953 1955//1955 2032//2032
f 1953//1953 2032//2032 2030//2030
f 56//56 62//62 58//58
f 56//56 58//58 52//52
f 2358//2358 2364//2364 2368//2368
f 2358//2358 2368//2368 2362//2362
f 2326//2326 2332//2332 2336//2336
f 2326//2326 2336//2336 2330//2330
f 24//24 30//30 26//26
f 24//24 26//26 20//20
f 2342//2342 2348//2348 2352//2352
f 2342//2342 2352//2352 2346//2346
f 40//40 46//46 42//42
f 40//40 42//42 36//36
f 8//8 14//14 10//10
f 8//8 10//10 4//4
f 2310//2310 2316//2316 2320//2320
f 2310//2310 2320//2320 2314//2314
f 202//202 206//206 5//5
f 202//202 5//5 2//2
f 54//54 267//267 379//379
f 54//54 379//379 151//151
f 220//220 214//214 11//11
f 220//220 11//11 16//16
f 280//280 275//275 60//60
f 280//280 60//60 64//64
f 222//222 226//226 21//21
f 222//222 21//21 18//18
f 2137//2137 2143//2143 2323//2323
f 2137//2137 2323//2323 2318//2318
f 2149//2149 2145//2145 2325//2325
f 2149//2149 2325//2325 2328//2328
f 2129//2129 2125//2125 2309//2309
f 2129//2129 2309//2309 2312//2312
f 2178//2178 2182//2182 2354//2354
f 2178//2178 2354//2354 2351//2351
f 2198//2198 2203//2203 2371//2371
f 2198//2198 2371//2371 2367//2367
f 2189//2189 2184//2184 2356//2356
f 2189//2189 2356//2356 2360//2360
f 45//45 39//39 147//147
f 45//45 147//147 149//149
f 22//22 227//227 367//367
f 22//22 367//367 139//139
f 260//260 48//48 150//150
f 260//260 150//150 378//378
f 259//259 255//255 44//44
f 259//259 44//44 47//47
f 228//228 236//236 370//370
f 228//228 370//370 368//368
f 261//261 266//266 53//53
f 261//261 53//53 49//49
f 2331//2331 2337//2337 2225//2225
f 2331//2331 2225//2225 2223//2223
f 2324//2324 2144//2144 2062//2062
f 2324//2324 2062//2062 2258//2258
f 251//251 244//244 306//306
f 251//251 306//306 308//308
f 2333//2333 2327//2327 2259//2259
f 2333//2333 2259//2259 2261//2261
f 2308//2308 2124//2124 2056//2056
f 2308//2308 2056//2056 2252//2252
f 2128//2128 2136//2136 2060//2060
f 2128//2128 2060//2060 2058//2058
f 19//19 25//25 107//107
f 19//19 107//107 105//105
f 2138//2138 2319//2319 2257//2257
f 2138//2138 2257//2257 2061//2061
f 211//211 204//204 294//294
f 211//211 294//294 296//296
f 2075//2075 2077//2077 2274//2274
f 2075//2075 2274//2274 2272//2272
f 315//315 313//313 116//116
f 315//315 116//116 118//118
f 297//297 295//295 98//98
f 297//297 98//98 100//100
f 303//303 301//301 104//104
f 303//303 104//104 106//106
f 2057//2057 2059//2059 2256//2256
f 2057//2057 2256//2256 2254//2254
f 2063//2063 2065//2065 2262//2262
f 2063//2063 2262//2262 2260//2260
f 309//309 307//307 110//110
f 309//309 110//110 112//112
f 2069//2069 2071//2071 2268//2268
f 2069//2069 2268//2268 2266//2266
f 262//262 50//50 115//115
f 262//262 115//115 311//311
f 2168//2168 2176//2176 2072//2072
f 2168//2168 2072//2072 2070//2070
f 2177//2177 2350//2350 2269//2269
f 2177//2177 2269//2269 2073//2073
f 59//59 274//274 316//316
f 59//59 316//316 120//120
f 271//271 263//263 312//312
f 271//271 312//312 314//314
f 43//43 254//254 310//310
f 43//43 310//310 114//114
f 2157//2157 2334//2334 2263//2263
f 2157//2157 2263//2263 2067//2067
f 2188//2188 2195//2195 2078//2078
f 2188//2188 2078//2078 2076//2076
f 2340//2340 2164//2164 2068//2068
f 2340//2340 2068//2068 2264//2264
f 231//231 223//223 300//300
f 231//231 300//300 302//302
f 2197//2197 2366//2366 2275//2275
f 2197//2197 2275//2275 2079//2079
f 2148//2148 2155//2155 2066//2066
f 2148//2148 2066//2066 2064//2064
f 2357//2357 2185//2185 2074//2074
f 2357//2357 2074//2074 2270//2270
f 3//3 9//9 101//101
f 3//3 101//101 99//99
f 27//27 234//234 304//304
f 27//27 304//304 108//108
f 2317//2317 2311//2311 2253//2253
f 2317//2317 2253//2253 2255//2255
f 241//241 33//33 109//109
f 241//241 109//109 305//305
f 35//35 41//41 113//113
f 35//35 113//113 111//111
f 201//201 1//1 97//97
f 201//201 97//97 293//293
f 2349//2349 2343//2343 2265//2265
f 2349//2349 2265//2265 2267//2267
f 12//12 215//215 298//298
f 12//12 298//298 102//102
f 51//51 57//57 119//119
f 51//51 119//119 117//117
f 221//221 17//17 103//103
f 221//221 103//103 299//299
f 2365//2365 2359//2359 2271//2271
f 2365//2365 2271//2271 2273//2273
f 363//363 365//365 136//136
f 363//363 136//136 134//134
f 2009//2009 2007//2007 2236//2236
f 2009//2009 2236//2236 2238//2238
f 369//369 371//371 142//142
f 369//369 142//142 140//140
f 2003//2003 2001//2001 2230//2230
f 2003//2003 2230//2230 2232//2232
f 1997//1997 1995//1995 2224//2224
f 1997//1997 2224//2224 2226//2226
f 1991//1991 1989//1989 2218//2218
f 1991//1991 2218//2218 2220//2220
f 375//375 377//377 148//148
f 375//375 148//148 146//146
f 381//381 383//383 154//154
f 381//381 154//154 152//152
f 279//279 63//63 156//156
f 279//279 156//156 384//384
f 2190//2190 2361//2361 2234//2234
f 2190//2190 2234//2234 2006//2006
f 2370//2370 2202//2202 2011//2011
f 2370//2370 2011//2011 2239//2239
f 2322//2322 2142//2142 1993//1993
f 2322//2322 1993//1993 2221//2221
f 2363//2363 2369//2369 2237//2237
f 2363//2363 2237//2237 2235//2235
f 2315//2315 2321//2321 2219//2219
f 2315//2315 2219//2219 2217//2217
f 2181//2181 2173//2173 2002//2002
f 2181//2181 2002//2002 2004//2004
f 2160//2160 2153//2153 1996//1996
f 2160//2160 1996//1996 1998//1998
f 2141//2141 2133//2133 1990//1990
f 2141//2141 1990//1990 1992//1992
f 13//13 7//7 135//135
f 13//13 135//135 137//137
f 249//249 256//256 376//376
f 249//249 376//376 374//374
f 268//268 276//276 382//382
f 268//268 382//382 380//380
f 2347//2347 2353//2353 2231//2231
f 2347//2347 2231//2231 2229//2229
f 240//240 32//32 144//144
f 240//240 144//144 372//372
f 2150//2150 2329//2329 2222//2222
f 2150//2150 2222//2222 1994//1994
f 61//61 55//55 153//153
f 61//61 153//153 155//155
f 219//219 15//15 138//138
f 219//219 138//138 366//366
f 2130//2130 2313//2313 2216//2216
f 2130//2130 2216//2216 1988//1988
f 6//6 207//207 361//361
f 6//6 361//361 133//133
f 2355//2355 2183//2183 2005//2005
f 2355//2355 2005//2005 2233//2233
f 38//38 247//247 373//373
f 38//38 373//373 145//145
f 2200//2200 2193//2193 2008//2008
f 2200//2200 2008//2008 2010//2010
f 209//209 216//216 364//364
f 209//209 364//364 362//362
f 2339//2339 2163//2163 1999//1999
f 2339//2339 1999//1999 2227//2227
f 693//693 789//789 1023//1023
f 693//693 1023//1023 992//992
f 991//991 1022//1022 1346//1346
f 991//991 1346//1346 1379//1379
f 1378//1378 1345//1345 1581//1581
f 1378//1378 1581//1581 1679//1679
f 1680//1680 1582//1582 1348//1348
f 1680//1680 1348//1348 1381//1381
f 1382//1382 1349//1349 1025//1025
f 1382//1382 1025//1025 994//994
f 995//995 1026//1026 790//790
f 995//995 790//790 694//694
f 964//964 1076//1076 1024//1024
f 964//964 1024//1024 791//791
f 1076//1076 1289//1289 1347//1347
f 1076//1076 1347//1347 1024//1024
f 1289//1289 1407//1407 1583//1583
f 1289//1289 1583//1583 1347//1347
f 1407//1407 1292//1292 1350//1350
f 1407//1407 1350//1350 1583//1583
f 1292//1292 1079//1079 1027//1027
f 1292//1292 1027//1027 1350//1350
f 1079//1079 964//964 791//791
f 1079//1079 791//791 1027//1027
f 1291//1291 1405//1405 1408//1408
f 1291//1291 1408//1408 1297//1297
f 1287//1287 1075//1075 1081//1081
f 1287//1287 1081//1081 1293//1293
f 1078//1078 1290//1290 1296//1296
f 1078//1078 1296//1296 1084//1084
f 1406//1406 1288//1288 1294//1294
f 1406//1406 1294//1294 1409//1409
f 1074//1074 963//963 966//966
f 1074//1074 966//966 1080//1080
f 962//962 1077//1077 1083//1083
f 962//962 1083//1083 965//965
f 692//692 1380//1380 993//993
f 1380//1380 692//692 1678//1678
f 1678//1678 692//692 1377//1377
f 1377//1377 692//692 990//990
f 1298//1298 967//967 1085//1085
f 967//967 1298//1298 1410//1410
f 967//967 1410//1410 1295//1295
f 967//967 1295//1295 1082//1082
f 1573//1573 1675//1675 1866//1866
f 1674//1674 1760//1760 1864//1864
f 1759//1759 1820//1820 1863//1863
f 1819//1819 1846//1846 1862//1862
f 1845//1845 1883//1883 1860//1860
f 1884//1884 1909//1909 1861//1861
f 1910//1910 1919//1919 1865//1865
f 1922//1922 1915//1915 1870//1870
f 1916//1916 1890//1890 1875//1875
f 1889//1889 1852//1852 1874//1874
f 1851//1851 1826//1826 1873//1873
f 1825//1825 1766//1766 1872//1872
f 1765//1765 1673//1673 1871//1871
f 1672//1672 1580//1580 1869//1869
f 450//450 457//457 502//502
f 456//456 482//482 497//497
f 483//483 520//520 498//498
f 521//521 546//546 499//499
f 547//547 606//606 500//500
f 607//607 699//699 501//501
f 700//700 792//792 503//503
f 799//799 697//697 506//506
f 698//698 612//612 508//508
f 613//613 552//552 509//509
f 553//553 526//526 510//510
f 527//527 489//489 512//512
f 488//488 463//463 511//511
f 462//462 453//453 507//507
f 894//894 839//839 738//738
f 838//838 803//803 737//737
f 802//802 754//754 735//735
f 753//753 705//705 733//733
f 706//706 650//650 734//734
f 651//651 631//631 736//736
f 630//630 617//617 732//732
f 621//621 636//636 745//745
f 635//635 655//655 741//741
f 656//656 710//710 743//743
f 711//711 759//759 744//744
f 758//758 808//808 742//742
f 807//807 844//844 740//740
f 843//843 898//898 739//739
f 1748//1748 1733//1733 1627//1627
f 1734//1734 1714//1714 1631//1631
f 1713//1713 1659//1659 1629//1629
f 1658//1658 1610//1610 1628//1628
f 1611//1611 1561//1561 1630//1630
f 1562//1562 1525//1525 1632//1632
f 1526//1526 1471//1471 1633//1633
f 1475//1475 1530//1530 1634//1634
f 1531//1531 1566//1566 1635//1635
f 1567//1567 1615//1615 1637//1637
f 1616//1616 1664//1664 1639//1639
f 1663//1663 1719//1719 1638//1638
f 1718//1718 1738//1738 1636//1636
f 1739//1739 1752//1752 1640//1640
f 826//826 786//786 688//688
f 787//787 727//727 690//690
f 728//728 646//646 691//691
f 645//645 601//601 689//689
f 600//600 583//583 687//687
f 582//582 570//570 686//686
f 569//569 558//558 684//684
f 427//427 434//434 480//480
f 433//433 440//440 479//479
f 439//439 446//446 476//476
f 445//445 493//493 473//473
f 494//494 537//537 474//474
f 538//538 588//588 475//475
f 589//589 665//665 477//477
f 664//664 586//586 468//468
f 587//587 535//535 470//470
f 536//536 491//491 471//471
f 492//492 444//444 472//472
f 443//443 438//438 469//469
f 437//437 432//432 466//466
f 431//431 426//426 465//465
f 1945//1945 1938//1938 1892//1892
f 1939//1939 1932//1932 1893//1893
f 1933//1933 1926//1926 1896//1896
f 1927//1927 1879//1879 1899//1899
f 1878//1878 1835//1835 1898//1898
f 1834//1834 1784//1784 1897//1897
f 1783//1783 1707//1707 1895//1895
f 1708//1708 1786//1786 1904//1904
f 1785//1785 1837//1837 1902//1902
f 1836//1836 1881//1881 1901//1901
f 1880//1880 1928//1928 1900//1900
f 1929//1929 1934//1934 1903//1903
f 1935//1935 1940//1940 1906//1906
f 1941//1941 1946//1946 1907//1907
f 1546//1546 1586//1586 1684//1684
f 1585//1585 1645//1645 1682//1682
f 1644//1644 1726//1726 1681//1681
f 1727//1727 1771//1771 1683//1683
f 1772//1772 1789//1789 1685//1685
f 1790//1790 1802//1802 1686//1686
f 1803//1803 1814//1814 1688//1688
f 555//555 568//568 681//681
f 567//567 581//581 679//679
f 580//580 599//599 678//678
f 598//598 644//644 676//676
f 643//643 725//725 674//674
f 726//726 784//784 675//675
f 785//785 823//823 677//677
f 1817//1817 1804//1804 1691//1691
f 1805//1805 1791//1791 1693//1693
f 1792//1792 1773//1773 1694//1694
f 1774//1774 1728//1728 1696//1696
f 1729//1729 1647//1647 1698//1698
f 1646//1646 1588//1588 1697//1697
f 1587//1587 1549//1549 1695//1695
f 1746//1746 1753//1753 1756//1756
f 1746//1746 1756//1756 1750//1750
f 448//448 454//454 518//518
f 448//448 518//518 514//514
f 901//901 904//904 1481//1481
f 901//901 1481//1481 1478//1478
f 796//796 1577//1577 1554//1554
f 796//796 1554//1554 819//819
f 620//620 626//626 623//623
f 620//620 623//623 616//616
f 1576//1576 795//795 818//818
f 1576//1576 818//818 1553//1553
f 822//822 662//662 1705//1705
f 822//822 1705//1705 1545//1545
f 1943//1943 1948//1948 1818//1818
f 1943//1943 1818//1818 1813//1813
f 554//554 559//559 429//429
f 554//554 429//429 424//424
f 667//667 827//827 1550//1550
f 667//667 1550//1550 1710//1710
f 1924//1924 1918//1918 1854//1854
f 1924//1924 1854//1854 1858//1858
f 892//892 896//896 840//840
f 892//892 840//840 836//836
f 837//837 841//841 804//804
f 837//837 804//804 800//800
f 801//801 805//805 755//755
f 801//801 755//755 751//751
f 752//752 756//756 707//707
f 752//752 707//707 703//703
f 704//704 708//708 652//652
f 704//704 652//652 648//648
f 649//649 653//653 632//632
f 649//649 632//632 628//628
f 629//629 633//633 618//618
f 629//629 618//618 614//614
f 1477//1477 1480//1480 1536//1536
f 1477//1477 1536//1536 1533//1533
f 1532//1532 1535//1535 1572//1572
f 1532//1532 1572//1572 1569//1569
f 1568//1568 1571//1571 1621//1621
f 1568//1568 1621//1621 1618//1618
f 1617//1617 1620//1620 1669//1669
f 1617//1617 1669//1669 1666//1666
f 1665//1665 1668//1668 1724//1724
f 1665//1665 1724//1724 1721//1721
f 1720//1720 1723//1723 1744//1744
f 1720//1720 1744//1744 1741//1741
f 1740//1740 1743//1743 1758//1758
f 1740//1740 1758//1758 1755//1755
f 903//903 900//900 846//846
f 903//903 846//846 849//849
f 848//848 845//845 810//810
f 848//848 810//810 813//813
f 812//812 809//809 761//761
f 812//812 761//761 764//764
f 763//763 760//760 713//713
f 763//763 713//713 716//716
f 715//715 712//712 658//658
f 715//715 658//658 661//661
f 660//660 657//657 638//638
f 660//660 638//638 641//641
f 640//640 637//637 624//624
f 640//640 624//624 627//627
f 1473//1473 1469//1469 1523//1523
f 1473//1473 1523//1523 1527//1527
f 1528//1528 1524//1524 1559//1559
f 1528//1528 1559//1559 1563//1563
f 1564//1564 1560//1560 1608//1608
f 1564//1564 1608//1608 1612//1612
f 1613//1613 1609//1609 1656//1656
f 1613//1613 1656//1656 1660//1660
f 1661//1661 1657//1657 1711//1711
f 1661//1661 1711//1711 1715//1715
f 1716//1716 1712//1712 1731//1731
f 1716//1716 1731//1731 1735//1735
f 1736//1736 1732//1732 1745//1745
f 1736//1736 1745//1745 1749//1749
f 827//827 667//667 590//590
f 827//827 590//590 788//788
f 788//788 590//590 539//539
f 788//788 539//539 729//729
f 729//729 539//539 495//495
f 729//729 495//495 647//647
f 647//647 495//495 447//447
f 647//647 447//447 602//602
f 602//602 447//447 441//441
f 602//602 441//441 584//584
f 584//584 441//441 435//435
f 584//584 435//435 571//571
f 571//571 435//435 429//429
f 571//571 429//429 559//559
f 1545//1545 1705//1705 1782//1782
f 1545//1545 1782//1782 1584//1584
f 1584//1584 1782//1782 1833//1833
f 1584//1584 1833//1833 1643//1643
f 1643//1643 1833//1833 1877//1877
f 1643//1643 1877//1877 1725//1725
f 1725//1725 1877//1877 1925//1925
f 1725//1725 1925//1925 1770//1770
f 1770//1770 1925//1925 1931//1931
f 1770//1770 1931//1931 1788//1788
f 1788//1788 1931//1931 1937//1937
f 1788//1788 1937//1937 1801//1801
f 1801//1801 1937//1937 1943//1943
f 1801//1801 1943//1943 1813//1813
f 662//662 822//822 783//783
f 662//662 783//783 585//585
f 585//585 783//783 724//724
f 585//585 724//724 534//534
f 534//534 724//724 642//642
f 534//534 642//642 490//490
f 490//490 642//642 597//597
f 490//490 597//597 442//442
f 442//442 597//597 579//579
f 442//442 579//579 436//436
f 436//436 579//579 566//566
f 436//436 566//566 430//430
f 430//430 566//566 554//554
f 430//430 554//554 424//424
f 1710//1710 1550//1550 1589//1589
f 1710//1710 1589//1589 1787//1787
f 1787//1787 1589//1589 1648//1648
f 1787//1787 1648//1648 1838//1838
f 1838//1838 1648//1648 1730//1730
f 1838//1838 1730//1730 1882//1882
f 1882//1882 1730//1730 1775//1775
f 1882//1882 1775//1775 1930//1930
f 1930//1930 1775//1775 1793//1793
f 1930//1930 1793//1793 1936//1936
f 1936//1936 1793//1793 1806//1806
f 1936//1936 1806//1806 1942//1942
f 1942//1942 1806//1806 1818//1818
f 1942//1942 1818//1818 1948//1948
f 1921//1921 1856//1856 1843//1843
f 1921//1921 1843//1843 1914//1914
f 1913//1913 1842//1842 1831//1831
f 1913//1913 1831//1831 1888//1888
f 1887//1887 1830//1830 1811//1811
f 1887//1887 1811//1811 1850//1850
f 1849//1849 1810//1810 1780//1780
f 1849//1849 1780//1780 1824//1824
f 1823//1823 1779//1779 1703//1703
f 1823//1823 1703//1703 1764//1764
f 1763//1763 1702//1702 1606//1606
f 1763//1763 1606//1606 1671//1671
f 1670//1670 1605//1605 1555//1555
f 1670//1670 1555//1555 1578//1578
f 517//517 452//452 461//461
f 517//517 461//461 532//532
f 531//531 460//460 487//487
f 531//531 487//487 544//544
f 543//543 486//486 525//525
f 543//543 525//525 564//564
f 563//563 524//524 551//551
f 563//563 551//551 595//595
f 594//594 550//550 611//611
f 594//594 611//611 672//672
f 671//671 610//610 696//696
f 671//671 696//696 769//769
f 768//768 695//695 797//797
f 768//768 797//797 820//820
f 817//817 794//794 702//702
f 817//817 702//702 767//767
f 766//766 701//701 609//609
f 766//766 609//609 670//670
f 669//669 608//608 549//549
f 669//669 549//549 593//593
f 592//592 548//548 523//523
f 592//592 523//523 562//562
f 561//561 522//522 485//485
f 561//561 485//485 542//542
f 541//541 484//484 459//459
f 541//541 459//459 530//530
f 529//529 458//458 451//451
f 529//529 451//451 516//516
f 1575//1575 1552//1552 1604//1604
f 1575//1575 1604//1604 1677//1677
f 1676//1676 1603//1603 1701//1701
f 1676//1676 1701//1701 1762//1762
f 1761//1761 1700//1700 1778//1778
f 1761//1761 1778//1778 1822//1822
f 1821//1821 1777//1777 1809//1809
f 1821//1821 1809//1809 1848//1848
f 1847//1847 1808//1808 1829//1829
f 1847//1847 1829//1829 1886//1886
f 1885//1885 1828//1828 1841//1841
f 1885//1885 1841//1841 1912//1912
f 1911//1911 1840//1840 1855//1855
f 1911//1911 1855//1855 1920//1920
f 895//895 891//891 1468//1468
f 895//895 1468//1468 1472//1472
f 1209//1209 780//780 777//777
f 1209//1209 777//777 1206//1206
f 388//388 390//390 577//577
f 388//388 577//577 575//575
f 1162//1162 1201//1201 1799//1799
f 1162//1162 1799//1799 1797//1797
f 1983//1983 1985//1985 1653//1653
f 1983//1983 1653//1653 1651//1651
f 385//385 572//572 604//604
f 385//385 604//604 394//394
f 1215//1215 1213//1213 1655//1655
f 1215//1215 1655//1655 1986//1986
f 1202//1202 1217//1217 1987//1987
f 1202//1202 1987//1987 1800//1800
f 1981//1981 1649//1649 1623//1623
f 1981//1981 1623//1623 1979//1979
f 1796//1796 1798//1798 1984//1984
f 1796//1796 1984//1984 1982//1982
f 720//720 722//722 389//389
f 720//720 389//389 387//387
f 828//828 859//859 905//905
f 828//828 905//905 832//832
f 914//914 912//912 920//920
f 914//914 920//920 922//922
f 832//832 905//905 956//956
f 832//832 956//956 865//865
f 922//922 920//920 942//942
f 922//922 942//942 944//944
f 865//865 956//956 1000//1000
f 865//865 1000//1000 952//952
f 944//944 942//942 980//980
f 944//944 980//980 982//982
f 952//952 1000//1000 1042//1042
f 952//952 1042//1042 1018//1018
f 982//982 980//980 1028//1028
f 982//982 1028//1028 1030//1030
f 1018//1018 1042//1042 1090//1090
f 1018//1018 1090//1090 1070//1070
f 1030//1030 1028//1028 1060//1060
f 1030//1030 1060//1060 1062//1062
f 1070//1070 1090//1090 1126//1126
f 1070//1070 1126//1126 1118//1118
f 1062//1062 1060//1060 1108//1108
f 1062//1062 1108//1108 1110//1110
f 1118//1118 1126//1126 1167//1167
f 1118//1118 1167//1167 1159//1159
f 1110//1110 1108//1108 1144//1144
f 1110//1110 1144//1144 1146//1146
f 1159//1159 1167//1167 1241//1241
f 1159//1159 1241//1241 1251//1251
f 1146//1146 1144//1144 1180//1180
f 1146//1146 1180//1180 1182//1182
f 1251//1251 1241//1241 1277//1277
f 1251//1251 1277//1277 1299//1299
f 1182//1182 1180//1180 1219//1219
f 1182//1182 1219//1219 1221//1221
f 1299//1299 1277//1277 1325//1325
f 1299//1299 1325//1325 1351//1351
f 1221//1221 1219//1219 1255//1255
f 1221//1221 1255//1255 1257//1257
f 1351//1351 1325//1325 1367//1367
f 1351//1351 1367//1367 1417//1417
f 1257//1257 1255//1255 1303//1303
f 1257//1257 1303//1303 1305//1305
f 1417//1417 1367//1367 1411//1411
f 1417//1417 1411//1411 1504//1504
f 1305//1305 1303//1303 1335//1335
f 1305//1305 1335//1335 1337//1337
f 1504//1504 1411//1411 1462//1462
f 1504//1504 1462//1462 1537//1537
f 1337//1337 1335//1335 1383//1383
f 1337//1337 1383//1383 1385//1385
f 1537//1537 1462//1462 1508//1508
f 1537//1537 1508//1508 1541//1541
f 1385//1385 1383//1383 1421//1421
f 1385//1385 1421//1421 1423//1423
f 1541//1541 1508//1508 1519//1519
f 1541//1541 1519//1519 1557//1557
f 1423//1423 1421//1421 1443//1443
f 1423//1423 1443//1443 1445//1445
f 1557//1557 1519//1519 1513//1513
f 1557//1557 1513//1513 1544//1544
f 1445//1445 1443//1443 1457//1457
f 1445//1445 1457//1457 1460//1460
f 1544//1544 1513//1513 1467//1467
f 1544//1544 1467//1467 1540//1540
f 1460//1460 1457//1457 1449//1449
f 1460//1460 1449//1449 1452//1452
f 1540//1540 1467//1467 1416//1416
f 1540//1540 1416//1416 1507//1507
f 1452//1452 1449//1449 1427//1427
f 1452//1452 1427//1427 1430//1430
f 1507//1507 1416//1416 1372//1372
f 1507//1507 1372//1372 1420//1420
f 1430//1430 1427//1427 1389//1389
f 1430//1430 1389//1389 1392//1392
f 1420//1420 1372//1372 1330//1330
f 1420//1420 1330//1330 1354//1354
f 1392//1392 1389//1389 1341//1341
f 1392//1392 1341//1341 1344//1344
f 1354//1354 1330//1330 1282//1282
f 1354//1354 1282//1282 1302//1302
f 1344//1344 1341//1341 1309//1309
f 1344//1344 1309//1309 1312//1312
f 1302//1302 1282//1282 1246//1246
f 1302//1302 1246//1246 1254//1254
f 1312//1312 1309//1309 1261//1261
f 1312//1312 1261//1261 1264//1264
f 1254//1254 1246//1246 1198//1198
f 1254//1254 1198//1198 1205//1205
f 1264//1264 1261//1261 1225//1225
f 1264//1264 1225//1225 1228//1228
f 1205//1205 1198//1198 1131//1131
f 1205//1205 1131//1131 1121//1121
f 1228//1228 1225//1225 1186//1186
f 1228//1228 1186//1186 1189//1189
f 1121//1121 1131//1131 1095//1095
f 1121//1121 1095//1095 1073//1073
f 1189//1189 1186//1186 1150//1150
f 1189//1189 1150//1150 1153//1153
f 1073//1073 1095//1095 1047//1047
f 1073//1073 1047//1047 1021//1021
f 1153//1153 1150//1150 1114//1114
f 1153//1153 1114//1114 1117//1117
f 1021//1021 1047//1047 1005//1005
f 1021//1021 1005//1005 955//955
f 1117//1117 1114//1114 1066//1066
f 1117//1117 1066//1066 1069//1069
f 955//955 1005//1005 961//961
f 955//955 961//961 868//868
f 1069//1069 1066//1066 1034//1034
f 1069//1069 1034//1034 1037//1037
f 868//868 961//961 910//910
f 868//868 910//910 835//835
f 1037//1037 1034//1034 986//986
f 1037//1037 986//986 989//989
f 835//835 910//910 864//864
f 835//835 864//864 831//831
f 989//989 986//986 948//948
f 989//989 948//948 951//951
f 831//831 864//864 853//853
f 831//831 853//853 815//815
f 951//951 948//948 926//926
f 951//951 926//926 929//929
f 815//815 853//853 859//859
f 815//815 859//859 828//828
f 929//929 926//926 912//912
f 929//929 912//912 914//914
f 1166//1166 1248//1248 1238//1238
f 1166//1166 1238//1238 1175//1175
f 855//855 851//851 814//814
f 855//855 814//814 829//829
f 879//879 855//855 829//829
f 879//879 829//829 833//833
f 938//938 879//879 833//833
f 938//938 833//833 866//866
f 996//996 938//938 866//866
f 996//996 866//866 953//953
f 1038//1038 996//996 953//953
f 1038//1038 953//953 1019//1019
f 1086//1086 1038//1038 1019//1019
f 1086//1086 1019//1019 1071//1071
f 1122//1122 1086//1086 1071//1071
f 1122//1122 1071//1071 1119//1119
f 1165//1165 1122//1122 1119//1119
f 1165//1165 1119//1119 1160//1160
f 1247//1247 1165//1165 1160//1160
f 1247//1247 1160//1160 1252//1252
f 1283//1283 1247//1247 1252//1252
f 1283//1283 1252//1252 1300//1300
f 1331//1331 1283//1283 1300//1300
f 1331//1331 1300//1300 1352//1352
f 1373//1373 1331//1331 1352//1352
f 1373//1373 1352//1352 1418//1418
f 1431//1431 1373//1373 1418//1418
f 1431//1431 1418//1418 1505//1505
f 1490//1490 1431//1431 1505//1505
f 1490//1490 1505//1505 1538//1538
f 1514//1514 1490//1490 1538//1538
f 1514//1514 1538//1538 1542//1542
f 1521//1521 1514//1514 1542//1542
f 1521//1521 1542//1542 1558//1558
f 1517//1517 1521//1521 1558//1558
f 1517//1517 1558//1558 1543//1543
f 1493//1493 1517//1517 1543//1543
f 1493//1493 1543//1543 1539//1539
f 1434//1434 1493//1493 1539//1539
f 1434//1434 1539//1539 1506//1506
f 1376//1376 1434//1434 1506//1506
f 1376//1376 1506//1506 1419//1419
f 1334//1334 1376//1376 1419//1419
f 1334//1334 1419//1419 1353//1353
f 1286//1286 1334//1334 1353//1353
f 1286//1286 1353//1353 1301//1301
f 1250//1250 1286//1286 1301//1301
f 1250//1250 1301//1301 1253//1253
f 1200//1200 1250//1250 1253//1253
f 1200//1200 1253//1253 1204//1204
f 1125//1125 1200//1200 1204//1204
f 1125//1125 1204//1204 1120//1120
f 1089//1089 1125//1125 1120//1120
f 1089//1089 1120//1120 1072//1072
f 1041//1041 1089//1089 1072//1072
f 1041//1041 1072//1072 1020//1020
f 999//999 1041//1041 1020//1020
f 999//999 1020//1020 954//954
f 941//941 999//999 954//954
f 941//941 954//954 867//867
f 882//882 941//941 867//867
f 882//882 867//867 834//834
f 858//858 882//882 834//834
f 858//858 834//834 830//830
f 851//851 858//858 830//830
f 851//851 830//830 814//814
f 1285//1285 1249//1249 1239//1239
f 1285//1285 1239//1239 1275//1275
f 1248//1248 1284//1284 1274//1274
f 1248//1248 1274//1274 1238//1238
f 1249//1249 1199//1199 1194//1194
f 1249//1249 1194//1194 1239//1239
f 1284//1284 1332//1332 1322//1322
f 1284//1284 1322//1322 1274//1274
f 1199//1199 1124//1124 1134//1134
f 1199//1199 1134//1134 1194//1194
f 1332//1332 1374//1374 1364//1364
f 1332//1332 1364//1364 1322//1322
f 1124//1124 1088//1088 1098//1098
f 1124//1124 1098//1098 1134//1134
f 1374//1374 1432//1432 1402//1402
f 1374//1374 1402//1402 1364//1364
f 1088//1088 1040//1040 1050//1050
f 1088//1088 1050//1050 1098//1098
f 1432//1432 1491//1491 1454//1454
f 1432//1432 1454//1454 1402//1402
f 850//850 856//856 876//876
f 850//850 876//876 869//869
f 1040//1040 998//998 1008//1008
f 1040//1040 1008//1008 1050//1050
f 1491//1491 1515//1515 1495//1495
f 1491//1491 1495//1495 1454//1454
f 856//856 880//880 917//917
f 856//856 917//917 876//876
f 998//998 940//940 970//970
f 998//998 970//970 1008//1008
f 1515//1515 1522//1522 1503//1503
f 1515//1515 1503//1503 1495//1495
f 880//880 939//939 969//969
f 880//880 969//969 917//917
f 940//940 881//881 918//918
f 940//940 918//918 970//970
f 1522//1522 1516//1516 1496//1496
f 1522//1522 1496//1496 1503//1503
f 939//939 997//997 1007//1007
f 939//939 1007//1007 969//969
f 881//881 857//857 877//877
f 881//881 877//877 918//918
f 1516//1516 1492//1492 1455//1455
f 1516//1516 1455//1455 1496//1496
f 997//997 1039//1039 1049//1049
f 997//997 1049//1049 1007//1007
f 857//857 850//850 869//869
f 857//857 869//869 877//877
f 1492//1492 1433//1433 1403//1403
f 1492//1492 1403//1403 1455//1455
f 1039//1039 1087//1087 1097//1097
f 1039//1039 1097//1097 1049//1049
f 1433//1433 1375//1375 1365//1365
f 1433//1433 1365//1365 1403//1403
f 1087//1087 1123//1123 1133//1133
f 1087//1087 1133//1133 1097//1097
f 1375//1375 1333//1333 1323//1323
f 1375//1375 1323//1323 1365//1365
f 1123//1123 1166//1166 1175//1175
f 1123//1123 1175//1175 1133//1133
f 1333//1333 1285//1285 1275//1275
f 1333//1333 1275//1275 1323//1323
f 1172//1172 775//775 719//719
f 1172//1172 719//719 1164//1164
f 1600//1600 1593//1593 1652//1652
f 1600//1600 1652//1652 1654//1654
f 1211//1211 1600//1600 1654//1654
f 1211//1211 1654//1654 1212//1212
f 775//775 782//782 721//721
f 775//775 721//721 719//719
f 1170//1170 1208//1208 779//779
f 1170//1170 779//779 772//772
f 1173//1173 1595//1595 1592//1592
f 1173//1173 1592//1592 1171//1171
f 781//781 774//774 771//771
f 781//781 771//771 778//778
f 1594//1594 1601//1601 1598//1598
f 1594//1594 1598//1598 1591//1591
f 862//862 927//927 915//915
f 862//862 915//915 854//854
f 908//908 949//949 928//928
f 908//908 928//928 863//863
f 959//959 987//987 950//950
f 959//959 950//950 909//909
f 1003//1003 1035//1035 988//988
f 1003//1003 988//988 960//960
f 1045//1045 1067//1067 1036//1036
f 1045//1045 1036//1036 1004//1004
f 1093//1093 1115//1115 1068//1068
f 1093//1093 1068//1068 1046//1046
f 1129//1129 1151//1151 1116//1116
f 1129//1129 1116//1116 1094//1094
f 1197//1197 1188//1188 1152//1152
f 1197//1197 1152//1152 1130//1130
f 1245//1245 1227//1227 1187//1187
f 1245//1245 1187//1187 1196//1196
f 1281//1281 1263//1263 1226//1226
f 1281//1281 1226//1226 1244//1244
f 1329//1329 1311//1311 1262//1262
f 1329//1329 1262//1262 1280//1280
f 1371//1371 1343//1343 1310//1310
f 1371//1371 1310//1310 1328//1328
f 1415//1415 1391//1391 1342//1342
f 1415//1415 1342//1342 1370//1370
f 1466//1466 1429//1429 1390//1390
f 1466//1466 1390//1390 1414//1414
f 1512//1512 1451//1451 1428//1428
f 1512//1512 1428//1428 1465//1465
f 1520//1520 1461//1461 1450//1450
f 1520//1520 1450//1450 1511//1511
f 1510//1510 1447//1447 1459//1459
f 1510//1510 1459//1459 1518//1518
f 1464//1464 1425//1425 1446//1446
f 1464//1464 1446//1446 1509//1509
f 1413//1413 1387//1387 1424//1424
f 1413//1413 1424//1424 1463//1463
f 1369//1369 1339//1339 1386//1386
f 1369//1369 1386//1386 1412//1412
f 1327//1327 1307//1307 1338//1338
f 1327//1327 1338//1338 1368//1368
f 1279//1279 1259//1259 1306//1306
f 1279//1279 1306//1306 1326//1326
f 1243//1243 1223//1223 1258//1258
f 1243//1243 1258//1258 1278//1278
f 1168//1168 1183//1183 1222//1222
f 1168//1168 1222//1222 1242//1242
f 1127//1127 1147//1147 1184//1184
f 1127//1127 1184//1184 1169//1169
f 1091//1091 1111//1111 1148//1148
f 1091//1091 1148//1148 1128//1128
f 1043//1043 1063//1063 1112//1112
f 1043//1043 1112//1112 1092//1092
f 1001//1001 1031//1031 1064//1064
f 1001//1001 1064//1064 1044//1044
f 957//957 983//983 1032//1032
f 957//957 1032//1032 1002//1002
f 906//906 945//945 984//984
f 906//906 984//984 958//958
f 860//860 923//923 946//946
f 860//860 946//946 907//907
f 852//852 913//913 924//924
f 852//852 924//924 861//861
f 1156//1156 1154//1154 1767//1767
f 1156//1156 1767//1767 1977//1977
f 1157//1157 1156//1156 1977//1977
f 1157//1157 1977//1977 1622//1622
f 1794//1794 1980//1980 1978//1978
f 1794//1794 1978//1978 1768//1768
f 717//717 386//386 395//395
f 717//717 395//395 749//749
f 1163//1163 718//718 750//750
f 1163//1163 750//750 1158//1158
f 1161//1161 1795//1795 1769//1769
f 1161//1161 1769//1769 1155//1155
f 573//573 1161//1161 1155//1155
f 573//573 1155//1155 605//605
f 1650//1650 1163//1163 1158//1158
f 1650//1650 1158//1158 1624//1624
f 748//748 393//393 1156//1156
f 748//748 1156//1156 1157//1157
f 393//393 603//603 1154//1154
f 393//393 1154//1154 1156//1156
f 776//776 1173//1173 1171//1171
f 776//776 1171//1171 773//773
f 1590//1590 1597//1597 1208//1208
f 1590//1590 1208//1208 1170//1170
f 782//782 1211//1211 1212//1212
f 782//782 1212//1212 721//721
f 1593//1593 1172//1172 1164//1164
f 1593//1593 1164//1164 1652//1652
f 578//578 392//392 1218//1218
f 578//578 1218//1218 1203//1203
f 391//391 723//723 1214//1214
f 391//391 1214//1214 1216//1216
f 574//574 576//576 1201//1201
f 574//574 1201//1201 1162//1162
f 1599//1599 1210//1210 1207//1207
f 1599//1599 1207//1207 1596//1596
f 1548//1548 1642//1642 1692//1692
f 1642//1642 1548//1548 1476//1476
f 1476//1476 1548//1548 825//825
f 1476//1476 825//825 899//899
f 899//899 825//825 747//747
f 747//747 825//825 685//685
f 1625//1625 1547//1547 1687//1687
f 1547//1547 1625//1625 1470//1470
f 1547//1547 1470//1470 824//824
f 824//824 1470//1470 893//893
f 824//824 893//893 730//730
f 824//824 730//730 680//680
f 1742//1742 1751//1751 1757//1757
f 1751//1751 1742//1742 1737//1737
f 1737//1737 1742//1742 1722//1722
f 1737//1737 1722//1722 1717//1717
f 1717//1717 1722//1722 1667//1667
f 1717//1717 1667//1667 1662//1662
f 1662//1662 1667//1667 1619//1619
f 1662//1662 1619//1619 1614//1614
f 1614//1614 1619//1619 1570//1570
f 1614//1614 1570//1570 1565//1565
f 1565//1565 1570//1570 1534//1534
f 1565//1565 1534//1534 1529//1529
f 1529//1529 1534//1534 1479//1479
f 1529//1529 1479//1479 1474//1474
f 1474//1474 1479//1479 902//902
f 1474//1474 902//902 897//897
f 897//897 902//902 847//847
f 897//897 847//847 842//842
f 842//842 847//847 811//811
f 842//842 811//811 806//806
f 806//806 811//811 762//762
f 806//806 762//762 757//757
f 757//757 762//762 714//714
f 757//757 714//714 709//709
f 709//709 714//714 659//659
f 709//709 659//659 654//654
f 654//654 659//659 639//639
f 654//654 639//639 634//634
f 634//634 639//639 625//625
f 634//634 625//625 619//619
f 1690//1690 1815//1815 1816//1816
f 1815//1815 1690//1690 1754//1754
f 1754//1754 1690//1690 1641//1641
f 1815//1815 1747//1747 1689//1689
f 1747//1747 1815//1815 1754//1754
f 1689//1689 1747//1747 1626//1626
f 1839//1839 1857//1857 1853//1853
f 1857//1857 1839//1839 1844//1844
f 1844//1844 1839//1839 1827//1827
f 1844//1844 1827//1827 1832//1832
f 1832//1832 1827//1827 1807//1807
f 1832//1832 1807//1807 1812//1812
f 1812//1812 1807//1807 1776//1776
f 1812//1812 1776//1776 1781//1781
f 1781//1781 1776//1776 1699//1699
f 1781//1781 1699//1699 1704//1704
f 1704//1704 1699//1699 1602//1602
f 1704//1704 1602//1602 1607//1607
f 1607//1607 1602//1602 1551//1551
f 1607//1607 1551//1551 1556//1556
f 1556//1556 1551//1551 816//816
f 1556//1556 816//816 821//821
f 821//821 816//816 765//765
f 821//821 765//765 770//770
f 770//770 765//765 668//668
f 770//770 668//668 673//673
f 673//673 668//668 591//591
f 673//673 591//591 596//596
f 596//596 591//591 560//560
f 596//596 560//560 565//565
f 565//565 560//560 540//540
f 565//565 540//540 545//545
f 545//545 540//540 528//528
f 545//545 528//528 533//533
f 533//533 528//528 515//515
f 533//533 515//515 519//519
f 683//683 622//622 746//746
f 622//622 683//683 557//557
f 622//622 557//557 615//615
f 615//615 682//682 731//731
f 682//682 615//615 556//556
f 556//556 615//615 557//557
f 1706//1706 1867//1867 1894//1894
f 1867//1867 1706//1706 1574//1574
f 1574//1574 1706//1706 663//663
f 1574//1574 663//663 793//793
f 793//793 663//663 504//504
f 504//504 663//663 467//467
f 464//464 449//449 496//496
f 449//449 464//464 425//425
f 449//449 425//425 455//455
f 455//455 481//481 513//513
f 481//481 455//455 428//428
f 428//428 455//455 425//425
f 1868//1868 1709//1709 1905//1905
f 1709//1709 1868//1868 1579//1579
f 1709//1709 1579//1579 666//666
f 666//666 1579//1579 798//798
f 666//666 798//798 505//505
f 666//666 505//505 478//478
f 1891//1891 1947//1947 1944//1944
f 1947//1947 1891//1891 1917//1917
f 1917//1917 1891//1891 1859//1859
f 1947//1947 1923//1923 1908//1908
f 1923//1923 1947//1947 1917//1917
f 1908//1908 1923//1923 1876//1876
f 1444//1444 1448//1448 1458//1458
f 1448//1448 1444//1444 1422//1422
f 1448//1448 1422//1422 1426//1426
f 1426//1426 1422//1422 1384//1384
f 1426//1426 1384//1384 1388//1388
f 1388//1388 1384//1384 1336//1336
f 1388//1388 1336//1336 1340//1340
f 1340//1340 1336//1336 1308//1308
f 1308//1308 1336//1336 1304//1304
f 1308//1308 1304//1304 1260//1260
f 1260//1260 1304//1304 1256//1256
f 1260//1260 1256//1256 1224//1224
f 1224//1224 1256//1256 1220//1220
f 1224//1224 1220//1220 1185//1185
f 1185//1185 1220//1220 1181//1181
f 1185//1185 1181//1181 1145//1145
f 1185//1185 1145//1145 1149//1149
f 1149//1149 1145//1145 1109//1109
f 1149//1149 1109//1109 1113//1113
f 1113//1113 1109//1109 1061//1061
f 1113//1113 1061//1061 1065//1065
f 1065//1065 1061//1061 1033//1033
f 1033//1033 1061//1061 1029//1029
f 1033//1033 1029//1029 985//985
f 985//985 1029//1029 981//981
f 985//985 981//981 943//943
f 985//985 943//943 947//947
f 947//947 943//943 921//921
f 947//947 921//921 925//925
f 925//925 921//921 911//911
f 1497//1497 1494//1494 1502//1502
f 1494//1494 1497//1497 1456//1456
f 1494//1494 1456//1456 1453//1453
f 1453//1453 1456//1456 1404//1404
f 1453//1453 1404//1404 1401//1401
f 1401//1401 1404//1404 1363//1363
f 1363//1363 1404//1404 1366//1366
f 1363//1363 1366//1366 1324//1324
f 1363//1363 1324//1324 1321//1321
f 1321//1321 1324//1324 1276//1276
f 1321//1321 1276//1276 1273//1273
f 1273//1273 1276//1276 1240//1240
f 1273//1273 1240//1240 1237//1237
f 1237//1237 1240//1240 1195//1195
f 1237//1237 1195//1195 1174//1174
f 1174//1174 1195//1195 1132//1132
f 1132//1132 1195//1195 1135//1135
f 1132//1132 1135//1135 1096//1096
f 1096//1096 1135//1135 1099//1099
f 1096//1096 1099//1099 1048//1048
f 1048//1048 1099//1099 1051//1051
f 1048//1048 1051//1051 1009//1009
f 1048//1048 1009//1009 1006//1006
f 1006//1006 1009//1009 971//971
f 1006//1006 971//971 968//968
f 968//968 971//971 916//916
f 916//916 971//971 919//919
f 916//916 919//919 878//878
f 916//916 878//878 875//875
f 875//875 878//878 870//870
f 874//874 871//871 885//885
f 874//874 885//885 884//884
f 884//884 885//885 930//930
f 884//884 930//930 933//933
f 933//933 930//930 972//972
f 933//933 972//972 975//975
f 975//975 972//972 1010//1010
f 975//975 1010//1010 1013//1013
f 1013//1013 1010//1010 1052//1052
f 1013//1013 1052//1052 1055//1055
f 1055//1055 1052//1052 1100//1100
f 1055//1055 1100//1100 1103//1103
f 1103//1103 1100//1100 1136//1136
f 1103//1103 1136//1136 1139//1139
f 1139//1139 1136//1136 1176//1176
f 1139//1139 1176//1176 1179//1179
f 1179//1179 1176//1176 1229//1229
f 1179//1179 1229//1229 1232//1232
f 1232//1232 1229//1229 1265//1265
f 1232//1232 1265//1265 1268//1268
f 1268//1268 1265//1265 1313//1313
f 1268//1268 1313//1313 1316//1316
f 1316//1316 1313//1313 1355//1355
f 1316//1316 1355//1355 1358//1358
f 1358//1358 1355//1355 1393//1393
f 1358//1358 1393//1393 1396//1396
f 1396//1396 1393//1393 1435//1435
f 1396//1396 1435//1435 1438//1438
f 1438//1438 1435//1435 1482//1482
f 1438//1438 1482//1482 1485//1485
f 1485//1485 1482//1482 1498//1498
f 1485//1485 1498//1498 1501//1501
f 1501//1501 1498//1498 1486//1486
f 1501//1501 1486//1486 1489//1489
f 1489//1489 1486//1486 1439//1439
f 1489//1489 1439//1439 1442//1442
f 1442//1442 1439//1439 1397//1397
f 1442//1442 1397//1397 1400//1400
f 1400//1400 1397//1397 1359//1359
f 1400//1400 1359//1359 1362//1362
f 1362//1362 1359//1359 1317//1317
f 1362//1362 1317//1317 1320//1320
f 1320//1320 1317//1317 1269//1269
f 1320//1320 1269//1269 1272//1272
f 1272//1272 1269//1269 1233//1233
f 1272//1272 1233//1233 1236//1236
f 1236//1236 1233//1233 1190//1190
f 1236//1236 1190//1190 1193//1193
f 1193//1193 1190//1190 1140//1140
f 1193//1193 1140//1140 1143//1143
f 1143//1143 1140//1140 1104//1104
f 1143//1143 1104//1104 1107//1107
f 1107//1107 1104//1104 1056//1056
f 1107//1107 1056//1056 1059//1059
f 1059//1059 1056//1056 1014//1014
f 1059//1059 1014//1014 1017//1017
f 1017//1017 1014//1014 976//976
f 1017//1017 976//976 979//979
f 979//979 976//976 934//934
f 979//979 934//934 937//937
f 937//937 934//934 887//887
f 937//937 887//887 890//890
f 890//890 887//887 871//871
f 890//890 871//871 874//874
f 1234//1234 1141//1141 1191//1191
f 1141//1141 1234//1234 1270//1270
f 1141//1141 1270//1270 1105//1105
f 1105//1105 1270//1270 1318//1318
f 1105//1105 1318//1318 1057//1057
f 1057//1057 1318//1318 1015//1015
f 1015//1015 1318//1318 1360//1360
f 1015//1015 1360//1360 977//977
f 977//977 1360//1360 1398//1398
f 977//977 1398//1398 1440//1440
f 977//977 1440//1440 935//935
f 935//935 1440//1440 1487//1487
f 935//935 1487//1487 888//888
f 888//888 1487//1487 1499//1499
f 888//888 1499//1499 872//872
f 872//872 1499//1499 1483//1483
f 872//872 1483//1483 886//886
f 886//886 1483//1483 1436//1436
f 886//886 1436//1436 931//931
f 931//931 1436//1436 973//973
f 973//973 1436//1436 1394//1394
f 973//973 1394//1394 1356//1356
f 973//973 1356//1356 1011//1011
f 1011//1011 1356//1356 1314//1314
f 1011//1011 1314//1314 1053//1053
f 1053//1053 1314//1314 1101//1101
f 1101//1101 1314//1314 1266//1266
f 1101//1101 1266//1266 1137//1137
f 1137//1137 1266//1266 1230//1230
f 1137//1137 1230//1230 1177//1177
f 1142//1142 1235//1235 1192//1192
f 1235//1235 1142//1142 1106//1106
f 1235//1235 1106//1106 1271//1271
f 1271//1271 1106//1106 1319//1319
f 1319//1319 1106//1106 1058//1058
f 1319//1319 1058//1058 1016//1016
f 1319//1319 1016//1016 1361//1361
f 1361//1361 1016//1016 978//978
f 1361//1361 978//978 1399//1399
f 1399//1399 978//978 936//936
f 1399//1399 936//936 1441//1441
f 1441//1441 936//936 889//889
f 1441//1441 889//889 1488//1488
f 1488//1488 889//889 1500//1500
f 1500//1500 889//889 873//873
f 1500//1500 873//873 1484//1484
f 1484//1484 873//873 883//883
f 1484//1484 883//883 1437//1437
f 1437//1437 883//883 932//932
f 1437//1437 932//932 974//974
f 1437//1437 974//974 1395//1395
f 1395//1395 974//974 1357//1357
f 1357//1357 974//974 1012//1012
f 1357//1357 1012//1012 1054//1054
f 1357//1357 1054//1054 1315//1315
f 1315//1315 1054//1054 1102//1102
f 1315//1315 1102//1102 1267//1267
f 1267//1267 1102//1102 1138//1138
f 1267//1267 1138//1138 1231//1231
f 1231//1231 1138//1138 1178//1178
f 85//85 189//189 355//355
f 85//85 355//355 163//163
f 2099//2099 2105//2105 2101//2101
f 2099//2099 2101//2101 2095//2095
f 2110//2110 2116//2116 2090//2090
f 2110//2110 2090//2090 2088//2088
f 2294//2294 2300//2300 2304//2304
f 2294//2294 2304//2304 2298//2298
f 2096//2096 2093//2093 2293//2293
f 2096//2096 2293//2293 2296//2296
f 2102//2102 2107//2107 2307//2307
f 2102//2102 2307//2307 2302//2302
f 2292//2292 2092//2092 2080//2080
f 2292//2292 2080//2080 2240//2240
f 2117//2117 2111//2111 2115//2115
f 2117//2117 2115//2115 2121//2121
f 176//176 182//182 352//352
f 176//176 352//352 350//350
f 2288//2288 2282//2282 2278//2278
f 2288//2288 2278//2278 2284//2284
f 2119//2119 2122//2122 2290//2290
f 2119//2119 2290//2290 2287//2287
f 2113//2113 2108//2108 2276//2276
f 2113//2113 2276//2276 2281//2281
f 186//186 82//82 127//127
f 186//186 127//127 287//287
f 171//171 177//177 181//181
f 171//171 181//181 175//175
f 2097//2097 2297//2297 2204//2204
f 2097//2097 2204//2204 2012//2012
f 72//72 78//78 74//74
f 72//72 74//74 68//68
f 170//170 173//173 69//69
f 170//170 69//69 66//66
f 184//184 179//179 75//75
f 184//184 75//75 80//80
f 93//93 87//87 165//165
f 93//93 165//165 167//167
f 197//197 191//191 187//187
f 197//197 187//187 193//193
f 2277//2277 2109//2109 2086//2086
f 2277//2277 2086//2086 2246//2246
f 90//90 84//84 88//88
f 90//90 88//88 94//94
f 199//199 196//196 92//92
f 199//199 92//92 95//95
f 185//185 190//190 86//86
f 185//185 86//86 81//81
f 2081//2081 2083//2083 2244//2244
f 2081//2081 2244//2244 2242//2242
f 2250//2250 2248//2248 2087//2087
f 2250//2250 2087//2087 2089//2089
f 122//122 124//124 285//285
f 122//122 285//285 283//283
f 291//291 289//289 128//128
f 291//291 128//128 130//130
f 83//83 89//89 131//131
f 83//83 131//131 129//129
f 2103//2103 2303//2303 2245//2245
f 2103//2103 2245//2245 2085//2085
f 2301//2301 2295//2295 2241//2241
f 2301//2301 2241//2241 2243//2243
f 169//169 65//65 121//121
f 169//169 121//121 281//281
f 67//67 73//73 125//125
f 67//67 125//125 123//123
f 76//76 180//180 286//286
f 76//76 286//286 126//126
f 2118//2118 2286//2286 2251//2251
f 2118//2118 2251//2251 2091//2091
f 178//178 172//172 282//282
f 178//178 282//282 284//284
f 194//194 188//188 288//288
f 194//194 288//288 290//290
f 2285//2285 2279//2279 2247//2247
f 2285//2285 2247//2247 2249//2249
f 91//91 195//195 292//292
f 91//91 292//292 132//132
f 2094//2094 2100//2100 2084//2084
f 2094//2094 2084//2084 2082//2082
f 2206//2206 2208//2208 2015//2015
f 2206//2206 2015//2015 2013//2013
f 2021//2021 2019//2019 2212//2212
f 2021//2021 2212//2212 2214//2214
f 351//351 353//353 160//160
f 351//351 160//160 158//158
f 166//166 164//164 357//357
f 166//166 357//357 359//359
f 2299//2299 2305//2305 2207//2207
f 2299//2299 2207//2207 2205//2205
f 70//70 174//174 349//349
f 70//70 349//349 157//157
f 192//192 198//198 358//358
f 192//192 358//358 356//356
f 2306//2306 2106//2106 2017//2017
f 2306//2306 2017//2017 2209//2209
f 183//183 79//79 162//162
f 183//183 162//162 354//354
f 2104//2104 2098//2098 2014//2014
f 2104//2104 2014//2014 2016//2016
f 2120//2120 2114//2114 2020//2020
f 2120//2120 2020//2020 2022//2022
f 77//77 71//71 159//159
f 77//77 159//159 161//161
f 2291//2291 2123//2123 2023//2023
f 2291//2291 2023//2023 2215//2215
f 2112//2112 2280//2280 2210//2210
f 2112//2112 2210//2210 2018//2018
f 2283//2283 2289//2289 2213//2213
f 2283//2283 2213//2213 2211//2211
f 200//200 96//96 168//168
f 200//200 168//168 360//360
