# Hightech Sniper - Rivals sniper skin - ScopeMount_Turrets
# Fleasion-ready: already in the default MeshPart's space
o ScopeMount_Turrets
v 0.185306 0.046936 0.151180
v 0.185306 0.046936 0.151180
v 0.184905 0.042832 0.151125
v 0.184905 0.042832 0.151125
v 0.184905 0.051041 0.151125
v 0.184905 0.051041 0.151125
v 0.183719 0.038885 0.150963
v 0.183719 0.038885 0.150963
v 0.183719 0.054988 0.150963
v 0.183719 0.054988 0.150963
v 0.181793 0.035247 0.150699
v 0.181793 0.035247 0.150699
v 0.181793 0.058625 0.150699
v 0.181793 0.058625 0.150699
v 0.179201 0.032059 0.150344
v 0.179201 0.032059 0.150344
v 0.179201 0.061813 0.150344
v 0.179201 0.061813 0.150344
v 0.176042 0.029443 0.149911
v 0.176042 0.029443 0.149911
v 0.176042 0.064430 0.149911
v 0.176042 0.064430 0.149911
v 0.172438 0.027498 0.149418
v 0.172438 0.027498 0.149418
v 0.172438 0.066374 0.149418
v 0.172438 0.066374 0.149418
v 0.187983 0.046936 0.149158
v 0.187538 0.042368 0.149097
v 0.187538 0.051505 0.149097
v 0.186217 0.037975 0.148916
v 0.186217 0.055898 0.148916
v 0.168528 0.026301 0.148882
v 0.168528 0.026301 0.148882
v 0.168528 0.067571 0.148882
v 0.168528 0.067571 0.148882
v 0.184073 0.033926 0.148623
v 0.184073 0.059946 0.148623
v 0.164461 0.025897 0.148325
v 0.164461 0.025897 0.148325
v 0.164461 0.067976 0.148325
v 0.164461 0.067976 0.148325
v 0.181188 0.030378 0.148227
v 0.181188 0.063495 0.148227
v 0.160395 0.026301 0.147768
v 0.160395 0.026301 0.147768
v 0.160395 0.067571 0.147768
v 0.160395 0.067571 0.147768
v 0.177672 0.027465 0.147746
v 0.177672 0.066407 0.147746
v 0.156484 0.027499 0.147232
v 0.156484 0.027499 0.147232
v 0.156484 0.066374 0.147232
v 0.156484 0.066374 0.147232
v 0.173661 0.025301 0.147196
v 0.173661 0.068571 0.147196
v 0.191268 0.046842 0.146971
v 0.191268 0.046842 0.146971
v 0.190805 0.041979 0.146906
v 0.190805 0.041979 0.146906
v 0.190805 0.051705 0.146906
v 0.190805 0.051705 0.146906
v 0.152881 0.029443 0.146739
v 0.152881 0.029443 0.146739
v 0.152881 0.064430 0.146739
v 0.152881 0.064430 0.146739
v 0.189393 0.037160 0.146707
v 0.189393 0.037160 0.146707
v 0.189393 0.056524 0.146707
v 0.189393 0.056524 0.146707
v 0.169309 0.023969 0.146600
v 0.169309 0.069904 0.146600
v 0.187034 0.032593 0.146376
v 0.187034 0.032593 0.146376
v 0.187034 0.061091 0.146376
v 0.187034 0.061091 0.146376
v 0.149722 0.032059 0.146306
v 0.149722 0.032059 0.146306
v 0.149722 0.061813 0.146306
v 0.149722 0.061813 0.146306
v 0.164782 0.023519 0.145980
v 0.164782 0.070354 0.145980
v 0.147130 0.035247 0.145951
v 0.147130 0.035247 0.145951
v 0.147130 0.058625 0.145951
v 0.147130 0.058625 0.145951
v 0.183808 0.028524 0.145922
v 0.183808 0.028524 0.145922
v 0.183808 0.065160 0.145922
v 0.183808 0.065160 0.145922
v 0.145203 0.038885 0.145687
v 0.145203 0.038885 0.145687
v 0.145203 0.054988 0.145687
v 0.145203 0.054988 0.145687
v 0.144017 0.042832 0.145524
v 0.144017 0.042832 0.145524
v 0.144017 0.051041 0.145524
v 0.144017 0.051041 0.145524
v 0.143617 0.046936 0.145470
v 0.143617 0.046936 0.145470
v 0.179844 0.025156 0.145365
v 0.179844 0.025156 0.145365
v 0.179844 0.068528 0.145365
v 0.179844 0.068528 0.145365
v 0.160256 0.023969 0.145360
v 0.160256 0.069904 0.145360
v 0.192763 0.046842 0.145204
v 0.192763 0.046842 0.145204
v 0.192239 0.041469 0.145130
v 0.192239 0.041469 0.145130
v 0.192239 0.052215 0.145130
v 0.192239 0.052215 0.145130
v 0.190687 0.036303 0.144912
v 0.190687 0.036303 0.144912
v 0.190687 0.057381 0.144912
v 0.190687 0.057381 0.144912
v 0.155904 0.025301 0.144764
v 0.155904 0.068571 0.144764
v 0.175301 0.022643 0.144727
v 0.175301 0.022643 0.144727
v 0.175301 0.071041 0.144727
v 0.175301 0.071041 0.144727
v 0.188167 0.031542 0.144558
v 0.188167 0.031542 0.144558
v 0.188167 0.062142 0.144558
v 0.188167 0.062142 0.144558
v 0.151893 0.027465 0.144214
v 0.151893 0.066407 0.144214
v 0.184776 0.027369 0.144081
v 0.184776 0.027369 0.144081
v 0.184776 0.066315 0.144081
v 0.184776 0.066315 0.144081
v 0.170362 0.021092 0.144032
v 0.170362 0.021092 0.144032
v 0.170362 0.072592 0.144032
v 0.170362 0.072592 0.144032
v 0.148377 0.030378 0.143733
v 0.148377 0.063495 0.143733
v 0.180643 0.023944 0.143501
v 0.180643 0.023944 0.143501
v 0.180643 0.069740 0.143501
v 0.180643 0.069740 0.143501
v 0.145492 0.033926 0.143338
v 0.145492 0.059946 0.143338
v 0.165220 0.020568 0.143310
v 0.165220 0.020568 0.143310
v 0.165220 0.073116 0.143310
v 0.165220 0.073116 0.143310
v 0.143348 0.037975 0.143044
v 0.143348 0.055898 0.143044
v 0.142027 0.042368 0.142863
v 0.142027 0.051505 0.142863
v 0.175928 0.021399 0.142838
v 0.175928 0.021399 0.142838
v 0.175928 0.072285 0.142838
v 0.175928 0.072285 0.142838
v 0.141582 0.046936 0.142802
v 0.160077 0.021092 0.142587
v 0.160077 0.021092 0.142587
v 0.160077 0.072592 0.142587
v 0.160077 0.072592 0.142587
v 0.170812 0.019832 0.142119
v 0.170812 0.019832 0.142119
v 0.170812 0.073852 0.142119
v 0.170812 0.073852 0.142119
v 0.155138 0.022643 0.141893
v 0.155138 0.022643 0.141893
v 0.155138 0.071041 0.141893
v 0.155138 0.071041 0.141893
v 0.165492 0.019303 0.141371
v 0.165492 0.019303 0.141371
v 0.165492 0.074381 0.141371
v 0.165492 0.074381 0.141371
v 0.150595 0.025156 0.141254
v 0.150595 0.025156 0.141254
v 0.150595 0.068528 0.141254
v 0.150595 0.068528 0.141254
v 0.146631 0.028524 0.140697
v 0.146631 0.028524 0.140697
v 0.146631 0.065160 0.140697
v 0.146631 0.065160 0.140697
v 0.160172 0.019832 0.140624
v 0.160172 0.019832 0.140624
v 0.160172 0.073852 0.140624
v 0.160172 0.073852 0.140624
v 0.143405 0.032593 0.140244
v 0.143405 0.032593 0.140244
v 0.143405 0.061091 0.140244
v 0.143405 0.061091 0.140244
v 0.141046 0.037160 0.139912
v 0.141046 0.037160 0.139912
v 0.141046 0.056524 0.139912
v 0.141046 0.056524 0.139912
v 0.155056 0.021399 0.139905
v 0.155056 0.021399 0.139905
v 0.155056 0.072285 0.139905
v 0.155056 0.072285 0.139905
v 0.139634 0.041979 0.139714
v 0.139634 0.041979 0.139714
v 0.139634 0.051705 0.139714
v 0.139634 0.051705 0.139714
v 0.139171 0.046842 0.139649
v 0.139171 0.046842 0.139649
v 0.150341 0.023944 0.139242
v 0.150341 0.023944 0.139242
v 0.150341 0.069740 0.139242
v 0.150341 0.069740 0.139242
v 0.146208 0.027369 0.138661
v 0.146208 0.027369 0.138661
v 0.146208 0.066315 0.138661
v 0.146208 0.066315 0.138661
v 0.142817 0.031542 0.138185
v 0.142817 0.031542 0.138185
v 0.142817 0.062142 0.138185
v 0.142817 0.062142 0.138185
v 0.140297 0.036303 0.137830
v 0.140297 0.036303 0.137830
v 0.140297 0.057381 0.137830
v 0.140297 0.057381 0.137830
v 0.138745 0.041469 0.137612
v 0.138745 0.041469 0.137612
v 0.138745 0.052215 0.137612
v 0.138745 0.052215 0.137612
v 0.138221 0.046842 0.137539
v 0.138221 0.046842 0.137539
v 0.195198 0.046842 0.127877
v 0.195198 0.046842 0.127877
v 0.194674 0.041469 0.127803
v 0.194674 0.041469 0.127803
v 0.194674 0.052215 0.127803
v 0.194674 0.052215 0.127803
v 0.193123 0.036303 0.127585
v 0.193123 0.036303 0.127585
v 0.193123 0.057381 0.127585
v 0.193123 0.057381 0.127585
v 0.190602 0.031542 0.127231
v 0.190602 0.031542 0.127231
v 0.190602 0.062142 0.127231
v 0.190602 0.062142 0.127231
v 0.187211 0.027369 0.126754
v 0.187211 0.027369 0.126754
v 0.187211 0.066315 0.126754
v 0.187211 0.066315 0.126754
v 0.183078 0.023944 0.126173
v 0.183078 0.023944 0.126173
v 0.183078 0.069740 0.126173
v 0.183078 0.069740 0.126173
v 0.194248 0.046842 0.125767
v 0.194248 0.046842 0.125767
v 0.193785 0.041979 0.125701
v 0.193785 0.041979 0.125701
v 0.193785 0.051705 0.125701
v 0.193785 0.051705 0.125701
v 0.178363 0.021399 0.125511
v 0.178363 0.021399 0.125511
v 0.178363 0.072285 0.125511
v 0.178363 0.072285 0.125511
v 0.192373 0.037160 0.125503
v 0.192373 0.037160 0.125503
v 0.192373 0.056524 0.125503
v 0.192373 0.056524 0.125503
v 0.197074 0.046936 0.125470
v 0.197074 0.046936 0.125470
v 0.197074 0.046936 0.125470
v 0.196518 0.041238 0.125394
v 0.196518 0.041238 0.125394
v 0.196518 0.041238 0.125394
v 0.196518 0.052635 0.125394
v 0.196518 0.052635 0.125394
v 0.196518 0.052635 0.125394
v 0.190014 0.032593 0.125172
v 0.190014 0.032593 0.125172
v 0.190014 0.061091 0.125171
v 0.190014 0.061091 0.125171
v 0.194871 0.035758 0.125168
v 0.194871 0.035758 0.125168
v 0.194871 0.035758 0.125168
v 0.194871 0.058114 0.125168
v 0.194871 0.058114 0.125168
v 0.194871 0.058114 0.125168
v 0.192197 0.030709 0.124802
v 0.192197 0.030709 0.124802
v 0.192197 0.030709 0.124802
v 0.192197 0.063164 0.124802
v 0.192197 0.063164 0.124802
v 0.192197 0.063164 0.124802
v 0.173248 0.019832 0.124792
v 0.173248 0.019832 0.124792
v 0.173248 0.073852 0.124792
v 0.173248 0.073852 0.124792
v 0.186788 0.028524 0.124718
v 0.186788 0.028524 0.124718
v 0.186788 0.065160 0.124718
v 0.186788 0.065160 0.124718
v 0.191333 0.046936 0.124709
v 0.191333 0.046936 0.124709
v 0.191333 0.046936 0.124709
v 0.190887 0.042368 0.124648
v 0.190887 0.042368 0.124648
v 0.190887 0.042368 0.124648
v 0.190887 0.051505 0.124648
v 0.190887 0.051505 0.124648
v 0.190887 0.051505 0.124648
v 0.189567 0.037975 0.124467
v 0.189567 0.037975 0.124467
v 0.189567 0.037975 0.124467
v 0.189567 0.055898 0.124467
v 0.189567 0.055898 0.124467
v 0.189567 0.055898 0.124467
v 0.188598 0.026282 0.124309
v 0.188598 0.026282 0.124309
v 0.188598 0.026282 0.124309
v 0.188598 0.067590 0.124309
v 0.188598 0.067590 0.124309
v 0.188598 0.067590 0.124309
v 0.187422 0.033926 0.124173
v 0.187422 0.033926 0.124173
v 0.187422 0.033926 0.124173
v 0.187422 0.059946 0.124173
v 0.187422 0.059946 0.124173
v 0.187422 0.059946 0.124173
v 0.182824 0.025156 0.124161
v 0.182824 0.025156 0.124161
v 0.182824 0.068528 0.124161
v 0.182824 0.068528 0.124161
v 0.167927 0.019303 0.124044
v 0.167927 0.019303 0.124044
v 0.167927 0.074381 0.124044
v 0.167927 0.074381 0.124044
v 0.184537 0.030378 0.123778
v 0.184537 0.030378 0.123778
v 0.184537 0.030378 0.123778
v 0.184537 0.063495 0.123778
v 0.184537 0.063495 0.123778
v 0.184537 0.063495 0.123778
v 0.184213 0.022650 0.123708
v 0.184213 0.022650 0.123708
v 0.184213 0.022650 0.123708
v 0.184213 0.071223 0.123708
v 0.184213 0.071223 0.123708
v 0.184213 0.071223 0.123708
v 0.178281 0.022643 0.123523
v 0.178281 0.022643 0.123523
v 0.178282 0.071041 0.123523
v 0.178282 0.071041 0.123523
v 0.162607 0.019832 0.123296
v 0.162607 0.019832 0.123296
v 0.181021 0.027465 0.123296
v 0.181021 0.027465 0.123296
v 0.181021 0.027465 0.123296
v 0.181021 0.066407 0.123296
v 0.181021 0.066407 0.123296
v 0.181021 0.066407 0.123296
v 0.162607 0.073852 0.123296
v 0.162607 0.073852 0.123296
v 0.179209 0.019951 0.123023
v 0.179209 0.019951 0.123023
v 0.179209 0.019951 0.123023
v 0.179209 0.073922 0.123023
v 0.179209 0.073922 0.123023
v 0.179209 0.073922 0.123023
v 0.173342 0.021092 0.122828
v 0.173342 0.021092 0.122828
v 0.173342 0.072592 0.122828
v 0.173342 0.072592 0.122828
v 0.177010 0.025301 0.122747
v 0.177010 0.025301 0.122747
v 0.177010 0.025301 0.122747
v 0.177010 0.068571 0.122747
v 0.177010 0.068571 0.122747
v 0.177010 0.068571 0.122747
v 0.157491 0.021399 0.122577
v 0.157491 0.021399 0.122577
v 0.157491 0.072285 0.122577
v 0.157491 0.072285 0.122577
v 0.173781 0.018288 0.122279
v 0.173781 0.018288 0.122279
v 0.173781 0.018288 0.122279
v 0.173781 0.075584 0.122279
v 0.173781 0.075584 0.122279
v 0.173781 0.075584 0.122279
v 0.172658 0.023969 0.122151
v 0.172658 0.023969 0.122151
v 0.172658 0.023969 0.122151
v 0.172658 0.069904 0.122151
v 0.172658 0.069904 0.122151
v 0.172658 0.069904 0.122151
v 0.168200 0.020568 0.122106
v 0.168200 0.020568 0.122106
v 0.168200 0.073116 0.122106
v 0.168200 0.073116 0.122106
v 0.152776 0.023944 0.121915
v 0.152776 0.023944 0.121915
v 0.152776 0.069740 0.121915
v 0.152776 0.069740 0.121915
v 0.168132 0.023519 0.121530
v 0.168132 0.023519 0.121530
v 0.168132 0.023519 0.121530
v 0.168132 0.070354 0.121530
v 0.168132 0.070354 0.121530
v 0.168132 0.070354 0.121530
v 0.168135 0.017727 0.121506
v 0.168135 0.017727 0.121506
v 0.168135 0.017727 0.121506
v 0.168135 0.076145 0.121506
v 0.168135 0.076145 0.121506
v 0.168135 0.076145 0.121506
v 0.163057 0.021092 0.121383
v 0.163057 0.021092 0.121383
v 0.163057 0.072592 0.121383
v 0.163057 0.072592 0.121383
v 0.148643 0.027369 0.121334
v 0.148643 0.027369 0.121334
v 0.148643 0.066315 0.121334
v 0.148643 0.066315 0.121334
v 0.163605 0.069904 0.120910
v 0.163605 0.069904 0.120910
v 0.163605 0.069904 0.120910
v 0.163605 0.023969 0.120910
v 0.163605 0.023969 0.120910
v 0.163605 0.023969 0.120910
v 0.145252 0.031542 0.120857
v 0.145252 0.031542 0.120857
v 0.145252 0.062142 0.120857
v 0.145252 0.062142 0.120857
v 0.162489 0.018288 0.120732
v 0.162489 0.018288 0.120732
v 0.162489 0.018288 0.120732
v 0.162489 0.075584 0.120732
v 0.162489 0.075584 0.120732
v 0.162489 0.075584 0.120732
v 0.158118 0.022643 0.120689
v 0.158118 0.022643 0.120689
v 0.158118 0.071041 0.120689
v 0.158118 0.071041 0.120689
v 0.142732 0.036303 0.120503
v 0.142732 0.036303 0.120503
v 0.142732 0.057381 0.120503
v 0.142732 0.057381 0.120503
v 0.159253 0.025301 0.120314
v 0.159253 0.025301 0.120314
v 0.159253 0.025301 0.120314
v 0.159253 0.068571 0.120314
v 0.159253 0.068571 0.120314
v 0.159253 0.068571 0.120314
v 0.141180 0.041469 0.120285
v 0.141180 0.041469 0.120285
v 0.141180 0.052215 0.120285
v 0.141180 0.052215 0.120285
v 0.140656 0.046842 0.120211
v 0.140656 0.046842 0.120211
v 0.153575 0.025156 0.120050
v 0.153575 0.025156 0.120050
v 0.153575 0.068528 0.120050
v 0.153575 0.068528 0.120050
v 0.157061 0.019951 0.119989
v 0.157061 0.019951 0.119989
v 0.157061 0.019951 0.119989
v 0.157061 0.073922 0.119989
v 0.157061 0.073922 0.119989
v 0.157061 0.073922 0.119989
v 0.155242 0.027465 0.119765
v 0.155242 0.027465 0.119765
v 0.155242 0.027465 0.119765
v 0.155242 0.066407 0.119765
v 0.155242 0.066407 0.119765
v 0.155242 0.066407 0.119765
v 0.149611 0.028524 0.119493
v 0.149611 0.028524 0.119493
v 0.149611 0.065160 0.119493
v 0.149611 0.065160 0.119493
v 0.152057 0.022650 0.119303
v 0.152057 0.022650 0.119303
v 0.152057 0.022650 0.119303
v 0.152057 0.071223 0.119303
v 0.152057 0.071223 0.119303
v 0.152057 0.071223 0.119303
v 0.151726 0.030378 0.119283
v 0.151726 0.030378 0.119283
v 0.151726 0.030378 0.119283
v 0.151726 0.063495 0.119283
v 0.151726 0.063495 0.119283
v 0.151726 0.063495 0.119283
v 0.146385 0.032593 0.119040
v 0.146385 0.032593 0.119040
v 0.146385 0.061091 0.119040
v 0.146385 0.061091 0.119040
v 0.148841 0.033926 0.118888
v 0.148841 0.033926 0.118888
v 0.148841 0.033926 0.118888
v 0.148841 0.059946 0.118888
v 0.148841 0.059946 0.118888
v 0.148841 0.059946 0.118888
v 0.144026 0.037160 0.118708
v 0.144026 0.037160 0.118708
v 0.144026 0.056524 0.118708
v 0.144026 0.056524 0.118708
v 0.147672 0.026282 0.118703
v 0.147672 0.026282 0.118703
v 0.147672 0.026282 0.118703
v 0.147672 0.067590 0.118703
v 0.147672 0.067590 0.118703
v 0.147672 0.067590 0.118703
v 0.146697 0.037975 0.118594
v 0.146697 0.037975 0.118594
v 0.146697 0.037975 0.118594
v 0.146697 0.055898 0.118594
v 0.146697 0.055898 0.118594
v 0.146697 0.055898 0.118594
v 0.142614 0.041979 0.118510
v 0.142614 0.041979 0.118510
v 0.142614 0.051705 0.118510
v 0.142614 0.051705 0.118510
v 0.142151 0.046842 0.118445
v 0.142151 0.046842 0.118445
v 0.145376 0.042368 0.118413
v 0.145376 0.042368 0.118413
v 0.145376 0.042368 0.118413
v 0.145376 0.051505 0.118413
v 0.145376 0.051505 0.118413
v 0.145376 0.051505 0.118413
v 0.144931 0.046936 0.118352
v 0.144931 0.046936 0.118352
v 0.144931 0.046936 0.118352
v 0.144073 0.030709 0.118210
v 0.144073 0.030709 0.118210
v 0.144073 0.030709 0.118210
v 0.144073 0.063164 0.118210
v 0.144073 0.063164 0.118210
v 0.144073 0.063164 0.118210
v 0.141399 0.035758 0.117843
v 0.141399 0.035758 0.117843
v 0.141399 0.035758 0.117843
v 0.141399 0.058114 0.117843
v 0.141399 0.058114 0.117843
v 0.141399 0.058114 0.117843
v 0.139752 0.041238 0.117618
v 0.139752 0.041238 0.117618
v 0.139752 0.041238 0.117618
v 0.139752 0.052635 0.117618
v 0.139752 0.052635 0.117618
v 0.139752 0.052635 0.117618
v 0.139196 0.046936 0.117542
v 0.139196 0.046936 0.117542
v 0.139196 0.046936 0.117542
v 0.198183 0.046936 0.117376
v 0.198183 0.046936 0.117376
v 0.197626 0.041238 0.117300
v 0.197626 0.041238 0.117300
v 0.197626 0.052635 0.117300
v 0.197626 0.052635 0.117300
v 0.195980 0.035758 0.117074
v 0.195980 0.035758 0.117074
v 0.195980 0.058114 0.117074
v 0.195980 0.058114 0.117074
v 0.193306 0.030709 0.116708
v 0.193306 0.030709 0.116708
v 0.193306 0.063164 0.116708
v 0.193306 0.063164 0.116708
v 0.190299 0.046936 0.116296
v 0.189894 0.042790 0.116241
v 0.189894 0.051082 0.116241
v 0.189707 0.026282 0.116215
v 0.189707 0.026282 0.116215
v 0.189707 0.067590 0.116215
v 0.189707 0.067590 0.116215
v 0.188696 0.038804 0.116077
v 0.188696 0.055069 0.116077
v 0.186751 0.035129 0.115810
v 0.186751 0.058743 0.115810
v 0.185321 0.022650 0.115614
v 0.185321 0.022650 0.115614
v 0.185321 0.071223 0.115614
v 0.185321 0.071223 0.115614
v -0.094119 -0.033698 0.115494
v -0.094119 -0.033698 0.115494
v -0.094119 -0.033698 0.115494
v -0.019628 -0.033698 0.115494
v -0.019628 -0.033698 0.115494
v -0.019628 -0.033698 0.115494
v 0.184132 0.031909 0.115451
v 0.184132 0.061964 0.115451
v 0.180941 0.029266 0.115014
v 0.180941 0.064607 0.115014
v 0.180318 0.019951 0.114929
v 0.180318 0.019951 0.114929
v 0.180318 0.073922 0.114929
v 0.180318 0.073922 0.114929
v 0.177301 0.027302 0.114516
v 0.177301 0.066570 0.114516
v 0.174889 0.018288 0.114185
v 0.174889 0.018288 0.114185
v 0.174889 0.075584 0.114185
v 0.174889 0.075584 0.114185
v 0.173351 0.026093 0.113975
v 0.173351 0.067780 0.113975
v 0.169244 0.017727 0.113412
v 0.169244 0.017727 0.113412
v 0.169244 0.025685 0.113412
v 0.169244 0.068188 0.113412
v 0.169244 0.076145 0.113412
v 0.169244 0.076145 0.113412
v 0.165136 0.026093 0.112849
v 0.165136 0.067780 0.112849
v 0.163598 0.018288 0.112639
v 0.163598 0.018288 0.112639
v 0.163598 0.075584 0.112639
v 0.163598 0.075584 0.112639
v 0.161186 0.027302 0.112308
v 0.161186 0.066570 0.112308
v 0.158169 0.019951 0.111895
v 0.158169 0.019951 0.111895
v 0.158169 0.073922 0.111895
v 0.158169 0.073922 0.111895
v 0.157546 0.029266 0.111810
v 0.157546 0.064607 0.111810
v 0.154355 0.031909 0.111372
v 0.154355 0.061964 0.111373
v 0.153166 0.022650 0.111210
v 0.153166 0.022650 0.111210
v 0.153166 0.071223 0.111210
v 0.153166 0.071223 0.111210
v 0.151737 0.035129 0.111014
v 0.151737 0.058743 0.111014
v 0.149791 0.038804 0.110747
v 0.149791 0.055069 0.110747
v 0.148781 0.026282 0.110609
v 0.148781 0.026282 0.110609
v 0.148781 0.067590 0.110609
v 0.148781 0.067590 0.110609
v 0.148593 0.042790 0.110583
v 0.148593 0.051082 0.110583
v 0.148189 0.046936 0.110528
v 0.145182 0.030709 0.110116
v 0.145182 0.030709 0.110116
v 0.145182 0.063164 0.110116
v 0.145182 0.063164 0.110116
v 0.142508 0.035758 0.109750
v 0.142508 0.035758 0.109750
v 0.142508 0.058114 0.109750
v 0.142508 0.058114 0.109750
v 0.140861 0.041238 0.109524
v 0.140861 0.041238 0.109524
v 0.140861 0.052635 0.109524
v 0.140861 0.052635 0.109524
v 0.140305 0.046936 0.109448
v 0.140305 0.046936 0.109448
v 0.269155 0.120055 0.054213
v 0.269155 0.120055 0.054213
v 0.258392 0.120055 0.053152
v 0.258392 0.120055 0.053152
v 0.279918 0.120055 0.053152
v 0.279918 0.120055 0.053152
v 0.248043 0.120055 0.050013
v 0.248043 0.120055 0.050013
v 0.290267 0.120055 0.050013
v 0.290267 0.120055 0.050013
v 0.269160 0.146487 0.045303
v 0.269160 0.146487 0.045303
v 0.269160 0.165467 0.045303
v 0.269160 0.165467 0.045303
v 0.238505 0.120055 0.044915
v 0.238505 0.120055 0.044915
v 0.299805 0.120055 0.044915
v 0.299805 0.120055 0.044915
v 0.278185 0.146487 0.044414
v 0.278185 0.146487 0.044414
v 0.260135 0.146487 0.044414
v 0.260135 0.146487 0.044414
v 0.260135 0.165467 0.044414
v 0.260135 0.165467 0.044414
v 0.278185 0.165467 0.044414
v 0.278185 0.165467 0.044414
v 0.269160 0.144364 0.043177
v 0.269160 0.144364 0.043177
v 0.269160 0.167591 0.043177
v 0.269160 0.167591 0.043177
v 0.260438 0.144364 0.042297
v 0.260438 0.144364 0.042297
v 0.277883 0.144364 0.042297
v 0.277883 0.144364 0.042297
v 0.260438 0.167591 0.042297
v 0.260438 0.167591 0.042297
v 0.277883 0.167591 0.042297
v 0.277883 0.167591 0.042297
v 0.286863 0.146487 0.041781
v 0.286863 0.146487 0.041781
v 0.251457 0.146487 0.041781
v 0.251457 0.146487 0.041781
v 0.251457 0.165467 0.041781
v 0.251457 0.165467 0.041781
v 0.286863 0.165467 0.041781
v 0.286863 0.165467 0.041781
v 0.269155 0.144189 0.040810
v 0.269155 0.144189 0.040810
v 0.269155 0.144189 0.040810
v 0.261007 0.144189 0.040008
v 0.261007 0.144189 0.040008
v 0.261007 0.144189 0.040008
v 0.277303 0.144189 0.040008
v 0.277303 0.144189 0.040008
v 0.277303 0.144189 0.040008
v 0.252059 0.144364 0.039692
v 0.252059 0.144364 0.039692
v 0.286262 0.144364 0.039692
v 0.286262 0.144364 0.039692
v 0.252059 0.167591 0.039692
v 0.252059 0.167591 0.039692
v 0.286262 0.167591 0.039692
v 0.286262 0.167591 0.039692
v 0.372420 -0.033698 0.039472
v 0.372420 -0.033698 0.039472
v 0.372420 -0.033698 0.039472
v 0.024147 -0.033698 0.039472
v 0.024147 -0.033698 0.039472
v 0.024147 -0.033698 0.039472
v -0.094119 -0.004490 0.039309
v -0.094119 -0.004490 0.039309
v -0.094119 -0.004490 0.039309
v -0.019628 -0.004490 0.039309
v -0.019628 -0.004490 0.039309
v -0.019628 -0.004490 0.039309
v 0.024147 -0.004490 0.039309
v 0.024147 -0.004490 0.039309
v 0.024147 -0.004490 0.039309
v 0.303458 -0.004490 0.039309
v 0.303458 -0.004490 0.039309
v 0.303458 -0.004490 0.039309
v 0.269155 0.144281 0.039073
v 0.269155 0.144281 0.039073
v 0.269155 0.144281 0.039073
v 0.269155 0.170424 0.039073
v 0.261346 0.144281 0.038304
v 0.261346 0.144281 0.038304
v 0.261346 0.144281 0.038304
v 0.276964 0.144281 0.038304
v 0.276964 0.144281 0.038304
v 0.276964 0.144281 0.038304
v 0.261346 0.170424 0.038304
v 0.276964 0.170424 0.038304
v 0.230144 0.120055 0.038054
v 0.230144 0.120055 0.038054
v 0.308166 0.120055 0.038054
v 0.308166 0.120055 0.038054
v 0.253171 0.144189 0.037631
v 0.253171 0.144189 0.037631
v 0.253171 0.144189 0.037631
v 0.285138 0.144189 0.037631
v 0.285138 0.144189 0.037631
v 0.285138 0.144189 0.037631
v 0.294861 0.146487 0.037507
v 0.294861 0.146487 0.037507
v 0.243460 0.146487 0.037507
v 0.243460 0.146487 0.037507
v 0.243460 0.165467 0.037507
v 0.243460 0.165467 0.037507
v 0.294861 0.165467 0.037507
v 0.294861 0.165467 0.037507
v 0.269155 0.173077 0.036407
v 0.269155 0.173077 0.036407
v 0.253836 0.144281 0.036026
v 0.253836 0.144281 0.036026
v 0.253836 0.144281 0.036026
v 0.284474 0.144281 0.036026
v 0.284474 0.144281 0.036026
v 0.284474 0.144281 0.036026
v 0.253836 0.170424 0.036026
v 0.284474 0.170424 0.036026
v 0.261866 0.173077 0.035689
v 0.261866 0.173077 0.035689
v 0.276444 0.173077 0.035689
v 0.276444 0.173077 0.035689
v 0.244353 0.144364 0.035470
v 0.244353 0.144364 0.035470
v 0.293967 0.144364 0.035470
v 0.293967 0.144364 0.035470
v 0.244353 0.167591 0.035470
v 0.244353 0.167591 0.035470
v 0.293967 0.167591 0.035470
v 0.293967 0.167591 0.035470
v 0.269155 0.120055 0.034130
v 0.245950 0.144189 0.033771
v 0.245950 0.144189 0.033771
v 0.245950 0.144189 0.033771
v 0.292359 0.144189 0.033771
v 0.292359 0.144189 0.033771
v 0.292359 0.144189 0.033771
v 0.254857 0.173077 0.033563
v 0.254857 0.173077 0.033563
v 0.283453 0.173077 0.033563
v 0.283453 0.173077 0.033563
v 0.262310 0.120055 0.033456
v 0.276000 0.120055 0.033456
v 0.246916 0.144281 0.032327
v 0.246916 0.144281 0.032327
v 0.246916 0.144281 0.032327
v 0.291394 0.144281 0.032327
v 0.291394 0.144281 0.032327
v 0.291394 0.144281 0.032327
v 0.246916 0.170424 0.032327
v 0.291394 0.170424 0.032327
v 0.301871 0.146487 0.031754
v 0.301871 0.146487 0.031754
v 0.236450 0.146487 0.031754
v 0.236450 0.146487 0.031754
v 0.236450 0.165467 0.031754
v 0.236450 0.165467 0.031754
v 0.301871 0.165467 0.031754
v 0.301871 0.165467 0.031754
v 0.255728 0.120055 0.031459
v 0.282582 0.120055 0.031459
v 0.248397 0.173077 0.030110
v 0.248397 0.173077 0.030110
v 0.289913 0.173077 0.030110
v 0.289913 0.173077 0.030110
v 0.237629 0.144364 0.029814
v 0.237629 0.144364 0.029814
v 0.300692 0.144364 0.029814
v 0.300692 0.144364 0.029814
v 0.237629 0.167591 0.029814
v 0.237629 0.167591 0.029814
v 0.300692 0.167591 0.029814
v 0.300692 0.167591 0.029814
v 0.223283 0.120055 0.029694
v 0.223283 0.120055 0.029694
v 0.315027 0.120055 0.029694
v 0.315027 0.120055 0.029694
v 0.239621 0.144189 0.028577
v 0.239621 0.144189 0.028577
v 0.239621 0.144189 0.028577
v 0.298689 0.144189 0.028577
v 0.298689 0.144189 0.028577
v 0.298689 0.144189 0.028577
v 0.249662 0.120055 0.028217
v 0.288648 0.120055 0.028217
v 0.240850 0.144281 0.027349
v 0.240850 0.144281 0.027349
v 0.240850 0.144281 0.027349
v 0.297460 0.144281 0.027349
v 0.297460 0.144281 0.027349
v 0.297460 0.144281 0.027349
v 0.240850 0.170424 0.027349
v 0.297460 0.170424 0.027349
v 0.242735 0.173077 0.025463
v 0.242735 0.173077 0.025463
v 0.295575 0.173077 0.025463
v 0.295575 0.173077 0.025463
v 0.230697 0.146487 0.024744
v 0.230697 0.146487 0.024744
v 0.307624 0.146487 0.024744
v 0.307624 0.146487 0.024744
v 0.230697 0.165467 0.024744
v 0.230697 0.165467 0.024744
v 0.307624 0.165467 0.024744
v 0.307624 0.165467 0.024744
v 0.244345 0.120055 0.023854
v 0.293965 0.120055 0.023853
v 0.232156 0.144364 0.022979
v 0.232156 0.144364 0.022979
v 0.306164 0.144364 0.022979
v 0.306164 0.144364 0.022979
v 0.232156 0.167591 0.022979
v 0.232156 0.167591 0.022979
v 0.306164 0.167591 0.022979
v 0.306164 0.167591 0.022979
v 0.234427 0.144189 0.022248
v 0.234427 0.144189 0.022248
v 0.234427 0.144189 0.022248
v 0.303883 0.144189 0.022248
v 0.303883 0.144189 0.022248
v 0.303883 0.144189 0.022248
v 0.235871 0.144281 0.021283
v 0.235871 0.144281 0.021283
v 0.235871 0.144281 0.021283
v 0.302439 0.144281 0.021283
v 0.302439 0.144281 0.021283
v 0.302439 0.144281 0.021283
v 0.235871 0.170424 0.021283
v 0.302439 0.170424 0.021283
v 0.218185 0.120055 0.020156
v 0.218185 0.120055 0.020156
v 0.320125 0.120055 0.020156
v 0.320125 0.120055 0.020156
v 0.238088 0.173077 0.019801
v 0.238088 0.173077 0.019801
v 0.300222 0.173077 0.019801
v 0.300222 0.173077 0.019801
v 0.239981 0.120055 0.018537
v 0.298329 0.120055 0.018537
v 0.226422 0.146487 0.016746
v 0.226422 0.146487 0.016746
v 0.311898 0.146487 0.016746
v 0.311898 0.146487 0.016746
v 0.226422 0.165467 0.016746
v 0.226422 0.165467 0.016746
v 0.311898 0.165467 0.016746
v 0.311898 0.165467 0.016746
v 0.228155 0.144364 0.015306
v 0.228155 0.144364 0.015306
v 0.310165 0.144364 0.015306
v 0.310165 0.144364 0.015306
v 0.228155 0.167591 0.015306
v 0.228155 0.167591 0.015306
v 0.310165 0.167591 0.015306
v 0.310165 0.167591 0.015306
v 0.230567 0.144189 0.015027
v 0.230567 0.144189 0.015027
v 0.230567 0.144189 0.015027
v 0.307743 0.144189 0.015027
v 0.307743 0.144189 0.015027
v 0.307743 0.144189 0.015027
v 0.232172 0.144281 0.014362
v 0.232172 0.144281 0.014362
v 0.232172 0.144281 0.014362
v 0.306138 0.144281 0.014362
v 0.306138 0.144281 0.014362
v 0.306138 0.144281 0.014362
v 0.232172 0.170424 0.014362
v 0.306138 0.170424 0.014362
v 0.234635 0.173077 0.013342
v 0.234635 0.173077 0.013342
v 0.303675 0.173077 0.013342
v 0.303675 0.173077 0.013342
v 0.236739 0.120055 0.012470
v 0.301571 0.120055 0.012470
v 0.215046 0.120055 0.009806
v 0.215046 0.120055 0.009806
v 0.323264 0.120055 0.009806
v 0.323264 0.120055 0.009806
v 0.223790 0.146487 0.008068
v 0.223790 0.146487 0.008068
v 0.314531 0.146487 0.008068
v 0.314531 0.146487 0.008068
v 0.223790 0.165467 0.008068
v 0.223790 0.165467 0.008068
v 0.314531 0.165467 0.008068
v 0.314531 0.165467 0.008068
v 0.225760 0.144364 0.007212
v 0.225760 0.144364 0.007212
v 0.312561 0.144364 0.007212
v 0.312561 0.144364 0.007212
v 0.225760 0.167591 0.007212
v 0.225760 0.167591 0.007212
v 0.312561 0.167591 0.007212
v 0.312561 0.167591 0.007212
v 0.228190 0.144189 0.007192
v 0.228190 0.144189 0.007192
v 0.228190 0.144189 0.007192
v 0.310119 0.144189 0.007192
v 0.310119 0.144189 0.007192
v 0.310119 0.144189 0.007192
v 0.229894 0.144281 0.006853
v 0.229894 0.144281 0.006853
v 0.229894 0.144281 0.006853
v 0.308416 0.144281 0.006853
v 0.308416 0.144281 0.006853
v 0.308416 0.144281 0.006853
v 0.229894 0.170424 0.006853
v 0.308416 0.170424 0.006853
v 0.232509 0.173077 0.006333
v 0.232509 0.173077 0.006333
v 0.305801 0.173077 0.006333
v 0.305801 0.173077 0.006333
v 0.234742 0.120055 0.005888
v 0.303568 0.120055 0.005888
v 0.213986 0.120055 -0.000957
v 0.213986 0.120055 -0.000957
v 0.234068 0.120055 -0.000957
v 0.304242 0.120055 -0.000957
v 0.324324 0.120055 -0.000957
v 0.324324 0.120055 -0.000957
v 0.227388 0.144189 -0.000957
v 0.227388 0.144189 -0.000957
v 0.227388 0.144189 -0.000957
v 0.310922 0.144189 -0.000957
v 0.310922 0.144189 -0.000957
v 0.310922 0.144189 -0.000957
v 0.229125 0.144281 -0.000957
v 0.229125 0.144281 -0.000957
v 0.229125 0.144281 -0.000957
v 0.309185 0.144281 -0.000957
v 0.309185 0.144281 -0.000957
v 0.309185 0.144281 -0.000957
v 0.224975 0.144364 -0.000957
v 0.224975 0.144364 -0.000957
v 0.313346 0.144364 -0.000957
v 0.313346 0.144364 -0.000957
v 0.222901 0.146487 -0.000957
v 0.222901 0.146487 -0.000957
v 0.315420 0.146487 -0.000957
v 0.315420 0.146487 -0.000957
v 0.222901 0.165467 -0.000957
v 0.222901 0.165467 -0.000957
v 0.315420 0.165467 -0.000957
v 0.315420 0.165467 -0.000957
v 0.224975 0.167591 -0.000957
v 0.224975 0.167591 -0.000957
v 0.313346 0.167591 -0.000957
v 0.313346 0.167591 -0.000957
v 0.229125 0.170424 -0.000957
v 0.309185 0.170424 -0.000957
v 0.231791 0.173077 -0.000957
v 0.231791 0.173077 -0.000957
v 0.306519 0.173077 -0.000957
v 0.306519 0.173077 -0.000957
v 0.234742 0.120055 -0.007802
v 0.303568 0.120055 -0.007802
v 0.232509 0.173077 -0.008246
v 0.232509 0.173077 -0.008246
v 0.305801 0.173077 -0.008246
v 0.305801 0.173077 -0.008246
v 0.229894 0.144281 -0.008766
v 0.229894 0.144281 -0.008766
v 0.229894 0.144281 -0.008766
v 0.308416 0.144281 -0.008766
v 0.308416 0.144281 -0.008766
v 0.308416 0.144281 -0.008766
v 0.229894 0.170424 -0.008766
v 0.308416 0.170424 -0.008766
v 0.228190 0.144189 -0.009105
v 0.228190 0.144189 -0.009105
v 0.228190 0.144189 -0.009105
v 0.310119 0.144189 -0.009105
v 0.310119 0.144189 -0.009105
v 0.310119 0.144189 -0.009105
v 0.225760 0.144364 -0.009125
v 0.225760 0.144364 -0.009125
v 0.312561 0.144364 -0.009125
v 0.312561 0.144364 -0.009125
v 0.225760 0.167591 -0.009125
v 0.225760 0.167591 -0.009125
v 0.312561 0.167591 -0.009125
v 0.312561 0.167591 -0.009125
v 0.223790 0.146487 -0.009982
v 0.223790 0.146487 -0.009982
v 0.314531 0.146487 -0.009982
v 0.314531 0.146487 -0.009982
v 0.223790 0.165467 -0.009982
v 0.223790 0.165467 -0.009982
v 0.314531 0.165467 -0.009982
v 0.314531 0.165467 -0.009982
v 0.215046 0.120055 -0.011720
v 0.215046 0.120055 -0.011720
v 0.323264 0.120055 -0.011720
v 0.323264 0.120055 -0.011720
v 0.236739 0.120055 -0.014384
v 0.301571 0.120055 -0.014384
v 0.234635 0.173077 -0.015255
v 0.234635 0.173077 -0.015255
v 0.303675 0.173077 -0.015255
v 0.303675 0.173077 -0.015255
v 0.232172 0.170424 -0.016276
v 0.232172 0.144281 -0.016276
v 0.232172 0.144281 -0.016276
v 0.232172 0.144281 -0.016276
v 0.306138 0.144281 -0.016276
v 0.306138 0.144281 -0.016276
v 0.306138 0.144281 -0.016276
v 0.306138 0.170424 -0.016276
v 0.230567 0.144189 -0.016940
v 0.230567 0.144189 -0.016940
v 0.230567 0.144189 -0.016940
v 0.307743 0.144189 -0.016940
v 0.307743 0.144189 -0.016940
v 0.307743 0.144189 -0.016940
v 0.228155 0.144364 -0.017220
v 0.228155 0.144364 -0.017220
v 0.310165 0.144364 -0.017220
v 0.310165 0.144364 -0.017220
v 0.228155 0.167591 -0.017220
v 0.228155 0.167591 -0.017220
v 0.310165 0.167591 -0.017220
v 0.310165 0.167591 -0.017220
v 0.226422 0.146487 -0.018660
v 0.226422 0.146487 -0.018660
v 0.311898 0.146487 -0.018660
v 0.311898 0.146487 -0.018660
v 0.226422 0.165467 -0.018660
v 0.226422 0.165467 -0.018660
v 0.311898 0.165467 -0.018660
v 0.311898 0.165467 -0.018660
v 0.239981 0.120055 -0.020450
v 0.298329 0.120055 -0.020450
v 0.238088 0.173077 -0.021715
v 0.238088 0.173077 -0.021715
v 0.300222 0.173077 -0.021715
v 0.300222 0.173077 -0.021715
v 0.218185 0.120055 -0.022069
v 0.218185 0.120055 -0.022069
v 0.320125 0.120055 -0.022069
v 0.320125 0.120055 -0.022069
v 0.235871 0.144281 -0.023196
v 0.235871 0.144281 -0.023196
v 0.235871 0.144281 -0.023196
v 0.302439 0.144281 -0.023196
v 0.302439 0.144281 -0.023196
v 0.302439 0.144281 -0.023196
v 0.235871 0.170424 -0.023196
v 0.302439 0.170424 -0.023196
v 0.234427 0.144189 -0.024161
v 0.234427 0.144189 -0.024161
v 0.234427 0.144189 -0.024161
v 0.303883 0.144189 -0.024161
v 0.303883 0.144189 -0.024161
v 0.303883 0.144189 -0.024161
v 0.232156 0.144364 -0.024892
v 0.232156 0.144364 -0.024892
v 0.306164 0.144364 -0.024892
v 0.306164 0.144364 -0.024892
v 0.232156 0.167591 -0.024892
v 0.232156 0.167591 -0.024892
v 0.306164 0.167591 -0.024892
v 0.306164 0.167591 -0.024892
v 0.244345 0.120055 -0.025767
v 0.293965 0.120055 -0.025767
v 0.230697 0.146487 -0.026657
v 0.230697 0.146487 -0.026657
v 0.307624 0.146487 -0.026657
v 0.307624 0.146487 -0.026657
v 0.230697 0.165467 -0.026657
v 0.230697 0.165467 -0.026657
v 0.307624 0.165467 -0.026657
v 0.307624 0.165467 -0.026657
v 0.242735 0.173077 -0.027377
v 0.242735 0.173077 -0.027377
v 0.295575 0.173077 -0.027377
v 0.295575 0.173077 -0.027377
v 0.240850 0.144281 -0.029262
v 0.240850 0.144281 -0.029262
v 0.240850 0.144281 -0.029262
v 0.297460 0.144281 -0.029262
v 0.297460 0.144281 -0.029262
v 0.297460 0.144281 -0.029262
v 0.240850 0.170424 -0.029262
v 0.297460 0.170424 -0.029262
v 0.249662 0.120055 -0.030131
v 0.288648 0.120055 -0.030131
v 0.239621 0.144189 -0.030491
v 0.239621 0.144189 -0.030491
v 0.239621 0.144189 -0.030491
v 0.298689 0.144189 -0.030491
v 0.298689 0.144189 -0.030491
v 0.298689 0.144189 -0.030491
v 0.223283 0.120055 -0.031607
v 0.223283 0.120055 -0.031607
v 0.315027 0.120055 -0.031607
v 0.315027 0.120055 -0.031607
v 0.237629 0.144364 -0.031727
v 0.237629 0.144364 -0.031727
v 0.300692 0.144364 -0.031727
v 0.300692 0.144364 -0.031727
v 0.237629 0.167591 -0.031727
v 0.237629 0.167591 -0.031727
v 0.300692 0.167591 -0.031727
v 0.300692 0.167591 -0.031727
v 0.248397 0.173077 -0.032024
v 0.248397 0.173077 -0.032024
v 0.289913 0.173077 -0.032024
v 0.289913 0.173077 -0.032024
v 0.255728 0.120055 -0.033373
v 0.282582 0.120055 -0.033373
v 0.301871 0.146487 -0.033667
v 0.301871 0.146487 -0.033667
v 0.236450 0.146487 -0.033667
v 0.236450 0.146487 -0.033667
v 0.236450 0.165467 -0.033667
v 0.236450 0.165467 -0.033667
v 0.301871 0.165467 -0.033667
v 0.301871 0.165467 -0.033667
v 0.246916 0.144281 -0.034240
v 0.246916 0.144281 -0.034240
v 0.246916 0.144281 -0.034240
v 0.291394 0.144281 -0.034240
v 0.291394 0.144281 -0.034240
v 0.291394 0.144281 -0.034240
v 0.246916 0.170424 -0.034240
v 0.291394 0.170424 -0.034240
v 0.262310 0.120055 -0.035370
v 0.276000 0.120055 -0.035370
v 0.254857 0.173077 -0.035476
v 0.254857 0.173077 -0.035476
v 0.283453 0.173077 -0.035476
v 0.283453 0.173077 -0.035476
v 0.245950 0.144189 -0.035685
v 0.245950 0.144189 -0.035685
v 0.245950 0.144189 -0.035685
v 0.292359 0.144189 -0.035685
v 0.292359 0.144189 -0.035685
v 0.292359 0.144189 -0.035685
v 0.269155 0.120055 -0.036044
v 0.244353 0.144364 -0.037384
v 0.244353 0.144364 -0.037384
v 0.293967 0.144364 -0.037384
v 0.293967 0.144364 -0.037384
v 0.244353 0.167591 -0.037384
v 0.244353 0.167591 -0.037384
v 0.293967 0.167591 -0.037384
v 0.293967 0.167591 -0.037384
v 0.261866 0.173077 -0.037603
v 0.261866 0.173077 -0.037603
v 0.276444 0.173077 -0.037603
v 0.276444 0.173077 -0.037603
v 0.253836 0.144281 -0.037940
v 0.253836 0.144281 -0.037940
v 0.253836 0.144281 -0.037940
v 0.284474 0.144281 -0.037940
v 0.284474 0.144281 -0.037940
v 0.284474 0.144281 -0.037940
v 0.253836 0.170424 -0.037940
v 0.284474 0.170424 -0.037940
v 0.269155 0.173077 -0.038320
v 0.269155 0.173077 -0.038320
v 0.243460 0.146487 -0.039420
v 0.243460 0.146487 -0.039420
v 0.294861 0.146487 -0.039420
v 0.294861 0.146487 -0.039420
v 0.243460 0.165467 -0.039420
v 0.243460 0.165467 -0.039420
v 0.294861 0.165467 -0.039420
v 0.294861 0.165467 -0.039420
v 0.285138 0.144189 -0.039545
v 0.285138 0.144189 -0.039545
v 0.285138 0.144189 -0.039545
v 0.253171 0.144189 -0.039545
v 0.253171 0.144189 -0.039545
v 0.253171 0.144189 -0.039545
v 0.230144 0.120055 -0.039967
v 0.230144 0.120055 -0.039967
v 0.308166 0.120055 -0.039967
v 0.308166 0.120055 -0.039967
v 0.261346 0.144281 -0.040217
v 0.261346 0.144281 -0.040217
v 0.261346 0.144281 -0.040217
v 0.276964 0.144281 -0.040217
v 0.276964 0.144281 -0.040217
v 0.276964 0.144281 -0.040217
v 0.261346 0.170424 -0.040217
v 0.276964 0.170424 -0.040217
v 0.269155 0.144281 -0.040987
v 0.269155 0.144281 -0.040987
v 0.269155 0.144281 -0.040987
v 0.269155 0.170424 -0.040987
v -0.094119 -0.004490 -0.041223
v -0.094119 -0.004490 -0.041223
v -0.094119 -0.004490 -0.041223
v -0.019628 -0.004490 -0.041223
v -0.019628 -0.004490 -0.041223
v -0.019628 -0.004490 -0.041223
v 0.024147 -0.004490 -0.041223
v 0.024147 -0.004490 -0.041223
v 0.024147 -0.004490 -0.041223
v 0.303458 -0.004490 -0.041223
v 0.303458 -0.004490 -0.041223
v 0.303458 -0.004490 -0.041223
v 0.372420 -0.033698 -0.041386
v 0.372420 -0.033698 -0.041386
v 0.372420 -0.033698 -0.041386
v 0.024147 -0.033698 -0.041386
v 0.024147 -0.033698 -0.041386
v 0.024147 -0.033698 -0.041386
v 0.252059 0.144364 -0.041605
v 0.252059 0.144364 -0.041605
v 0.286262 0.144364 -0.041605
v 0.286262 0.144364 -0.041605
v 0.252059 0.167591 -0.041605
v 0.252059 0.167591 -0.041605
v 0.286262 0.167591 -0.041605
v 0.286262 0.167591 -0.041605
v 0.261007 0.144189 -0.041921
v 0.261007 0.144189 -0.041921
v 0.261007 0.144189 -0.041921
v 0.277303 0.144189 -0.041921
v 0.277303 0.144189 -0.041921
v 0.277303 0.144189 -0.041921
v 0.269155 0.144189 -0.042724
v 0.269155 0.144189 -0.042724
v 0.269155 0.144189 -0.042724
v 0.251457 0.146487 -0.043695
v 0.251457 0.146487 -0.043695
v 0.286863 0.146487 -0.043695
v 0.286863 0.146487 -0.043695
v 0.251457 0.165467 -0.043695
v 0.251457 0.165467 -0.043695
v 0.286863 0.165467 -0.043695
v 0.286863 0.165467 -0.043695
v 0.260438 0.144364 -0.044210
v 0.260438 0.144364 -0.044210
v 0.277883 0.144364 -0.044210
v 0.277883 0.144364 -0.044210
v 0.260438 0.167591 -0.044210
v 0.260438 0.167591 -0.044210
v 0.277883 0.167591 -0.044210
v 0.277883 0.167591 -0.044210
v 0.269160 0.144364 -0.045091
v 0.269160 0.144364 -0.045091
v 0.269160 0.167591 -0.045091
v 0.269160 0.167591 -0.045091
v 0.260135 0.146487 -0.046327
v 0.260135 0.146487 -0.046327
v 0.278185 0.146487 -0.046327
v 0.278185 0.146487 -0.046327
v 0.260135 0.165467 -0.046327
v 0.260135 0.165467 -0.046327
v 0.278185 0.165467 -0.046327
v 0.278185 0.165467 -0.046327
v 0.238505 0.120055 -0.046828
v 0.238505 0.120055 -0.046828
v 0.299805 0.120055 -0.046828
v 0.299805 0.120055 -0.046828
v 0.269160 0.146487 -0.047216
v 0.269160 0.146487 -0.047216
v 0.269160 0.165467 -0.047216
v 0.269160 0.165467 -0.047216
v 0.248043 0.120055 -0.051927
v 0.248043 0.120055 -0.051927
v 0.290267 0.120055 -0.051927
v 0.290267 0.120055 -0.051927
v 0.258392 0.120055 -0.055066
v 0.258392 0.120055 -0.055066
v 0.279918 0.120055 -0.055066
v 0.279918 0.120055 -0.055066
v 0.269155 0.120055 -0.056126
v 0.269155 0.120055 -0.056126
v 0.140305 0.046936 -0.111361
v 0.140305 0.046936 -0.111361
v 0.140861 0.041238 -0.111437
v 0.140861 0.041238 -0.111437
v 0.140861 0.052635 -0.111437
v 0.140861 0.052635 -0.111437
v 0.142508 0.035758 -0.111663
v 0.142508 0.035758 -0.111663
v 0.142508 0.058114 -0.111663
v 0.142508 0.058114 -0.111663
v 0.145182 0.030709 -0.112029
v 0.145182 0.030709 -0.112029
v 0.145182 0.063164 -0.112029
v 0.145182 0.063164 -0.112029
v 0.148189 0.046936 -0.112441
v 0.148593 0.042790 -0.112497
v 0.148593 0.051082 -0.112497
v 0.148781 0.026282 -0.112522
v 0.148781 0.026282 -0.112522
v 0.148781 0.067590 -0.112522
v 0.148781 0.067590 -0.112522
v 0.149791 0.038804 -0.112661
v 0.149791 0.055069 -0.112661
v 0.151737 0.035129 -0.112927
v 0.151737 0.058743 -0.112927
v 0.153166 0.022650 -0.113123
v 0.153166 0.022650 -0.113123
v 0.153166 0.071223 -0.113123
v 0.153166 0.071223 -0.113123
v 0.154355 0.031909 -0.113286
v 0.154355 0.061964 -0.113286
v 0.157546 0.029266 -0.113723
v 0.157546 0.064607 -0.113723
v 0.158169 0.019951 -0.113808
v 0.158169 0.019951 -0.113808
v 0.158169 0.073922 -0.113808
v 0.158169 0.073922 -0.113808
v 0.161186 0.027302 -0.114222
v 0.161186 0.066570 -0.114222
v 0.163598 0.018288 -0.114552
v 0.163598 0.018288 -0.114552
v 0.163598 0.075584 -0.114552
v 0.163598 0.075584 -0.114552
v 0.165136 0.026093 -0.114763
v 0.165136 0.067780 -0.114763
v 0.169244 0.017727 -0.115325
v 0.169244 0.017727 -0.115325
v 0.169244 0.025685 -0.115325
v 0.169244 0.068188 -0.115325
v 0.169244 0.076145 -0.115325
v 0.169244 0.076145 -0.115325
v 0.173351 0.067780 -0.115888
v 0.173351 0.026093 -0.115888
v 0.174889 0.018288 -0.116099
v 0.174889 0.018288 -0.116099
v 0.174889 0.075584 -0.116099
v 0.174889 0.075584 -0.116099
v 0.177301 0.027302 -0.116429
v 0.177301 0.066570 -0.116429
v 0.180318 0.019951 -0.116842
v 0.180318 0.019951 -0.116842
v 0.180318 0.073922 -0.116842
v 0.180318 0.073922 -0.116842
v 0.180941 0.029266 -0.116928
v 0.180941 0.064607 -0.116928
v 0.184132 0.031909 -0.117365
v 0.184132 0.061964 -0.117365
v -0.094119 -0.033698 -0.117408
v -0.094119 -0.033698 -0.117408
v -0.094119 -0.033698 -0.117408
v -0.019628 -0.033698 -0.117408
v -0.019628 -0.033698 -0.117408
v -0.019628 -0.033698 -0.117408
v 0.185321 0.022650 -0.117528
v 0.185321 0.022650 -0.117528
v 0.185321 0.071223 -0.117528
v 0.185321 0.071223 -0.117528
v 0.186751 0.035129 -0.117723
v 0.186751 0.058743 -0.117723
v 0.188696 0.038804 -0.117990
v 0.188696 0.055069 -0.117990
v 0.189707 0.026282 -0.118128
v 0.189707 0.026282 -0.118128
v 0.189707 0.067590 -0.118128
v 0.189707 0.067590 -0.118128
v 0.189894 0.042790 -0.118154
v 0.189894 0.051082 -0.118154
v 0.190299 0.046936 -0.118210
v 0.193306 0.030709 -0.118621
v 0.193306 0.030709 -0.118621
v 0.193306 0.063164 -0.118621
v 0.193306 0.063164 -0.118621
v 0.195980 0.035758 -0.118988
v 0.195980 0.035758 -0.118988
v 0.195980 0.058114 -0.118988
v 0.195980 0.058114 -0.118988
v 0.197626 0.041238 -0.119213
v 0.197626 0.041238 -0.119213
v 0.197626 0.052635 -0.119213
v 0.197626 0.052635 -0.119213
v 0.198183 0.046936 -0.119289
v 0.198183 0.046936 -0.119289
v 0.139196 0.046936 -0.119455
v 0.139196 0.046936 -0.119455
v 0.139196 0.046936 -0.119455
v 0.139752 0.041238 -0.119531
v 0.139752 0.041238 -0.119531
v 0.139752 0.041238 -0.119531
v 0.139752 0.052635 -0.119531
v 0.139752 0.052635 -0.119531
v 0.139752 0.052635 -0.119531
v 0.141399 0.035758 -0.119757
v 0.141399 0.035758 -0.119757
v 0.141399 0.035758 -0.119757
v 0.141399 0.058114 -0.119757
v 0.141399 0.058114 -0.119757
v 0.141399 0.058114 -0.119757
v 0.144073 0.030709 -0.120123
v 0.144073 0.030709 -0.120123
v 0.144073 0.030709 -0.120123
v 0.144073 0.063164 -0.120123
v 0.144073 0.063164 -0.120123
v 0.144073 0.063164 -0.120123
v 0.144931 0.046936 -0.120266
v 0.144931 0.046936 -0.120266
v 0.144931 0.046936 -0.120266
v 0.145376 0.042368 -0.120327
v 0.145376 0.042368 -0.120327
v 0.145376 0.042368 -0.120327
v 0.145376 0.051505 -0.120327
v 0.145376 0.051505 -0.120327
v 0.145376 0.051505 -0.120327
v 0.142151 0.046842 -0.120358
v 0.142151 0.046842 -0.120358
v 0.142614 0.041979 -0.120423
v 0.142614 0.041979 -0.120423
v 0.142614 0.051705 -0.120423
v 0.142614 0.051705 -0.120423
v 0.146697 0.037975 -0.120508
v 0.146697 0.037975 -0.120508
v 0.146697 0.037975 -0.120508
v 0.146697 0.055898 -0.120508
v 0.146697 0.055898 -0.120508
v 0.146697 0.055898 -0.120508
v 0.147672 0.026282 -0.120616
v 0.147672 0.026282 -0.120616
v 0.147672 0.026282 -0.120616
v 0.147672 0.067590 -0.120616
v 0.147672 0.067590 -0.120616
v 0.147672 0.067590 -0.120616
v 0.144026 0.037160 -0.120622
v 0.144026 0.037160 -0.120622
v 0.144026 0.056524 -0.120622
v 0.144026 0.056524 -0.120622
v 0.148841 0.033926 -0.120801
v 0.148841 0.033926 -0.120801
v 0.148841 0.033926 -0.120801
v 0.148841 0.059946 -0.120801
v 0.148841 0.059946 -0.120801
v 0.148841 0.059946 -0.120801
v 0.146385 0.032593 -0.120953
v 0.146385 0.032593 -0.120953
v 0.146385 0.061091 -0.120953
v 0.146385 0.061091 -0.120953
v 0.151726 0.030378 -0.121197
v 0.151726 0.030378 -0.121197
v 0.151726 0.030378 -0.121197
v 0.151726 0.063495 -0.121197
v 0.151726 0.063495 -0.121197
v 0.151726 0.063495 -0.121197
v 0.152057 0.022650 -0.121217
v 0.152057 0.022650 -0.121217
v 0.152057 0.022650 -0.121217
v 0.152057 0.071223 -0.121217
v 0.152057 0.071223 -0.121217
v 0.152057 0.071223 -0.121217
v 0.149611 0.028524 -0.121407
v 0.149611 0.028524 -0.121407
v 0.149611 0.065160 -0.121407
v 0.149611 0.065160 -0.121407
v 0.155242 0.027465 -0.121678
v 0.155242 0.027465 -0.121678
v 0.155242 0.027465 -0.121678
v 0.155242 0.066407 -0.121678
v 0.155242 0.066407 -0.121678
v 0.155242 0.066407 -0.121678
v 0.157061 0.019951 -0.121902
v 0.157061 0.019951 -0.121902
v 0.157061 0.019951 -0.121902
v 0.157061 0.073922 -0.121902
v 0.157061 0.073922 -0.121902
v 0.157061 0.073922 -0.121902
v 0.153575 0.025156 -0.121964
v 0.153575 0.025156 -0.121964
v 0.153575 0.068528 -0.121964
v 0.153575 0.068528 -0.121964
v 0.140656 0.046842 -0.122125
v 0.140656 0.046842 -0.122125
v 0.141180 0.041469 -0.122198
v 0.141180 0.041469 -0.122198
v 0.141180 0.052215 -0.122198
v 0.141180 0.052215 -0.122198
v 0.159253 0.025301 -0.122228
v 0.159253 0.025301 -0.122228
v 0.159253 0.025301 -0.122228
v 0.159253 0.068571 -0.122228
v 0.159253 0.068571 -0.122228
v 0.159253 0.068571 -0.122228
v 0.142732 0.036303 -0.122416
v 0.142732 0.036303 -0.122416
v 0.142732 0.057381 -0.122416
v 0.142732 0.057381 -0.122416
v 0.158118 0.022643 -0.122602
v 0.158118 0.022643 -0.122602
v 0.158118 0.071041 -0.122602
v 0.158118 0.071041 -0.122602
v 0.162489 0.018288 -0.122646
v 0.162489 0.018288 -0.122646
v 0.162489 0.018288 -0.122646
v 0.162489 0.075584 -0.122646
v 0.162489 0.075584 -0.122646
v 0.162489 0.075584 -0.122646
v 0.145252 0.031542 -0.122771
v 0.145252 0.031542 -0.122771
v 0.145252 0.062142 -0.122771
v 0.145252 0.062142 -0.122771
v 0.163605 0.023969 -0.122824
v 0.163605 0.023969 -0.122824
v 0.163605 0.023969 -0.122824
v 0.163605 0.069904 -0.122824
v 0.163605 0.069904 -0.122824
v 0.163605 0.069904 -0.122824
v 0.148643 0.027369 -0.123247
v 0.148643 0.027369 -0.123247
v 0.148643 0.066315 -0.123247
v 0.148643 0.066315 -0.123247
v 0.163057 0.021092 -0.123296
v 0.163057 0.021092 -0.123296
v 0.163057 0.072592 -0.123296
v 0.163057 0.072592 -0.123296
v 0.168135 0.017727 -0.123419
v 0.168135 0.017727 -0.123419
v 0.168135 0.017727 -0.123419
v 0.168135 0.076145 -0.123419
v 0.168135 0.076145 -0.123419
v 0.168135 0.076145 -0.123419
v 0.168132 0.023519 -0.123444
v 0.168132 0.023519 -0.123444
v 0.168132 0.023519 -0.123444
v 0.168132 0.070354 -0.123444
v 0.168132 0.070354 -0.123444
v 0.168132 0.070354 -0.123444
v 0.152776 0.023944 -0.123828
v 0.152776 0.023944 -0.123828
v 0.152776 0.069740 -0.123828
v 0.152776 0.069740 -0.123828
v 0.168200 0.020568 -0.124019
v 0.168200 0.020568 -0.124019
v 0.168200 0.073116 -0.124019
v 0.168200 0.073116 -0.124019
v 0.172658 0.023969 -0.124064
v 0.172658 0.023969 -0.124064
v 0.172658 0.023969 -0.124064
v 0.172658 0.069904 -0.124064
v 0.172658 0.069904 -0.124064
v 0.172658 0.069904 -0.124064
v 0.173781 0.018288 -0.124193
v 0.173781 0.018288 -0.124193
v 0.173781 0.018288 -0.124193
v 0.173781 0.075584 -0.124193
v 0.173781 0.075584 -0.124193
v 0.173781 0.075584 -0.124193
v 0.157491 0.021399 -0.124491
v 0.157491 0.021399 -0.124491
v 0.157491 0.072285 -0.124491
v 0.157491 0.072285 -0.124491
v 0.177010 0.025301 -0.124660
v 0.177010 0.025301 -0.124660
v 0.177010 0.025301 -0.124660
v 0.177010 0.068571 -0.124660
v 0.177010 0.068571 -0.124660
v 0.177010 0.068571 -0.124660
v 0.173342 0.021092 -0.124742
v 0.173342 0.021092 -0.124742
v 0.173342 0.072592 -0.124742
v 0.173342 0.072592 -0.124742
v 0.179209 0.019951 -0.124936
v 0.179209 0.019951 -0.124936
v 0.179209 0.019951 -0.124936
v 0.179209 0.073922 -0.124936
v 0.179209 0.073922 -0.124936
v 0.179209 0.073922 -0.124936
v 0.162607 0.019832 -0.125210
v 0.162607 0.019832 -0.125210
v 0.181021 0.027465 -0.125210
v 0.181021 0.027465 -0.125210
v 0.181021 0.027465 -0.125210
v 0.181021 0.066407 -0.125210
v 0.181021 0.066407 -0.125210
v 0.181021 0.066407 -0.125210
v 0.162607 0.073852 -0.125210
v 0.162607 0.073852 -0.125210
v 0.178281 0.022643 -0.125436
v 0.178281 0.022643 -0.125436
v 0.178281 0.071041 -0.125436
v 0.178281 0.071041 -0.125436
v 0.184213 0.022650 -0.125622
v 0.184213 0.022650 -0.125622
v 0.184213 0.022650 -0.125622
v 0.184213 0.071223 -0.125622
v 0.184213 0.071223 -0.125622
v 0.184213 0.071223 -0.125622
v 0.184537 0.030378 -0.125691
v 0.184537 0.030378 -0.125691
v 0.184537 0.030378 -0.125691
v 0.184537 0.063495 -0.125691
v 0.184537 0.063495 -0.125691
v 0.184537 0.063495 -0.125691
v 0.167927 0.019303 -0.125957
v 0.167927 0.019303 -0.125957
v 0.167927 0.074381 -0.125957
v 0.167927 0.074381 -0.125957
v 0.182824 0.025156 -0.126074
v 0.182824 0.025156 -0.126074
v 0.182824 0.068528 -0.126074
v 0.182824 0.068528 -0.126074
v 0.187422 0.033926 -0.126086
v 0.187422 0.033926 -0.126086
v 0.187422 0.033926 -0.126086
v 0.187422 0.059946 -0.126086
v 0.187422 0.059946 -0.126086
v 0.187422 0.059946 -0.126086
v 0.188598 0.026282 -0.126222
v 0.188598 0.026282 -0.126222
v 0.188598 0.026282 -0.126222
v 0.188598 0.067590 -0.126222
v 0.188598 0.067590 -0.126222
v 0.188598 0.067590 -0.126222
v 0.189567 0.037975 -0.126380
v 0.189567 0.037975 -0.126380
v 0.189567 0.037975 -0.126380
v 0.189567 0.055898 -0.126380
v 0.189567 0.055898 -0.126380
v 0.189567 0.055898 -0.126380
v 0.190887 0.042368 -0.126561
v 0.190887 0.042368 -0.126561
v 0.190887 0.042368 -0.126561
v 0.190887 0.051505 -0.126561
v 0.190887 0.051505 -0.126561
v 0.190887 0.051505 -0.126561
v 0.191333 0.046936 -0.126622
v 0.191333 0.046936 -0.126622
v 0.191333 0.046936 -0.126622
v 0.186788 0.028524 -0.126632
v 0.186788 0.028524 -0.126632
v 0.186788 0.065160 -0.126632
v 0.186788 0.065160 -0.126632
v 0.173248 0.019832 -0.126705
v 0.173248 0.019832 -0.126705
v 0.173248 0.073852 -0.126705
v 0.173248 0.073852 -0.126705
v 0.192197 0.030709 -0.126715
v 0.192197 0.030709 -0.126715
v 0.192197 0.030709 -0.126715
v 0.192197 0.063164 -0.126715
v 0.192197 0.063164 -0.126715
v 0.192197 0.063164 -0.126715
v 0.194871 0.035758 -0.127082
v 0.194871 0.035758 -0.127082
v 0.194871 0.035758 -0.127082
v 0.194871 0.058114 -0.127082
v 0.194871 0.058114 -0.127082
v 0.194871 0.058114 -0.127082
v 0.190014 0.032593 -0.127085
v 0.190014 0.032593 -0.127085
v 0.190014 0.061091 -0.127085
v 0.190014 0.061091 -0.127085
v 0.196518 0.041238 -0.127307
v 0.196518 0.041238 -0.127307
v 0.196518 0.041238 -0.127307
v 0.196518 0.052635 -0.127307
v 0.196518 0.052635 -0.127307
v 0.196518 0.052635 -0.127307
v 0.197074 0.046936 -0.127383
v 0.197074 0.046936 -0.127383
v 0.197074 0.046936 -0.127383
v 0.192373 0.037160 -0.127416
v 0.192373 0.037160 -0.127416
v 0.192373 0.056524 -0.127416
v 0.192373 0.056524 -0.127416
v 0.178363 0.021399 -0.127424
v 0.178363 0.021399 -0.127424
v 0.178363 0.072285 -0.127424
v 0.178363 0.072285 -0.127424
v 0.193785 0.041979 -0.127615
v 0.193785 0.041979 -0.127615
v 0.193785 0.051705 -0.127615
v 0.193785 0.051705 -0.127615
v 0.194248 0.046842 -0.127680
v 0.194248 0.046842 -0.127680
v 0.183078 0.023944 -0.128087
v 0.183078 0.023944 -0.128087
v 0.183078 0.069740 -0.128087
v 0.183078 0.069740 -0.128087
v 0.187211 0.027369 -0.128668
v 0.187211 0.027369 -0.128668
v 0.187211 0.066315 -0.128668
v 0.187211 0.066315 -0.128668
v 0.190602 0.031542 -0.129144
v 0.190602 0.031542 -0.129144
v 0.190602 0.062142 -0.129144
v 0.190602 0.062142 -0.129144
v 0.193123 0.036303 -0.129498
v 0.193123 0.036303 -0.129498
v 0.193123 0.057381 -0.129498
v 0.193123 0.057381 -0.129498
v 0.194674 0.041469 -0.129717
v 0.194674 0.041469 -0.129717
v 0.194674 0.052215 -0.129717
v 0.194674 0.052215 -0.129717
v 0.195198 0.046842 -0.129790
v 0.195198 0.046842 -0.129790
v 0.138221 0.046842 -0.139452
v 0.138221 0.046842 -0.139452
v 0.138745 0.041469 -0.139526
v 0.138745 0.041469 -0.139526
v 0.138745 0.052215 -0.139526
v 0.138745 0.052215 -0.139526
v 0.140297 0.036303 -0.139744
v 0.140297 0.036303 -0.139744
v 0.140297 0.057381 -0.139744
v 0.140297 0.057381 -0.139744
v 0.142817 0.031542 -0.140098
v 0.142817 0.031542 -0.140098
v 0.142817 0.062142 -0.140098
v 0.142817 0.062142 -0.140098
v 0.146208 0.027369 -0.140575
v 0.146208 0.027369 -0.140575
v 0.146208 0.066315 -0.140575
v 0.146208 0.066315 -0.140575
v 0.150341 0.023944 -0.141155
v 0.150341 0.023944 -0.141155
v 0.150341 0.069740 -0.141155
v 0.150341 0.069740 -0.141155
v 0.139171 0.046842 -0.141562
v 0.139171 0.046842 -0.141562
v 0.139634 0.041979 -0.141627
v 0.139634 0.041979 -0.141627
v 0.139634 0.051705 -0.141627
v 0.139634 0.051705 -0.141627
v 0.155056 0.021399 -0.141818
v 0.155056 0.021399 -0.141818
v 0.155056 0.072285 -0.141818
v 0.155056 0.072285 -0.141818
v 0.141046 0.037160 -0.141826
v 0.141046 0.037160 -0.141826
v 0.141046 0.056524 -0.141826
v 0.141046 0.056524 -0.141826
v 0.143405 0.032593 -0.142157
v 0.143405 0.032593 -0.142157
v 0.143405 0.061091 -0.142157
v 0.143405 0.061091 -0.142157
v 0.160172 0.019832 -0.142537
v 0.160172 0.019832 -0.142537
v 0.160172 0.073852 -0.142537
v 0.160172 0.073852 -0.142537
v 0.146631 0.028524 -0.142611
v 0.146631 0.028524 -0.142611
v 0.146631 0.065160 -0.142611
v 0.146631 0.065160 -0.142611
v 0.150595 0.025156 -0.143168
v 0.150595 0.025156 -0.143168
v 0.150595 0.068528 -0.143168
v 0.150595 0.068528 -0.143168
v 0.165492 0.019303 -0.143285
v 0.165492 0.019303 -0.143285
v 0.165492 0.074381 -0.143285
v 0.165492 0.074381 -0.143285
v 0.155138 0.022643 -0.143806
v 0.155138 0.022643 -0.143806
v 0.155138 0.071041 -0.143806
v 0.155138 0.071041 -0.143806
v 0.170812 0.019832 -0.144032
v 0.170812 0.019832 -0.144032
v 0.170812 0.073852 -0.144032
v 0.170812 0.073852 -0.144032
v 0.160077 0.021092 -0.144500
v 0.160077 0.021092 -0.144500
v 0.160077 0.072592 -0.144500
v 0.160077 0.072592 -0.144500
v 0.141582 0.046936 -0.144715
v 0.175928 0.021399 -0.144751
v 0.175928 0.021399 -0.144751
v 0.175928 0.072285 -0.144751
v 0.175928 0.072285 -0.144751
v 0.142027 0.042368 -0.144776
v 0.142027 0.051505 -0.144776
v 0.143348 0.037975 -0.144957
v 0.143348 0.055898 -0.144957
v 0.165220 0.020568 -0.145223
v 0.165220 0.020568 -0.145223
v 0.165220 0.073116 -0.145223
v 0.165220 0.073116 -0.145223
v 0.145492 0.033926 -0.145251
v 0.145492 0.059946 -0.145251
v 0.180643 0.023944 -0.145414
v 0.180643 0.023944 -0.145414
v 0.180643 0.069740 -0.145414
v 0.180643 0.069740 -0.145414
v 0.148377 0.030378 -0.145646
v 0.148377 0.063495 -0.145646
v 0.170362 0.021092 -0.145946
v 0.170362 0.021092 -0.145946
v 0.170362 0.072592 -0.145946
v 0.170362 0.072592 -0.145946
v 0.184776 0.027369 -0.145995
v 0.184776 0.027369 -0.145995
v 0.184776 0.066315 -0.145995
v 0.184776 0.066315 -0.145995
v 0.151893 0.027465 -0.146128
v 0.151893 0.066407 -0.146128
v 0.188167 0.031542 -0.146472
v 0.188167 0.031542 -0.146472
v 0.188167 0.062142 -0.146472
v 0.188167 0.062142 -0.146472
v 0.175301 0.022643 -0.146640
v 0.175301 0.022643 -0.146640
v 0.175301 0.071041 -0.146640
v 0.175301 0.071041 -0.146640
v 0.155904 0.025301 -0.146677
v 0.155904 0.068571 -0.146677
v 0.190687 0.036303 -0.146826
v 0.190687 0.036303 -0.146826
v 0.190687 0.057381 -0.146826
v 0.190687 0.057381 -0.146826
v 0.192239 0.041469 -0.147044
v 0.192239 0.041469 -0.147044
v 0.192239 0.052215 -0.147044
v 0.192239 0.052215 -0.147044
v 0.192763 0.046842 -0.147117
v 0.192763 0.046842 -0.147117
v 0.160256 0.023969 -0.147273
v 0.160256 0.069904 -0.147273
v 0.179844 0.025156 -0.147278
v 0.179844 0.025156 -0.147278
v 0.179844 0.068528 -0.147278
v 0.179844 0.068528 -0.147278
v 0.143617 0.046936 -0.147383
v 0.143617 0.046936 -0.147383
v 0.144017 0.042832 -0.147438
v 0.144017 0.042832 -0.147438
v 0.144017 0.051041 -0.147438
v 0.144017 0.051041 -0.147438
v 0.145203 0.038885 -0.147600
v 0.145203 0.038885 -0.147600
v 0.145203 0.054988 -0.147600
v 0.145203 0.054988 -0.147600
v 0.183808 0.028524 -0.147836
v 0.183808 0.028524 -0.147836
v 0.183808 0.065160 -0.147836
v 0.183808 0.065160 -0.147836
v 0.147130 0.035248 -0.147864
v 0.147130 0.035248 -0.147864
v 0.147130 0.058625 -0.147864
v 0.147130 0.058625 -0.147864
v 0.164782 0.023519 -0.147893
v 0.164782 0.070354 -0.147893
v 0.149722 0.032059 -0.148219
v 0.149722 0.032059 -0.148219
v 0.149722 0.061813 -0.148219
v 0.149722 0.061813 -0.148219
v 0.187034 0.032593 -0.148289
v 0.187034 0.032593 -0.148289
v 0.187034 0.061091 -0.148289
v 0.187034 0.061091 -0.148289
v 0.169309 0.023969 -0.148513
v 0.169309 0.069904 -0.148513
v 0.189393 0.037160 -0.148620
v 0.189393 0.037160 -0.148620
v 0.189393 0.056524 -0.148620
v 0.189393 0.056524 -0.148620
v 0.152881 0.029443 -0.148652
v 0.152881 0.029443 -0.148652
v 0.152881 0.064430 -0.148652
v 0.152881 0.064430 -0.148652
v 0.190805 0.041979 -0.148819
v 0.190805 0.041979 -0.148819
v 0.190805 0.051705 -0.148819
v 0.190805 0.051705 -0.148819
v 0.191268 0.046842 -0.148884
v 0.191268 0.046842 -0.148884
v 0.173661 0.025301 -0.149110
v 0.173661 0.068571 -0.149110
v 0.156484 0.027499 -0.149146
v 0.156484 0.027499 -0.149146
v 0.156484 0.066374 -0.149146
v 0.156484 0.066374 -0.149146
v 0.177672 0.027465 -0.149659
v 0.177672 0.066407 -0.149659
v 0.160395 0.026301 -0.149681
v 0.160395 0.026301 -0.149681
v 0.160395 0.067571 -0.149681
v 0.160395 0.067571 -0.149681
v 0.181188 0.030378 -0.150141
v 0.181188 0.063495 -0.150141
v 0.164461 0.025897 -0.150238
v 0.164461 0.025897 -0.150238
v 0.164461 0.067976 -0.150238
v 0.164461 0.067976 -0.150238
v 0.184073 0.033926 -0.150536
v 0.184073 0.059946 -0.150536
v 0.168528 0.026301 -0.150795
v 0.168528 0.026301 -0.150795
v 0.168528 0.067571 -0.150795
v 0.168528 0.067571 -0.150795
v 0.186217 0.037975 -0.150830
v 0.186217 0.055898 -0.150830
v 0.187538 0.042368 -0.151011
v 0.187538 0.051505 -0.151011
v 0.187983 0.046936 -0.151072
v 0.172438 0.027499 -0.151331
v 0.172438 0.027499 -0.151331
v 0.172438 0.066374 -0.151331
v 0.172438 0.066374 -0.151331
v 0.176042 0.029443 -0.151825
v 0.176042 0.029443 -0.151825
v 0.176042 0.064430 -0.151825
v 0.176042 0.064430 -0.151825
v 0.179201 0.032059 -0.152257
v 0.179201 0.032059 -0.152257
v 0.179201 0.061813 -0.152257
v 0.179201 0.061813 -0.152257
v 0.181793 0.035248 -0.152612
v 0.181793 0.035248 -0.152612
v 0.181793 0.058625 -0.152613
v 0.181793 0.058625 -0.152613
v 0.183719 0.038885 -0.152876
v 0.183719 0.038885 -0.152876
v 0.183719 0.054988 -0.152876
v 0.183719 0.054988 -0.152876
v 0.184905 0.042832 -0.153039
v 0.184905 0.042832 -0.153039
v 0.184905 0.051041 -0.153039
v 0.184905 0.051041 -0.153039
v 0.185306 0.046936 -0.153094
v 0.185306 0.046936 -0.153094
vn 0.60265 0.79801 0.00000
vn -0.13572 0.99075 0.00000
vn 0.58923 0.79616 0.13761
vn -0.13572 0.99075 0.00000
vn -0.13572 0.99075 0.00000
vn 0.58923 0.79616 -0.13761
vn 0.54948 0.79070 0.26994
vn -0.13572 0.99075 0.00000
vn -0.13572 0.99075 0.00000
vn 0.54948 0.79070 -0.26994
vn 0.48489 0.78185 0.39189
vn -0.13572 0.99075 0.00000
vn -0.13572 0.99075 0.00000
vn 0.48489 0.78185 -0.39190
vn 0.39798 0.76995 0.49879
vn -0.13572 0.99075 0.00000
vn -0.13572 0.99075 0.00000
vn 0.39797 0.76995 -0.49879
vn 0.29207 0.75545 0.58651
vn -0.13572 0.99075 0.00000
vn -0.13572 0.99075 0.00000
vn 0.29207 0.75545 -0.58650
vn 0.17125 0.73889 0.65170
vn -0.13572 0.99075 0.00000
vn -0.13572 0.99075 0.00000
vn 0.17125 0.73890 -0.65170
vn 0.86724 0.49788 0.00000
vn 0.84960 0.49546 0.18081
vn 0.84960 0.49546 -0.18081
vn 0.79736 0.48830 0.35467
vn 0.79736 0.48830 -0.35467
vn 0.04015 0.72094 0.69184
vn -0.13572 0.99075 0.00000
vn -0.13572 0.99075 0.00000
vn 0.04015 0.72094 -0.69184
vn 0.71250 0.47668 0.51490
vn 0.71250 0.47668 -0.51490
vn -0.09620 0.70226 0.70539
vn -0.13572 0.99075 0.00000
vn -0.13572 0.99075 0.00000
vn -0.09620 0.70226 -0.70539
vn 0.59831 0.46103 0.65534
vn 0.59831 0.46104 -0.65534
vn -0.23254 0.68358 0.69184
vn -0.13572 0.99075 0.00000
vn -0.13572 0.99075 0.00000
vn -0.23254 0.68358 -0.69184
vn 0.45917 0.44198 0.77060
vn 0.45917 0.44198 -0.77060
vn -0.36364 0.66563 0.65169
vn -0.13572 0.99075 0.00000
vn -0.13572 0.99075 0.00000
vn -0.36364 0.66563 -0.65169
vn 0.30042 0.42023 0.85625
vn 0.30042 0.42023 -0.85624
vn -0.00000 0.88373 0.46800
vn 0.00000 0.99804 -0.06258
vn -0.22788 0.86619 0.44474
vn 0.00000 0.99804 -0.06258
vn 0.22788 0.86619 0.44474
vn 0.00000 0.99804 -0.06258
vn -0.48447 0.64908 0.58651
vn -0.13572 0.99075 0.00000
vn -0.13572 0.99075 0.00000
vn -0.48447 0.64908 -0.58651
vn -0.41830 0.82140 0.38773
vn 0.00000 0.99804 -0.06258
vn 0.41829 0.82140 0.38773
vn 0.00000 0.99804 -0.06258
vn 0.12816 0.39663 0.90899
vn 0.12817 0.39663 -0.90899
vn -0.56220 0.76359 0.31760
vn 0.00000 0.99804 -0.06258
vn 0.56220 0.76359 0.31760
vn 0.00000 0.99804 -0.06258
vn -0.59037 0.63457 0.49879
vn -0.13572 0.99075 0.00000
vn -0.13572 0.99075 0.00000
vn -0.59037 0.63456 -0.49879
vn -0.05097 0.37209 0.92679
vn -0.05097 0.37210 -0.92679
vn -0.67729 0.62265 0.39190
vn -0.13572 0.99075 0.00000
vn -0.13572 0.99075 0.00000
vn -0.67729 0.62265 -0.39190
vn -0.66732 0.70327 0.24514
vn 0.00000 0.99804 -0.06258
vn 0.66732 0.70327 0.24514
vn 0.00000 0.99804 -0.06258
vn -0.74186 0.61381 0.26995
vn -0.13572 0.99075 0.00000
vn -0.13572 0.99075 0.00000
vn -0.74187 0.61381 -0.26995
vn -0.78162 0.60838 0.13761
vn -0.13572 0.99075 0.00000
vn -0.13572 0.99075 0.00000
vn -0.78163 0.60838 -0.13761
vn -0.79505 0.60655 0.00000
vn -0.13572 0.99075 0.00000
vn -0.74252 0.64698 0.17344
vn 0.00000 0.99804 -0.06258
vn 0.74252 0.64698 0.17344
vn 0.00000 0.99804 -0.06258
vn -0.23010 0.34755 0.90899
vn -0.23010 0.34755 -0.90899
vn 0.00000 0.30043 0.95380
vn -0.00000 0.88373 0.46800
vn -0.39442 0.27608 0.87648
vn -0.20137 0.87003 0.45000
vn 0.39442 0.27608 0.87648
vn 0.20137 0.87003 0.45000
vn -0.66850 0.22344 0.70935
vn -0.38135 0.83251 0.40187
vn 0.66850 0.22344 0.70935
vn 0.38135 0.83251 0.40187
vn -0.40236 0.32396 0.85624
vn -0.40236 0.32396 -0.85625
vn -0.79404 0.59913 0.10272
vn 0.00000 0.99804 -0.06258
vn 0.79404 0.59913 0.10272
vn 0.00000 0.99804 -0.06258
vn -0.82455 0.16999 0.53966
vn -0.52746 0.77981 0.33717
vn 0.82455 0.16998 0.53966
vn 0.52746 0.77981 0.33717
vn -0.56111 0.30222 0.77060
vn -0.56111 0.30222 -0.77060
vn -0.90976 0.12472 0.39595
vn -0.63990 0.72080 0.26641
vn 0.90976 0.12472 0.39595
vn 0.63990 0.72080 0.26641
vn -0.82601 0.56273 0.03230
vn 0.00000 0.99804 -0.06258
vn 0.82601 0.56272 0.03229
vn 0.00000 0.99804 -0.06258
vn -0.70025 0.28315 0.65534
vn -0.70025 0.28315 -0.65534
vn -0.95705 0.08710 0.27652
vn -0.72351 0.66250 0.19397
vn 0.95705 0.08710 0.27652
vn 0.72351 0.66250 0.19397
vn -0.81444 0.26751 0.51491
vn -0.81444 0.26751 -0.51490
vn -0.84105 0.53956 -0.03888
vn 0.00000 0.99804 -0.06258
vn 0.84105 0.53956 -0.03888
vn 0.00000 0.99804 -0.06258
vn -0.89929 0.25589 0.35468
vn -0.89929 0.25589 -0.35468
vn -0.95155 0.24874 0.18080
vn -0.95155 0.24874 -0.18080
vn -0.98324 0.05478 0.17391
vn -0.78277 0.61046 0.12084
vn 0.98324 0.05478 0.17391
vn 0.78277 0.61046 0.12084
vn -0.96919 0.24633 -0.00000
vn 0.00000 0.99804 -0.06258
vn -0.84033 0.53034 -0.11220
vn 0.00000 0.99804 -0.06258
vn 0.84033 0.53034 -0.11220
vn -0.99636 0.02562 0.08134
vn -0.82090 0.56916 0.04673
vn 0.99636 0.02562 0.08134
vn 0.82090 0.56916 0.04673
vn 0.00000 0.99804 -0.06258
vn -0.82342 0.53490 -0.18940
vn 0.00000 0.99804 -0.06258
vn 0.82342 0.53489 -0.18940
vn -0.99998 -0.00211 -0.00671
vn -0.83994 0.54189 -0.02916
vn 0.99998 -0.00211 -0.00671
vn 0.83994 0.54189 -0.02916
vn 0.00000 0.99804 -0.06258
vn -0.78782 0.55234 -0.27251
vn 0.00000 0.99804 -0.06258
vn 0.78782 0.55234 -0.27250
vn 0.00000 0.99804 -0.06258
vn -0.72813 0.58099 -0.36369
vn 0.00000 0.99804 -0.06258
vn 0.72813 0.58099 -0.36369
vn -0.99502 -0.02994 -0.09506
vn -0.84079 0.53049 -0.10794
vn 0.99502 -0.02994 -0.09506
vn 0.84079 0.53049 -0.10794
vn 0.00000 0.99804 -0.06258
vn -0.63435 0.61806 -0.46433
vn 0.00000 0.99804 -0.06258
vn 0.63435 0.61806 -0.46433
vn 0.00000 0.99804 -0.06258
vn -0.48980 0.65871 -0.57114
vn 0.00000 0.99804 -0.06258
vn 0.48980 0.65871 -0.57114
vn -0.98027 -0.05939 -0.18855
vn -0.82291 0.53512 -0.19095
vn 0.98027 -0.05939 -0.18855
vn 0.82291 0.53512 -0.19095
vn 0.00000 0.99804 -0.06258
vn -0.27570 0.69365 -0.66546
vn 0.00000 0.99804 -0.06258
vn 0.27570 0.69365 -0.66546
vn 0.00000 0.99804 -0.06258
vn -0.00000 0.70826 -0.70595
vn -0.78388 0.55433 -0.27974
vn -0.95174 -0.09220 -0.29271
vn 0.78388 0.55432 -0.27974
vn 0.95174 -0.09220 -0.29271
vn -0.71851 0.58525 -0.37581
vn -0.90080 -0.13046 -0.41417
vn 0.71851 0.58524 -0.37581
vn 0.90080 -0.13046 -0.41417
vn -0.61752 0.62368 -0.47926
vn -0.80992 -0.17622 -0.55944
vn 0.61752 0.62368 -0.47926
vn 0.80992 -0.17622 -0.55944
vn -0.46706 0.66355 -0.58443
vn -0.64715 -0.22904 -0.72714
vn 0.46706 0.66354 -0.58443
vn 0.64715 -0.22904 -0.72714
vn -0.25636 0.69558 -0.67115
vn -0.37393 -0.27864 -0.88461
vn 0.25636 0.69558 -0.67115
vn 0.37393 -0.27864 -0.88461
vn -0.00000 0.70826 -0.70595
vn 0.00000 -0.30044 -0.95380
vn 0.00000 0.30043 0.95380
vn 0.00000 -0.70825 0.70596
vn -0.37393 0.27864 0.88461
vn -0.25636 -0.69558 0.67116
vn 0.37393 0.27864 0.88461
vn 0.25636 -0.69558 0.67116
vn -0.64715 0.22904 0.72714
vn -0.46707 -0.66354 0.58444
vn 0.64715 0.22904 0.72714
vn 0.46707 -0.66354 0.58444
vn -0.80992 0.17622 0.55944
vn -0.61753 -0.62367 0.47926
vn 0.80992 0.17622 0.55945
vn 0.61753 -0.62367 0.47926
vn -0.90080 0.13046 0.41417
vn -0.71851 -0.58524 0.37581
vn 0.90080 0.13046 0.41417
vn 0.71851 -0.58524 0.37581
vn -0.95174 0.09220 0.29272
vn -0.78388 -0.55432 0.27974
vn 0.95174 0.09220 0.29271
vn 0.78388 -0.55432 0.27974
vn 0.00000 -0.70825 0.70596
vn 0.00000 -0.99804 0.06258
vn -0.27570 -0.69365 0.66546
vn 0.00000 -0.99804 0.06258
vn 0.27570 -0.69365 0.66546
vn 0.00000 -0.99804 0.06258
vn -0.82291 -0.53512 0.19095
vn -0.98027 0.05939 0.18855
vn 0.82291 -0.53512 0.19095
vn 0.98027 0.05939 0.18855
vn -0.48980 -0.65870 0.57115
vn 0.00000 -0.99804 0.06258
vn 0.48980 -0.65870 0.57115
vn 0.00000 -0.99804 0.06258
vn -0.13144 0.99132 0.00042
vn 0.99075 0.13571 -0.00000
vn -0.13144 0.99132 -0.00042
vn 0.97171 0.13311 0.19510
vn -0.13161 0.99130 0.00126
vn -0.13144 0.99132 0.00042
vn -0.13144 0.99132 -0.00042
vn -0.13161 0.99130 -0.00126
vn 0.97171 0.13311 -0.19510
vn -0.63435 -0.61805 0.46433
vn 0.00000 -0.99804 0.06258
vn 0.63435 -0.61805 0.46433
vn 0.00000 -0.99804 0.06258
vn 0.91533 0.12539 0.38268
vn -0.13193 0.99126 0.00204
vn -0.13161 0.99130 0.00126
vn -0.13161 0.99130 -0.00126
vn -0.13193 0.99126 -0.00204
vn 0.91533 0.12539 -0.38267
vn 0.82378 0.11285 0.55557
vn -0.13239 0.99119 0.00275
vn -0.13193 0.99126 0.00204
vn -0.13193 0.99126 -0.00204
vn -0.13239 0.99119 -0.00275
vn 0.82378 0.11284 -0.55557
vn -0.84079 -0.53049 0.10794
vn -0.99502 0.02994 0.09506
vn 0.84079 -0.53049 0.10794
vn 0.99502 0.02994 0.09506
vn -0.72814 -0.58098 0.36369
vn 0.00000 -0.99804 0.06258
vn 0.72814 -0.58098 0.36369
vn 0.00000 -0.99804 0.06258
vn -0.13144 0.99132 0.00042
vn 0.99075 0.13571 -0.00000
vn -0.13144 0.99132 -0.00042
vn 0.97171 0.13311 0.19509
vn -0.13161 0.99130 0.00126
vn -0.13144 0.99132 0.00042
vn -0.13144 0.99132 -0.00042
vn -0.13161 0.99130 -0.00126
vn 0.97171 0.13311 -0.19509
vn 0.91533 0.12539 0.38268
vn -0.13193 0.99126 0.00204
vn -0.13161 0.99130 0.00126
vn -0.13161 0.99130 -0.00126
vn -0.13193 0.99126 -0.00204
vn 0.91533 0.12539 -0.38268
vn 0.70056 0.09596 0.70711
vn -0.13299 0.99111 0.00335
vn -0.13239 0.99119 0.00275
vn -0.13239 0.99119 -0.00275
vn -0.13299 0.99111 -0.00335
vn 0.70056 0.09596 -0.70711
vn 0.82378 0.11284 0.55557
vn -0.13239 0.99119 0.00275
vn -0.13193 0.99126 0.00204
vn -0.13193 0.99126 -0.00204
vn -0.13239 0.99119 -0.00275
vn 0.82378 0.11284 -0.55557
vn -0.78782 -0.55234 0.27250
vn 0.00000 -0.99804 0.06258
vn 0.78782 -0.55234 0.27250
vn 0.00000 -0.99804 0.06258
vn -0.83994 -0.54189 0.02916
vn -0.99998 0.00211 0.00671
vn 0.83994 -0.54189 0.02916
vn 0.99998 0.00211 0.00671
vn 0.70057 0.09597 0.70710
vn -0.13299 0.99111 0.00335
vn -0.13239 0.99119 0.00275
vn -0.13239 0.99119 -0.00275
vn -0.13299 0.99111 -0.00335
vn 0.70057 0.09597 -0.70711
vn 0.55043 0.07540 0.83147
vn -0.13369 0.99102 0.00383
vn -0.13299 0.99111 0.00335
vn -0.13299 0.99111 -0.00335
vn -0.13369 0.99102 -0.00383
vn 0.55043 0.07540 -0.83147
vn -0.82342 -0.53490 0.18940
vn 0.00000 -0.99804 0.06258
vn 0.82342 -0.53489 0.18940
vn 0.00000 -0.99804 0.06258
vn -0.82090 -0.56916 -0.04673
vn -0.99636 -0.02562 -0.08134
vn 0.55043 0.07540 0.83147
vn -0.13369 0.99102 0.00383
vn -0.13299 0.99111 0.00335
vn -0.13299 0.99111 -0.00335
vn -0.13369 0.99102 -0.00383
vn 0.55044 0.07540 -0.83147
vn 0.82090 -0.56916 -0.04673
vn 0.99636 -0.02562 -0.08134
vn 0.37914 0.05194 0.92388
vn -0.13447 0.99091 0.00415
vn -0.13369 0.99102 0.00383
vn -0.13369 0.99102 -0.00383
vn -0.13447 0.99091 -0.00415
vn 0.37914 0.05194 -0.92388
vn -0.84033 -0.53034 0.11220
vn 0.00000 -0.99804 0.06258
vn 0.84033 -0.53034 0.11220
vn 0.00000 -0.99804 0.06258
vn 0.37914 0.05194 0.92388
vn -0.13447 0.99091 0.00415
vn -0.13369 0.99102 0.00383
vn -0.13369 0.99102 -0.00383
vn -0.13447 0.99091 -0.00415
vn 0.37915 0.05194 -0.92388
vn -0.78277 -0.61046 -0.12084
vn -0.98324 -0.05478 -0.17391
vn 0.78278 -0.61046 -0.12084
vn 0.98324 -0.05478 -0.17391
vn 0.19328 0.02648 0.98079
vn -0.13529 0.99080 0.00432
vn -0.13447 0.99091 0.00415
vn -0.13447 0.99091 -0.00415
vn -0.13529 0.99080 -0.00431
vn 0.19329 0.02648 -0.98078
vn 0.19328 0.02648 0.98079
vn -0.13529 0.99080 0.00432
vn -0.13447 0.99091 0.00415
vn -0.13447 0.99091 -0.00415
vn -0.13529 0.99080 -0.00431
vn 0.19329 0.02648 -0.98079
vn 0.00000 -0.99804 0.06258
vn -0.84105 -0.53956 0.03888
vn 0.00000 -0.99804 0.06258
vn 0.84105 -0.53956 0.03888
vn -0.72351 -0.66250 -0.19397
vn -0.95705 -0.08710 -0.27652
vn 0.72351 -0.66250 -0.19397
vn 0.95705 -0.08710 -0.27652
vn -0.00000 -0.00000 1.00000
vn -0.13613 0.99068 0.00431
vn -0.13529 0.99080 0.00432
vn -0.13613 0.99068 -0.00431
vn -0.13529 0.99080 -0.00431
vn -0.00000 -0.00000 -1.00000
vn 0.00000 -0.00000 1.00000
vn -0.13613 0.99068 0.00431
vn -0.13529 0.99080 0.00432
vn -0.13613 0.99068 -0.00431
vn -0.13529 0.99080 -0.00431
vn 0.00000 -0.00000 -1.00000
vn 0.00000 -0.99804 0.06258
vn -0.82601 -0.56272 -0.03230
vn 0.00000 -0.99804 0.06258
vn 0.82601 -0.56272 -0.03230
vn -0.63989 -0.72081 -0.26641
vn -0.90976 -0.12472 -0.39595
vn 0.63990 -0.72080 -0.26641
vn 0.90976 -0.12472 -0.39595
vn -0.13696 0.99057 -0.00415
vn -0.13613 0.99068 -0.00431
vn -0.19328 -0.02648 -0.98079
vn -0.19328 -0.02648 0.98079
vn -0.13613 0.99068 0.00431
vn -0.13696 0.99057 0.00415
vn -0.52746 -0.77982 -0.33716
vn -0.82455 -0.16999 -0.53966
vn 0.52746 -0.77981 -0.33716
vn 0.82455 -0.16999 -0.53966
vn -0.19328 -0.02648 0.98079
vn -0.13613 0.99068 0.00431
vn -0.13696 0.99057 0.00415
vn -0.13696 0.99057 -0.00415
vn -0.13613 0.99068 -0.00431
vn -0.19329 -0.02648 -0.98078
vn 0.00000 -0.99804 0.06258
vn -0.79404 -0.59913 -0.10272
vn 0.00000 -0.99804 0.06258
vn 0.79404 -0.59912 -0.10272
vn -0.38134 -0.83252 -0.40186
vn -0.66850 -0.22344 -0.70935
vn 0.38134 -0.83252 -0.40186
vn 0.66850 -0.22344 -0.70935
vn -0.37914 -0.05194 0.92388
vn -0.13696 0.99057 0.00415
vn -0.13774 0.99046 0.00382
vn -0.13774 0.99046 -0.00382
vn -0.13696 0.99057 -0.00415
vn -0.37914 -0.05194 -0.92388
vn -0.20137 -0.87003 -0.44999
vn -0.39442 -0.27608 -0.87648
vn 0.20137 -0.87003 -0.44999
vn 0.39442 -0.27608 -0.87648
vn 0.00000 -0.88373 -0.46799
vn 0.00000 -0.30044 -0.95380
vn 0.00000 -0.99804 0.06258
vn -0.74252 -0.64698 -0.17344
vn 0.00000 -0.99804 0.06258
vn 0.74252 -0.64697 -0.17344
vn -0.37915 -0.05194 0.92388
vn -0.13696 0.99057 0.00415
vn -0.13774 0.99046 0.00382
vn -0.13774 0.99046 -0.00382
vn -0.13696 0.99057 -0.00415
vn -0.37915 -0.05194 -0.92388
vn -0.55043 -0.07540 0.83147
vn -0.13774 0.99046 0.00382
vn -0.13844 0.99037 0.00335
vn -0.13844 0.99037 -0.00335
vn -0.13774 0.99046 -0.00382
vn -0.55043 -0.07540 -0.83147
vn 0.00000 -0.99804 0.06258
vn -0.66732 -0.70327 -0.24514
vn 0.00000 -0.99804 0.06258
vn 0.66732 -0.70327 -0.24514
vn -0.55043 -0.07540 0.83147
vn -0.13774 0.99046 0.00382
vn -0.13844 0.99037 0.00335
vn -0.13844 0.99037 -0.00335
vn -0.13774 0.99046 -0.00382
vn -0.55043 -0.07540 -0.83147
vn -0.70057 -0.09597 0.70710
vn -0.13844 0.99037 0.00335
vn -0.13904 0.99028 0.00275
vn -0.13904 0.99028 -0.00275
vn -0.13844 0.99037 -0.00335
vn -0.70057 -0.09597 -0.70710
vn 0.00000 -0.99804 0.06258
vn -0.56219 -0.76359 -0.31759
vn 0.00000 -0.99804 0.06258
vn 0.56219 -0.76359 -0.31760
vn -0.82377 -0.11284 0.55558
vn -0.13904 0.99028 0.00275
vn -0.13950 0.99022 0.00205
vn -0.13950 0.99022 -0.00205
vn -0.13904 0.99028 -0.00275
vn -0.82377 -0.11284 -0.55557
vn 0.00000 -0.99804 0.06258
vn -0.41829 -0.82140 -0.38773
vn 0.00000 -0.99804 0.06258
vn 0.41829 -0.82140 -0.38773
vn -0.70056 -0.09597 0.70711
vn -0.13844 0.99037 0.00335
vn -0.13904 0.99028 0.00275
vn -0.13904 0.99028 -0.00275
vn -0.13844 0.99037 -0.00335
vn -0.70056 -0.09597 -0.70711
vn -0.91533 -0.12538 0.38269
vn -0.13950 0.99022 0.00205
vn -0.13982 0.99018 0.00126
vn -0.13982 0.99018 -0.00126
vn -0.13950 0.99022 -0.00205
vn -0.91533 -0.12538 -0.38269
vn 0.00000 -0.99804 0.06258
vn -0.22788 -0.86619 -0.44473
vn 0.00000 -0.99804 0.06258
vn 0.22788 -0.86619 -0.44473
vn 0.00000 -0.99804 0.06258
vn 0.00000 -0.88373 -0.46799
vn -0.97171 -0.13311 0.19508
vn -0.13982 0.99018 0.00126
vn -0.13999 0.99015 0.00042
vn -0.13999 0.99015 -0.00042
vn -0.13982 0.99018 -0.00126
vn -0.97171 -0.13311 -0.19508
vn -0.13999 0.99015 0.00042
vn -0.99075 -0.13572 -0.00000
vn -0.13999 0.99015 -0.00042
vn -0.82378 -0.11284 0.55557
vn -0.13904 0.99028 0.00275
vn -0.13950 0.99022 0.00205
vn -0.13950 0.99022 -0.00205
vn -0.13904 0.99028 -0.00275
vn -0.82377 -0.11284 -0.55558
vn -0.91533 -0.12538 0.38269
vn -0.13950 0.99022 0.00205
vn -0.13982 0.99018 0.00126
vn -0.13982 0.99018 -0.00126
vn -0.13950 0.99022 -0.00205
vn -0.91533 -0.12538 -0.38269
vn -0.97171 -0.13311 0.19509
vn -0.13982 0.99018 0.00126
vn -0.13999 0.99015 0.00042
vn -0.13999 0.99015 -0.00042
vn -0.13982 0.99018 -0.00126
vn -0.97171 -0.13311 -0.19509
vn -0.13999 0.99015 0.00042
vn -0.99075 -0.13571 -0.00000
vn -0.13999 0.99015 -0.00042
vn 0.13572 -0.99075 -0.00000
vn 0.99075 0.13571 -0.00000
vn 0.97171 0.13311 0.19510
vn 0.13572 -0.99075 -0.00000
vn 0.13572 -0.99075 0.00000
vn 0.97171 0.13311 -0.19510
vn 0.91533 0.12539 0.38268
vn 0.13572 -0.99075 0.00000
vn 0.13572 -0.99075 -0.00000
vn 0.91533 0.12539 -0.38267
vn 0.82378 0.11285 0.55557
vn 0.13571 -0.99075 -0.00000
vn 0.13572 -0.99075 0.00000
vn 0.82378 0.11284 -0.55557
vn 0.13572 -0.99075 -0.00000
vn 0.13572 -0.99075 -0.00000
vn 0.13572 -0.99075 0.00000
vn 0.70056 0.09596 0.70711
vn 0.13571 -0.99075 0.00000
vn 0.13571 -0.99075 -0.00000
vn 0.70056 0.09596 -0.70711
vn 0.13572 -0.99075 0.00000
vn 0.13572 -0.99075 -0.00000
vn 0.13571 -0.99075 -0.00000
vn 0.13572 -0.99075 0.00000
vn 0.55043 0.07540 0.83147
vn 0.13572 -0.99075 0.00000
vn 0.13572 -0.99075 0.00000
vn 0.55043 0.07540 -0.83147
vn 0.00000 0.00000 1.00000
vn -1.00000 0.00000 0.00000
vn 0.00000 0.35797 -0.93373
vn 0.00000 0.00000 1.00000
vn 0.46666 0.53744 -0.70242
vn 0.00000 0.35797 -0.93373
vn 0.13571 -0.99075 0.00000
vn 0.13571 -0.99075 -0.00000
vn 0.13572 -0.99075 0.00000
vn 0.13572 -0.99075 0.00000
vn 0.37914 0.05194 0.92388
vn 0.13571 -0.99075 0.00000
vn 0.13571 -0.99075 0.00000
vn 0.37914 0.05194 -0.92388
vn 0.13571 -0.99075 0.00000
vn 0.13571 -0.99075 0.00000
vn 0.19328 0.02648 0.98079
vn 0.13571 -0.99075 0.00000
vn 0.13571 -0.99075 -0.00000
vn 0.19329 0.02648 -0.98078
vn 0.13571 -0.99075 0.00000
vn 0.13571 -0.99075 -0.00000
vn 0.00000 -0.00000 1.00000
vn 0.13571 -0.99075 0.00000
vn 0.13571 -0.99075 0.00000
vn 0.13572 -0.99075 -0.00000
vn 0.13572 -0.99075 -0.00000
vn 0.00000 -0.00000 -1.00000
vn 0.13572 -0.99075 0.00000
vn 0.13572 -0.99075 -0.00000
vn -0.19328 -0.02648 0.98079
vn 0.13572 -0.99075 0.00000
vn 0.13572 -0.99075 -0.00000
vn -0.19329 -0.02648 -0.98079
vn 0.13572 -0.99075 0.00000
vn 0.13571 -0.99075 0.00000
vn -0.37915 -0.05194 0.92388
vn 0.13572 -0.99075 0.00000
vn 0.13571 -0.99075 0.00000
vn -0.37915 -0.05194 -0.92388
vn 0.13572 -0.99075 -0.00000
vn 0.13572 -0.99075 0.00000
vn 0.13572 -0.99075 0.00000
vn 0.13572 -0.99075 0.00000
vn -0.55043 -0.07540 0.83147
vn 0.13572 -0.99075 -0.00000
vn 0.13572 -0.99075 0.00000
vn -0.55043 -0.07540 -0.83147
vn 0.13571 -0.99075 -0.00000
vn 0.13572 -0.99075 0.00000
vn 0.13572 -0.99075 0.00000
vn 0.13571 -0.99075 -0.00000
vn -0.70056 -0.09597 0.70711
vn 0.13572 -0.99075 0.00000
vn 0.13572 -0.99075 0.00000
vn -0.70056 -0.09597 -0.70711
vn 0.13572 -0.99075 0.00000
vn 0.13572 -0.99075 -0.00000
vn 0.13571 -0.99075 0.00000
vn -0.82378 -0.11284 0.55557
vn 0.13571 -0.99075 -0.00000
vn 0.13572 -0.99075 0.00000
vn -0.82377 -0.11284 -0.55558
vn -0.91533 -0.12538 0.38269
vn 0.13572 -0.99075 0.00000
vn 0.13571 -0.99075 -0.00000
vn -0.91533 -0.12538 -0.38269
vn -0.97171 -0.13311 0.19509
vn 0.13572 -0.99075 0.00000
vn 0.13572 -0.99075 -0.00000
vn -0.97171 -0.13311 -0.19509
vn 0.13571 -0.99075 0.00000
vn -0.99075 -0.13571 -0.00000
vn -0.00000 -0.00000 1.00000
vn 0.00000 0.87425 -0.48548
vn 0.00000 -0.00000 1.00000
vn -0.17056 0.85745 -0.48548
vn -0.00000 -0.00000 1.00000
vn 0.17056 0.85745 -0.48548
vn 0.00000 -0.00000 1.00000
vn -0.33456 0.80770 -0.48548
vn -0.00000 -0.00000 1.00000
vn 0.33456 0.80770 -0.48548
vn -0.70925 0.70495 -0.00000
vn 0.00000 1.00000 -0.00000
vn 0.70925 0.70495 -0.00000
vn -0.00000 1.00000 -0.00000
vn 0.00000 -0.00000 1.00000
vn -0.48571 0.72691 -0.48548
vn -0.00000 -0.00000 1.00000
vn 0.48571 0.72691 -0.48548
vn 0.00000 0.99602 0.08910
vn -0.71702 0.69394 0.06583
vn -0.71702 0.69394 -0.06583
vn -0.00000 0.99602 -0.08910
vn 0.71702 0.69394 -0.06583
vn -0.00000 0.99602 -0.08910
vn 0.00000 0.99602 0.08910
vn 0.71702 0.69394 0.06583
vn -1.00000 -0.00000 0.00000
vn -0.70925 0.70495 -0.00000
vn 1.00000 0.00000 -0.00000
vn 0.70925 0.70495 -0.00000
vn -1.00000 -0.00000 0.00000
vn -0.71561 0.69596 -0.05954
vn -0.71561 0.69596 0.05954
vn -1.00000 -0.00000 0.00000
vn 1.00000 0.00000 -0.00000
vn 0.71561 0.69595 -0.05954
vn 0.71561 0.69596 0.05954
vn 1.00000 0.00000 -0.00000
vn 0.00000 0.98306 0.18328
vn -0.73884 0.66109 0.13064
vn -0.73884 0.66110 -0.13064
vn 0.00000 0.98306 -0.18328
vn 0.73884 0.66109 -0.13064
vn 0.00000 0.98306 -0.18328
vn 0.00000 0.98306 0.18328
vn 0.73884 0.66109 0.13064
vn 0.00000 0.87425 -0.48548
vn -0.00520 0.05283 -0.99859
vn 0.00520 0.05283 -0.99859
vn -0.17056 0.85745 -0.48548
vn -0.01541 0.05080 -0.99859
vn -0.00520 0.05283 -0.99859
vn 0.17056 0.85745 -0.48548
vn 0.01541 0.05080 -0.99859
vn 0.00520 0.05283 -0.99859
vn -1.00000 -0.00000 0.00000
vn -0.73406 0.66854 -0.11921
vn -0.73406 0.66854 0.11921
vn -1.00000 -0.00000 0.00000
vn 1.00000 0.00000 -0.00000
vn 0.73406 0.66854 -0.11921
vn 0.73406 0.66854 0.11921
vn 1.00000 0.00000 -0.00000
vn -0.00000 0.00000 1.00000
vn 0.00000 0.99998 -0.00557
vn 0.39000 0.00000 -0.92082
vn -0.00000 0.00000 1.00000
vn 0.00000 0.99998 -0.00557
vn 0.46666 0.53744 -0.70242
vn -1.00000 0.00000 0.00000
vn 0.00000 0.35797 -0.93373
vn 0.00000 0.00000 -1.00000
vn 0.46666 0.53744 -0.70242
vn 0.00000 0.35797 -0.93373
vn 0.00000 0.00000 -1.00000
vn 0.00000 0.99998 -0.00557
vn 0.46666 0.53744 -0.70242
vn 0.00000 0.00000 -1.00000
vn 0.00000 0.99998 -0.00557
vn 0.39000 0.00000 -0.92082
vn 0.00000 0.00000 -1.00000
vn 0.00000 1.00000 0.00000
vn -0.00520 0.05283 -0.99859
vn 0.00520 0.05283 -0.99859
vn -0.00000 0.92680 -0.37557
vn -0.19509 0.98079 0.00000
vn -0.01541 0.05080 -0.99859
vn -0.00520 0.05283 -0.99859
vn 0.19509 0.98079 0.00000
vn 0.01541 0.05080 -0.99859
vn 0.00520 0.05283 -0.99859
vn -0.18081 0.90899 -0.37557
vn 0.18081 0.90899 -0.37557
vn 0.00000 -0.00000 1.00000
vn -0.61819 0.61819 -0.48548
vn -0.00000 -0.00000 1.00000
vn 0.61818 0.61819 -0.48548
vn -0.33456 0.80770 -0.48548
vn -0.02503 0.04682 -0.99859
vn -0.01541 0.05080 -0.99859
vn 0.33456 0.80770 -0.48548
vn 0.02503 0.04682 -0.99859
vn 0.01541 0.05080 -0.99859
vn 0.00000 0.95751 0.28840
vn -0.77086 0.60684 0.19370
vn -0.77086 0.60684 -0.19370
vn 0.00000 0.95751 -0.28840
vn 0.77086 0.60684 -0.19370
vn 0.00000 0.95751 -0.28840
vn 0.00000 0.95751 0.28840
vn 0.77086 0.60684 0.19370
vn -0.00000 0.70540 -0.70881
vn 0.00000 0.00000 -1.00000
vn -0.38268 0.92388 0.00000
vn -0.02503 0.04682 -0.99859
vn -0.01541 0.05080 -0.99859
vn 0.38268 0.92388 0.00000
vn 0.02503 0.04682 -0.99859
vn 0.01541 0.05080 -0.99859
vn -0.35467 0.85625 -0.37557
vn 0.35467 0.85625 -0.37557
vn -0.13762 0.69184 -0.70881
vn 0.00000 0.00000 -1.00000
vn 0.13762 0.69184 -0.70881
vn 0.00000 0.00000 -1.00000
vn -1.00000 -0.00000 0.00000
vn -0.76261 0.62161 -0.17899
vn -0.76261 0.62160 0.17899
vn -1.00000 -0.00000 0.00000
vn 1.00000 0.00000 -0.00000
vn 0.76261 0.62161 -0.17899
vn 0.76261 0.62160 0.17899
vn 1.00000 0.00000 -0.00000
vn -0.00000 -0.00000 1.00000
vn -0.48571 0.72691 -0.48548
vn -0.03368 0.04104 -0.99859
vn -0.02503 0.04682 -0.99859
vn 0.48571 0.72691 -0.48548
vn 0.03368 0.04104 -0.99859
vn 0.02503 0.04682 -0.99859
vn -0.26994 0.65170 -0.70881
vn 0.00000 0.00000 -1.00000
vn 0.26994 0.65170 -0.70881
vn 0.00000 0.00000 -1.00000
vn 0.00000 -0.00000 1.00000
vn -0.00000 -0.00000 1.00000
vn -0.55557 0.83147 0.00000
vn -0.03368 0.04104 -0.99859
vn -0.02503 0.04682 -0.99859
vn 0.55557 0.83147 0.00000
vn 0.03368 0.04104 -0.99859
vn 0.02503 0.04682 -0.99859
vn -0.51490 0.77060 -0.37557
vn 0.51490 0.77060 -0.37557
vn 0.00000 0.91125 0.41185
vn -0.80810 0.53120 0.25456
vn -0.80810 0.53119 -0.25456
vn 0.00000 0.91125 -0.41185
vn 0.80810 0.53119 -0.25456
vn 0.00000 0.91125 -0.41185
vn 0.00000 0.91125 0.41185
vn 0.80810 0.53120 0.25456
vn 0.00000 -0.00000 1.00000
vn -0.00000 -0.00000 1.00000
vn -0.39189 0.58652 -0.70881
vn 0.00000 0.00000 -1.00000
vn 0.39190 0.58652 -0.70881
vn 0.00000 0.00000 -1.00000
vn -1.00000 -0.00000 0.00000
vn -0.79799 0.55340 -0.23865
vn -0.79799 0.55340 0.23865
vn -1.00000 -0.00000 0.00000
vn 1.00000 0.00000 -0.00000
vn 0.79799 0.55340 -0.23865
vn 0.79799 0.55340 0.23865
vn 1.00000 0.00000 -0.00000
vn 0.00000 -0.00000 1.00000
vn -0.72691 0.48571 -0.48548
vn -0.00000 -0.00000 1.00000
vn 0.72691 0.48571 -0.48548
vn -0.61819 0.61819 -0.48548
vn -0.04103 0.03368 -0.99859
vn -0.03368 0.04104 -0.99859
vn 0.61818 0.61819 -0.48548
vn 0.04104 0.03368 -0.99859
vn 0.03368 0.04104 -0.99859
vn 0.00000 -0.00000 1.00000
vn -0.00000 -0.00000 1.00000
vn -0.70711 0.70711 0.00000
vn -0.04103 0.03368 -0.99859
vn -0.03368 0.04104 -0.99859
vn 0.70711 0.70711 0.00000
vn 0.04104 0.03368 -0.99859
vn 0.03368 0.04104 -0.99859
vn -0.65534 0.65534 -0.37557
vn 0.65534 0.65534 -0.37557
vn -0.49879 0.49879 -0.70882
vn 0.00000 0.00000 -1.00000
vn 0.49879 0.49879 -0.70882
vn 0.00000 0.00000 -1.00000
vn -0.84547 0.43309 -0.31243
vn 0.00000 0.82716 -0.56197
vn 0.00000 0.82716 0.56197
vn -0.84547 0.43309 0.31243
vn 0.84547 0.43309 -0.31243
vn 0.00000 0.82716 -0.56197
vn 0.00000 0.82716 0.56197
vn 0.84547 0.43309 0.31243
vn 0.00000 -0.00000 1.00000
vn -0.00000 -0.00000 1.00000
vn -1.00000 -0.00000 0.00000
vn -0.83599 0.46101 -0.29764
vn -0.83599 0.46101 0.29765
vn -1.00000 -0.00000 0.00000
vn 1.00000 0.00000 -0.00000
vn 0.83599 0.46101 -0.29764
vn 0.83599 0.46101 0.29765
vn 1.00000 0.00000 -0.00000
vn -0.72691 0.48571 -0.48548
vn -0.04682 0.02502 -0.99859
vn -0.04103 0.03368 -0.99859
vn 0.72691 0.48571 -0.48548
vn 0.04682 0.02503 -0.99859
vn 0.04104 0.03368 -0.99859
vn -0.83147 0.55557 0.00000
vn -0.04682 0.02502 -0.99859
vn -0.04103 0.03368 -0.99859
vn 0.83147 0.55557 0.00000
vn 0.04682 0.02503 -0.99859
vn 0.04104 0.03368 -0.99859
vn -0.77060 0.51490 -0.37557
vn 0.77060 0.51490 -0.37557
vn 0.00000 -0.00000 1.00000
vn -0.80770 0.33456 -0.48548
vn -0.00000 -0.00000 1.00000
vn 0.80770 0.33456 -0.48548
vn -0.58652 0.39190 -0.70881
vn 0.00000 0.00000 -1.00000
vn 0.58652 0.39190 -0.70881
vn 0.00000 0.00000 -1.00000
vn 0.00000 -0.00000 1.00000
vn -0.00000 -0.00000 1.00000
vn -0.87801 0.31032 -0.36442
vn 0.00000 0.67145 -0.74105
vn 0.00000 0.67145 0.74105
vn -0.87800 0.31032 0.36443
vn 0.87801 0.31032 -0.36442
vn 0.00000 0.67145 -0.74105
vn 0.00000 0.67145 0.74105
vn 0.87801 0.31032 0.36443
vn -1.00000 -0.00000 0.00000
vn -0.87161 0.33939 -0.35370
vn -0.87161 0.33940 0.35370
vn -1.00000 -0.00000 0.00000
vn 1.00000 0.00000 -0.00000
vn 0.87161 0.33939 -0.35370
vn 0.87161 0.33940 0.35370
vn 1.00000 0.00000 -0.00000
vn -0.80770 0.33456 -0.48548
vn -0.05080 0.01541 -0.99859
vn -0.04682 0.02502 -0.99859
vn 0.80770 0.33456 -0.48548
vn 0.05081 0.01541 -0.99859
vn 0.04682 0.02503 -0.99859
vn -0.92388 0.38268 0.00000
vn -0.05080 0.01541 -0.99859
vn -0.04682 0.02502 -0.99859
vn 0.92388 0.38268 0.00000
vn 0.05081 0.01541 -0.99859
vn 0.04682 0.02503 -0.99859
vn -0.85625 0.35467 -0.37557
vn 0.85625 0.35467 -0.37557
vn -0.65170 0.26994 -0.70881
vn 0.00000 0.00000 -1.00000
vn 0.65170 0.26994 -0.70881
vn 0.00000 0.00000 -1.00000
vn 0.00000 -0.00000 1.00000
vn -0.00000 -0.00000 1.00000
vn 0.00000 -0.00000 1.00000
vn -0.85745 0.17056 -0.48548
vn -0.00000 -0.00000 1.00000
vn 0.85745 0.17056 -0.48548
vn -0.90064 0.16297 -0.40284
vn -0.00000 0.39602 -0.91824
vn 0.00000 0.39602 0.91824
vn -0.90064 0.16297 0.40285
vn 0.90064 0.16297 -0.40284
vn -0.00000 0.39602 -0.91824
vn 0.00000 0.39602 0.91824
vn 0.90064 0.16297 0.40284
vn -1.00000 -0.00000 0.00000
vn -0.89847 0.18353 -0.39883
vn -0.89847 0.18353 0.39883
vn -1.00000 -0.00000 0.00000
vn 1.00000 0.00000 -0.00000
vn 0.89848 0.18353 -0.39882
vn 0.89847 0.18353 0.39883
vn 1.00000 0.00000 -0.00000
vn -0.85745 0.17056 -0.48548
vn -0.05283 0.00520 -0.99859
vn -0.05080 0.01541 -0.99859
vn 0.85745 0.17056 -0.48548
vn 0.05283 0.00520 -0.99859
vn 0.05081 0.01541 -0.99859
vn -0.98079 0.19509 0.00000
vn -0.05283 0.00520 -0.99859
vn -0.05080 0.01541 -0.99859
vn 0.98078 0.19509 0.00000
vn 0.05283 0.00520 -0.99859
vn 0.05081 0.01541 -0.99859
vn -0.90899 0.18081 -0.37557
vn 0.90899 0.18081 -0.37557
vn -0.69184 0.13762 -0.70882
vn 0.00000 0.00000 -1.00000
vn 0.69184 0.13762 -0.70881
vn 0.00000 0.00000 -1.00000
vn 0.00000 -0.00000 1.00000
vn -0.00000 -0.00000 1.00000
vn 0.00000 0.00000 1.00000
vn -0.87425 -0.00000 -0.48548
vn 0.00000 0.00000 1.00000
vn -0.00000 0.00000 1.00000
vn -0.00000 0.00000 1.00000
vn 0.87425 0.00000 -0.48548
vn -0.87425 -0.00000 -0.48548
vn -0.05283 -0.00520 -0.99859
vn -0.05283 0.00520 -0.99859
vn 0.87425 0.00000 -0.48548
vn 0.05284 -0.00520 -0.99859
vn 0.05283 0.00520 -0.99859
vn -1.00000 -0.00000 0.00000
vn -0.05283 -0.00520 -0.99859
vn -0.05283 0.00520 -0.99859
vn 1.00000 0.00000 0.00000
vn 0.05284 -0.00520 -0.99859
vn 0.05283 0.00520 -0.99859
vn -1.00000 -0.00000 0.00000
vn -0.90882 -0.00000 -0.41719
vn -0.90882 0.00000 0.41719
vn -1.00000 -0.00000 0.00000
vn -0.90882 -0.00000 -0.41719
vn -0.00000 -0.00000 -1.00000
vn 0.00000 0.00000 1.00000
vn -0.90882 0.00000 0.41719
vn 0.90882 -0.00000 -0.41719
vn -0.00000 -0.00000 -1.00000
vn 0.00000 0.00000 1.00000
vn 0.90882 0.00000 0.41719
vn 1.00000 0.00000 -0.00000
vn 0.90882 -0.00000 -0.41719
vn 0.90882 0.00000 0.41719
vn 1.00000 0.00000 -0.00000
vn -0.92679 0.00000 -0.37557
vn 0.92679 -0.00000 -0.37557
vn -0.70539 0.00000 -0.70882
vn 0.00000 0.00000 -1.00000
vn 0.70539 -0.00000 -0.70882
vn 0.00000 0.00000 -1.00000
vn 0.00000 0.00000 1.00000
vn -0.00000 0.00000 1.00000
vn -0.69184 -0.13762 -0.70881
vn 0.00000 0.00000 -1.00000
vn 0.69184 -0.13762 -0.70881
vn 0.00000 0.00000 -1.00000
vn -0.98079 -0.19509 0.00000
vn -0.05080 -0.01541 -0.99859
vn -0.05283 -0.00520 -0.99859
vn 0.98078 -0.19509 0.00000
vn 0.05081 -0.01541 -0.99859
vn 0.05284 -0.00520 -0.99859
vn -0.90899 -0.18081 -0.37557
vn 0.90899 -0.18081 -0.37557
vn -0.85745 -0.17056 -0.48548
vn -0.05080 -0.01541 -0.99859
vn -0.05283 -0.00520 -0.99859
vn 0.85745 -0.17056 -0.48548
vn 0.05081 -0.01541 -0.99859
vn 0.05284 -0.00520 -0.99859
vn -1.00000 -0.00000 0.00000
vn -0.89847 -0.18353 -0.39883
vn -0.89847 -0.18353 0.39883
vn -1.00000 -0.00000 0.00000
vn 1.00000 0.00000 -0.00000
vn 0.89848 -0.18353 -0.39882
vn 0.89847 -0.18353 0.39883
vn 1.00000 0.00000 -0.00000
vn -0.90064 -0.16297 -0.40284
vn -0.00000 -0.39602 -0.91824
vn 0.00000 -0.39602 0.91824
vn -0.90064 -0.16297 0.40284
vn 0.90064 -0.16297 -0.40284
vn -0.00000 -0.39602 -0.91824
vn 0.00000 -0.39602 0.91824
vn 0.90064 -0.16297 0.40285
vn 0.00000 0.00000 1.00000
vn -0.85745 -0.17056 -0.48548
vn -0.00000 0.00000 1.00000
vn 0.85745 -0.17056 -0.48548
vn 0.00000 0.00000 1.00000
vn -0.00000 0.00000 1.00000
vn -0.65170 -0.26994 -0.70881
vn 0.00000 0.00000 -1.00000
vn 0.65170 -0.26994 -0.70881
vn 0.00000 0.00000 -1.00000
vn -0.85625 -0.35467 -0.37557
vn -0.92388 -0.38268 0.00000
vn -0.04681 -0.02502 -0.99859
vn -0.05080 -0.01541 -0.99859
vn 0.92388 -0.38268 0.00000
vn 0.04683 -0.02503 -0.99859
vn 0.05081 -0.01541 -0.99859
vn 0.85625 -0.35467 -0.37557
vn -0.80770 -0.33456 -0.48548
vn -0.04681 -0.02502 -0.99859
vn -0.05080 -0.01541 -0.99859
vn 0.80770 -0.33456 -0.48548
vn 0.04683 -0.02503 -0.99859
vn 0.05081 -0.01541 -0.99859
vn -1.00000 -0.00000 0.00000
vn -0.87161 -0.33939 -0.35370
vn -0.87161 -0.33940 0.35370
vn -1.00000 -0.00000 0.00000
vn 1.00000 0.00000 -0.00000
vn 0.87161 -0.33939 -0.35370
vn 0.87161 -0.33940 0.35370
vn 1.00000 0.00000 -0.00000
vn -0.87801 -0.31032 -0.36442
vn 0.00000 -0.67145 -0.74105
vn 0.00000 -0.67145 0.74105
vn -0.87800 -0.31032 0.36443
vn 0.87801 -0.31032 -0.36442
vn 0.00000 -0.67145 -0.74105
vn 0.00000 -0.67145 0.74105
vn 0.87801 -0.31032 0.36443
vn 0.00000 0.00000 1.00000
vn -0.00000 0.00000 1.00000
vn -0.58652 -0.39190 -0.70881
vn 0.00000 0.00000 -1.00000
vn 0.58652 -0.39190 -0.70881
vn 0.00000 0.00000 -1.00000
vn 0.00000 0.00000 1.00000
vn -0.80770 -0.33456 -0.48548
vn -0.00000 0.00000 1.00000
vn 0.80770 -0.33456 -0.48548
vn -0.83147 -0.55557 0.00000
vn -0.04103 -0.03368 -0.99859
vn -0.04681 -0.02502 -0.99859
vn 0.83147 -0.55557 0.00000
vn 0.04103 -0.03368 -0.99859
vn 0.04683 -0.02503 -0.99859
vn -0.77060 -0.51490 -0.37557
vn 0.77060 -0.51490 -0.37557
vn -0.72691 -0.48571 -0.48548
vn -0.04103 -0.03368 -0.99859
vn -0.04681 -0.02502 -0.99859
vn 0.72691 -0.48571 -0.48548
vn 0.04103 -0.03368 -0.99859
vn 0.04683 -0.02503 -0.99859
vn -1.00000 -0.00000 0.00000
vn -0.83599 -0.46101 -0.29764
vn -0.83599 -0.46101 0.29765
vn -1.00000 -0.00000 0.00000
vn 1.00000 0.00000 -0.00000
vn 0.83599 -0.46101 -0.29765
vn 0.83599 -0.46101 0.29765
vn 1.00000 0.00000 -0.00000
vn 0.00000 0.00000 1.00000
vn -0.00000 0.00000 1.00000
vn -0.84547 -0.43309 -0.31243
vn 0.00000 -0.82716 -0.56197
vn 0.00000 -0.82716 0.56197
vn -0.84547 -0.43309 0.31243
vn 0.84547 -0.43309 -0.31243
vn 0.00000 -0.82716 -0.56197
vn 0.00000 -0.82716 0.56197
vn 0.84547 -0.43309 0.31243
vn -0.49879 -0.49879 -0.70882
vn 0.00000 0.00000 -1.00000
vn 0.49879 -0.49879 -0.70882
vn 0.00000 0.00000 -1.00000
vn -0.70711 -0.70711 0.00000
vn -0.03367 -0.04104 -0.99859
vn -0.04103 -0.03368 -0.99859
vn 0.70711 -0.70711 0.00000
vn 0.03368 -0.04104 -0.99859
vn 0.04103 -0.03368 -0.99859
vn -0.65534 -0.65534 -0.37557
vn 0.65534 -0.65534 -0.37557
vn 0.00000 0.00000 1.00000
vn -0.00000 0.00000 1.00000
vn -0.61819 -0.61819 -0.48548
vn -0.03367 -0.04104 -0.99859
vn -0.04103 -0.03368 -0.99859
vn 0.61818 -0.61819 -0.48548
vn 0.03368 -0.04104 -0.99859
vn 0.04103 -0.03368 -0.99859
vn 0.00000 0.00000 1.00000
vn -0.72691 -0.48571 -0.48548
vn -0.00000 0.00000 1.00000
vn 0.72691 -0.48571 -0.48548
vn -1.00000 -0.00000 0.00000
vn -0.79799 -0.55340 -0.23865
vn -0.79799 -0.55340 0.23865
vn -1.00000 -0.00000 0.00000
vn 1.00000 0.00000 -0.00000
vn 0.79799 -0.55340 -0.23865
vn 0.79799 -0.55340 0.23865
vn 1.00000 0.00000 -0.00000
vn -0.39189 -0.58651 -0.70882
vn 0.00000 0.00000 -1.00000
vn 0.39190 -0.58651 -0.70881
vn 0.00000 0.00000 -1.00000
vn 0.00000 0.00000 1.00000
vn -0.00000 0.00000 1.00000
vn 0.00000 -0.91125 0.41185
vn -0.80810 -0.53120 0.25456
vn -0.80810 -0.53119 -0.25456
vn 0.00000 -0.91125 -0.41185
vn 0.80810 -0.53120 -0.25456
vn 0.00000 -0.91125 -0.41185
vn 0.00000 -0.91125 0.41185
vn 0.80810 -0.53120 0.25456
vn -0.55557 -0.83147 0.00000
vn -0.02502 -0.04682 -0.99859
vn -0.03367 -0.04104 -0.99859
vn 0.55557 -0.83147 0.00000
vn 0.02502 -0.04682 -0.99859
vn 0.03368 -0.04104 -0.99859
vn -0.51490 -0.77060 -0.37557
vn 0.51490 -0.77060 -0.37557
vn 0.00000 0.00000 1.00000
vn -0.00000 0.00000 1.00000
vn -0.26994 -0.65170 -0.70882
vn 0.00000 0.00000 -1.00000
vn 0.26994 -0.65170 -0.70881
vn 0.00000 0.00000 -1.00000
vn -0.48571 -0.72691 -0.48548
vn -0.02502 -0.04682 -0.99859
vn -0.03367 -0.04104 -0.99859
vn 0.48571 -0.72691 -0.48548
vn 0.02502 -0.04682 -0.99859
vn 0.03368 -0.04104 -0.99859
vn 0.00000 0.00000 1.00000
vn -1.00000 -0.00000 0.00000
vn -0.76261 -0.62160 -0.17899
vn -0.76261 -0.62160 0.17899
vn -1.00000 -0.00000 0.00000
vn 1.00000 0.00000 -0.00000
vn 0.76261 -0.62160 -0.17899
vn 0.76261 -0.62160 0.17899
vn 1.00000 0.00000 -0.00000
vn -0.13762 -0.69184 -0.70881
vn 0.00000 0.00000 -1.00000
vn 0.13762 -0.69184 -0.70881
vn 0.00000 0.00000 -1.00000
vn -0.38268 -0.92388 0.00000
vn -0.01541 -0.05080 -0.99859
vn -0.02502 -0.04682 -0.99859
vn 0.38268 -0.92388 0.00000
vn 0.01541 -0.05080 -0.99859
vn 0.02502 -0.04682 -0.99859
vn -0.35467 -0.85625 -0.37557
vn 0.35467 -0.85625 -0.37557
vn -0.00000 -0.70540 -0.70881
vn 0.00000 0.00000 -1.00000
vn -0.77086 -0.60684 -0.19370
vn 0.00000 -0.95751 -0.28840
vn 0.00000 -0.95751 0.28840
vn -0.77086 -0.60684 0.19370
vn 0.77086 -0.60684 -0.19370
vn 0.00000 -0.95751 -0.28840
vn 0.00000 -0.95751 0.28840
vn 0.77086 -0.60684 0.19370
vn 0.33456 -0.80770 -0.48548
vn 0.01541 -0.05080 -0.99859
vn 0.02502 -0.04682 -0.99859
vn -0.33456 -0.80770 -0.48548
vn -0.01541 -0.05080 -0.99859
vn -0.02502 -0.04682 -0.99859
vn 0.00000 0.00000 1.00000
vn -0.61819 -0.61819 -0.48548
vn -0.00000 0.00000 1.00000
vn 0.61818 -0.61819 -0.48548
vn -0.19509 -0.98079 0.00000
vn -0.00520 -0.05283 -0.99859
vn -0.01541 -0.05080 -0.99859
vn 0.19509 -0.98079 0.00000
vn 0.00520 -0.05283 -0.99859
vn 0.01541 -0.05080 -0.99859
vn -0.18081 -0.90899 -0.37557
vn 0.18081 -0.90899 -0.37557
vn 0.00000 -1.00000 0.00000
vn -0.00520 -0.05283 -0.99859
vn 0.00520 -0.05283 -0.99859
vn -0.00000 -0.92680 -0.37557
vn -1.00000 0.00000 0.00000
vn 0.00000 -0.35797 -0.93373
vn 0.00000 0.00000 -1.00000
vn 0.46666 -0.53744 -0.70242
vn 0.00000 -0.35797 -0.93373
vn 0.00000 0.00000 -1.00000
vn 0.00000 -0.99998 -0.00557
vn 0.46666 -0.53744 -0.70242
vn 0.00000 0.00000 -1.00000
vn 0.00000 -0.99998 -0.00557
vn 0.39000 0.00000 -0.92082
vn 0.00000 0.00000 -1.00000
vn -0.00000 0.00000 1.00000
vn 0.00000 -0.99998 -0.00557
vn 0.39000 0.00000 -0.92082
vn -0.00000 0.00000 1.00000
vn 0.00000 -0.99998 -0.00557
vn 0.46666 -0.53744 -0.70242
vn -1.00000 -0.00000 0.00000
vn -0.73406 -0.66854 -0.11921
vn -0.73406 -0.66854 0.11921
vn -1.00000 -0.00000 0.00000
vn 1.00000 0.00000 -0.00000
vn 0.73406 -0.66854 -0.11921
vn 0.73406 -0.66854 0.11921
vn 1.00000 0.00000 -0.00000
vn -0.17056 -0.85745 -0.48548
vn -0.00520 -0.05283 -0.99859
vn -0.01541 -0.05080 -0.99859
vn 0.17056 -0.85745 -0.48548
vn 0.00520 -0.05283 -0.99859
vn 0.01541 -0.05080 -0.99859
vn 0.00000 -0.87425 -0.48548
vn -0.00520 -0.05283 -0.99859
vn 0.00520 -0.05283 -0.99859
vn -0.73884 -0.66109 -0.13064
vn 0.00000 -0.98306 -0.18328
vn 0.00000 -0.98306 0.18328
vn -0.73884 -0.66109 0.13064
vn 0.73884 -0.66109 -0.13064
vn 0.00000 -0.98306 -0.18328
vn 0.00000 -0.98306 0.18328
vn 0.73884 -0.66109 0.13064
vn -1.00000 -0.00000 0.00000
vn -0.71561 -0.69596 -0.05954
vn -0.71561 -0.69596 0.05954
vn -1.00000 -0.00000 0.00000
vn 1.00000 0.00000 -0.00000
vn 0.71561 -0.69595 -0.05954
vn 0.71561 -0.69595 0.05954
vn 1.00000 0.00000 -0.00000
vn -0.70925 -0.70495 0.00000
vn -1.00000 -0.00000 0.00000
vn 0.70925 -0.70495 0.00000
vn 1.00000 0.00000 -0.00000
vn -0.71702 -0.69394 -0.06583
vn 0.00000 -0.99602 -0.08911
vn 0.00000 -0.99602 0.08910
vn -0.71702 -0.69394 0.06583
vn 0.71702 -0.69394 -0.06583
vn 0.00000 -0.99602 -0.08911
vn 0.00000 -0.99602 0.08910
vn 0.71702 -0.69394 0.06583
vn 0.00000 0.00000 1.00000
vn -0.48571 -0.72691 -0.48548
vn -0.00000 0.00000 1.00000
vn 0.48571 -0.72691 -0.48548
vn 0.00000 -1.00000 0.00000
vn -0.70925 -0.70495 0.00000
vn 0.00000 -1.00000 0.00000
vn 0.70925 -0.70495 0.00000
vn 0.00000 0.00000 1.00000
vn -0.33456 -0.80770 -0.48548
vn -0.00000 0.00000 1.00000
vn 0.33456 -0.80770 -0.48548
vn 0.00000 0.00000 1.00000
vn -0.17056 -0.85745 -0.48548
vn -0.00000 0.00000 1.00000
vn 0.17056 -0.85745 -0.48548
vn 0.00000 0.00000 1.00000
vn 0.00000 -0.87425 -0.48548
vn -0.99075 0.13571 0.00000
vn 0.13572 0.99075 0.00000
vn -0.97171 0.13311 0.19509
vn 0.13572 0.99075 -0.00000
vn 0.13572 0.99075 -0.00000
vn -0.97171 0.13311 -0.19509
vn -0.91533 0.12538 0.38269
vn 0.13572 0.99075 0.00000
vn 0.13572 0.99075 -0.00000
vn -0.91533 0.12538 -0.38269
vn -0.82378 0.11284 0.55557
vn 0.13571 0.99075 -0.00000
vn 0.13571 0.99075 0.00000
vn -0.82378 0.11284 -0.55557
vn 0.13572 0.99075 0.00000
vn 0.13572 0.99075 -0.00000
vn 0.13572 0.99075 -0.00000
vn -0.70056 0.09597 0.70711
vn 0.13572 0.99075 0.00000
vn 0.13572 0.99075 0.00000
vn -0.70057 0.09597 -0.70711
vn 0.13572 0.99075 0.00000
vn 0.13572 0.99075 -0.00000
vn 0.13571 0.99075 -0.00000
vn 0.13571 0.99075 0.00000
vn -0.55043 0.07540 0.83147
vn 0.13572 0.99075 0.00000
vn 0.13572 0.99075 -0.00000
vn -0.55043 0.07540 -0.83147
vn 0.13572 0.99075 0.00000
vn 0.13572 0.99075 0.00000
vn 0.13572 0.99075 0.00000
vn 0.13572 0.99075 -0.00000
vn -0.37915 0.05194 0.92388
vn 0.13571 0.99075 -0.00000
vn 0.13572 0.99075 -0.00000
vn -0.37915 0.05194 -0.92388
vn 0.13571 0.99075 -0.00000
vn 0.13572 0.99075 -0.00000
vn -0.19328 0.02648 0.98079
vn 0.13572 0.99075 0.00000
vn 0.13572 0.99075 0.00000
vn -0.19328 0.02648 -0.98079
vn 0.13572 0.99075 0.00000
vn 0.13572 0.99075 0.00000
vn -0.00000 0.00000 1.00000
vn 0.13572 0.99075 0.00000
vn 0.13572 0.99075 0.00000
vn 0.13572 0.99075 0.00000
vn 0.13572 0.99075 0.00000
vn 0.00000 0.00000 -1.00000
vn 0.13572 0.99075 0.00000
vn 0.13572 0.99075 0.00000
vn 0.19328 -0.02648 0.98079
vn 0.13572 0.99075 0.00000
vn 0.13572 0.99075 0.00000
vn 0.19328 -0.02648 -0.98079
vn 0.13571 0.99075 0.00000
vn 0.13571 0.99075 0.00000
vn 0.37914 -0.05194 0.92388
vn 0.13571 0.99075 0.00000
vn 0.13571 0.99075 0.00000
vn 0.37915 -0.05194 -0.92388
vn 0.13572 0.99075 0.00000
vn 0.13572 0.99075 0.00000
vn 0.13571 0.99075 0.00000
vn 0.13571 0.99075 -0.00000
vn 0.00000 0.00000 1.00000
vn -1.00000 0.00000 0.00000
vn 0.00000 -0.35797 -0.93373
vn 0.00000 0.00000 1.00000
vn 0.46666 -0.53744 -0.70242
vn 0.00000 -0.35797 -0.93373
vn 0.55043 -0.07540 0.83147
vn 0.13572 0.99075 0.00000
vn 0.13572 0.99075 0.00000
vn 0.55043 -0.07540 -0.83147
vn 0.13572 0.99075 0.00000
vn 0.13572 0.99075 -0.00000
vn 0.13572 0.99075 -0.00000
vn 0.13572 0.99075 0.00000
vn 0.70056 -0.09596 0.70711
vn 0.13571 0.99075 0.00000
vn 0.13571 0.99075 -0.00000
vn 0.70056 -0.09596 -0.70711
vn 0.13572 0.99075 -0.00000
vn 0.13572 0.99075 0.00000
vn 0.13572 0.99075 0.00000
vn 0.82378 -0.11284 0.55557
vn 0.13572 0.99075 0.00000
vn 0.13572 0.99075 -0.00000
vn 0.82378 -0.11285 -0.55557
vn 0.91533 -0.12539 0.38268
vn 0.13572 0.99075 -0.00000
vn 0.13572 0.99075 0.00000
vn 0.91533 -0.12539 -0.38268
vn 0.97171 -0.13311 0.19510
vn 0.13572 0.99075 -0.00000
vn 0.13572 0.99075 0.00000
vn 0.97171 -0.13311 -0.19510
vn 0.99075 -0.13571 0.00000
vn 0.13572 0.99075 0.00000
vn -0.13999 -0.99015 0.00042
vn -0.99075 0.13571 0.00000
vn -0.13999 -0.99015 -0.00042
vn -0.97171 0.13311 0.19509
vn -0.13982 -0.99018 0.00126
vn -0.13999 -0.99015 0.00042
vn -0.13999 -0.99015 -0.00042
vn -0.13982 -0.99018 -0.00126
vn -0.97171 0.13311 -0.19509
vn -0.91533 0.12538 0.38269
vn -0.13950 -0.99022 0.00205
vn -0.13982 -0.99018 0.00126
vn -0.13982 -0.99018 -0.00126
vn -0.13950 -0.99022 -0.00205
vn -0.91533 0.12538 -0.38269
vn -0.82378 0.11284 0.55557
vn -0.13904 -0.99028 0.00275
vn -0.13950 -0.99022 0.00205
vn -0.13950 -0.99022 -0.00205
vn -0.13904 -0.99028 -0.00275
vn -0.82378 0.11284 -0.55557
vn -0.13999 -0.99015 0.00042
vn -0.99075 0.13572 -0.00000
vn -0.13999 -0.99015 -0.00042
vn -0.97171 0.13311 0.19508
vn -0.13982 -0.99018 0.00126
vn -0.13999 -0.99015 0.00042
vn -0.13999 -0.99015 -0.00042
vn -0.13982 -0.99018 -0.00126
vn -0.97171 0.13311 -0.19508
vn 0.00000 0.99804 0.06258
vn -0.00000 0.88373 -0.46800
vn 0.00000 0.99804 0.06258
vn -0.22788 0.86619 -0.44474
vn 0.00000 0.99804 0.06258
vn 0.22788 0.86619 -0.44474
vn -0.91533 0.12539 0.38269
vn -0.13950 -0.99022 0.00205
vn -0.13982 -0.99018 0.00126
vn -0.13982 -0.99018 -0.00126
vn -0.13950 -0.99022 -0.00205
vn -0.91533 0.12538 -0.38269
vn -0.70056 0.09597 0.70711
vn -0.13844 -0.99037 0.00335
vn -0.13904 -0.99028 0.00275
vn -0.13904 -0.99028 -0.00275
vn -0.13844 -0.99037 -0.00335
vn -0.70057 0.09597 -0.70710
vn 0.00000 0.99804 0.06258
vn -0.41829 0.82140 -0.38773
vn 0.00000 0.99804 0.06258
vn 0.41829 0.82140 -0.38773
vn -0.82377 0.11284 0.55558
vn -0.13904 -0.99028 0.00275
vn -0.13950 -0.99022 0.00205
vn -0.13950 -0.99022 -0.00205
vn -0.13904 -0.99028 -0.00275
vn -0.82378 0.11284 -0.55557
vn 0.00000 0.99804 0.06258
vn -0.56219 0.76359 -0.31760
vn 0.00000 0.99804 0.06258
vn 0.56219 0.76359 -0.31760
vn -0.70057 0.09597 0.70710
vn -0.13844 -0.99037 0.00335
vn -0.13904 -0.99028 0.00275
vn -0.13904 -0.99028 -0.00275
vn -0.13844 -0.99037 -0.00335
vn -0.70057 0.09597 -0.70710
vn -0.55043 0.07540 0.83147
vn -0.13774 -0.99046 0.00382
vn -0.13844 -0.99037 0.00335
vn -0.13844 -0.99037 -0.00335
vn -0.13774 -0.99046 -0.00382
vn -0.55043 0.07540 -0.83147
vn 0.00000 0.99804 0.06258
vn -0.66732 0.70327 -0.24514
vn 0.00000 0.99804 0.06258
vn 0.66732 0.70327 -0.24514
vn -0.55043 0.07540 0.83147
vn -0.13774 -0.99046 0.00382
vn -0.13844 -0.99037 0.00335
vn -0.13844 -0.99037 -0.00335
vn -0.13774 -0.99046 -0.00382
vn -0.55043 0.07540 -0.83147
vn -0.37915 0.05194 0.92388
vn -0.13696 -0.99057 0.00415
vn -0.13774 -0.99046 0.00382
vn -0.13774 -0.99046 -0.00382
vn -0.13696 -0.99057 -0.00415
vn -0.37915 0.05194 -0.92388
vn 0.00000 0.99804 0.06258
vn -0.74252 0.64698 -0.17344
vn 0.00000 0.99804 0.06258
vn 0.74252 0.64697 -0.17344
vn -0.00000 0.88373 -0.46800
vn 0.00000 0.30044 -0.95380
vn -0.20137 0.87003 -0.45000
vn -0.39442 0.27608 -0.87648
vn 0.20137 0.87003 -0.45000
vn 0.39442 0.27608 -0.87648
vn -0.37915 0.05194 0.92388
vn -0.13696 -0.99057 0.00415
vn -0.13774 -0.99046 0.00382
vn -0.13774 -0.99046 -0.00382
vn -0.13696 -0.99057 -0.00415
vn -0.37914 0.05194 -0.92388
vn -0.38134 0.83252 -0.40186
vn -0.66850 0.22344 -0.70935
vn 0.38134 0.83252 -0.40186
vn 0.66850 0.22344 -0.70935
vn 0.00000 0.99804 0.06258
vn -0.79404 0.59913 -0.10272
vn 0.00000 0.99804 0.06258
vn 0.79404 0.59912 -0.10272
vn -0.19328 0.02648 0.98079
vn -0.13614 -0.99068 0.00431
vn -0.13696 -0.99057 0.00415
vn -0.13696 -0.99057 -0.00415
vn -0.13613 -0.99068 -0.00431
vn -0.19328 0.02648 -0.98079
vn -0.52745 0.77982 -0.33716
vn -0.82455 0.16998 -0.53966
vn 0.52746 0.77981 -0.33716
vn 0.82455 0.16998 -0.53966
vn -0.19328 0.02648 0.98079
vn -0.13614 -0.99068 0.00431
vn -0.13696 -0.99057 0.00415
vn -0.13696 -0.99057 -0.00415
vn -0.13613 -0.99068 -0.00431
vn -0.19328 0.02648 -0.98079
vn -0.63990 0.72080 -0.26641
vn -0.90976 0.12472 -0.39595
vn 0.63990 0.72080 -0.26641
vn 0.90976 0.12472 -0.39595
vn 0.00000 0.99804 0.06258
vn -0.82601 0.56272 -0.03230
vn 0.00000 0.99804 0.06258
vn 0.82601 0.56272 -0.03230
vn -0.00000 0.00000 1.00000
vn -0.13529 -0.99080 0.00431
vn -0.13614 -0.99068 0.00431
vn -0.13529 -0.99080 -0.00432
vn -0.13613 -0.99068 -0.00431
vn 0.00000 0.00000 -1.00000
vn -0.00000 0.00000 1.00000
vn -0.13529 -0.99080 0.00431
vn -0.13614 -0.99068 0.00431
vn -0.13529 -0.99080 -0.00432
vn -0.13613 -0.99068 -0.00431
vn -0.00000 0.00000 -1.00000
vn -0.72351 0.66250 -0.19397
vn -0.95705 0.08710 -0.27652
vn 0.72351 0.66250 -0.19397
vn 0.95705 0.08710 -0.27652
vn 0.00000 0.99804 0.06258
vn -0.84105 0.53956 0.03888
vn 0.00000 0.99804 0.06258
vn 0.84105 0.53956 0.03888
vn 0.19328 -0.02648 0.98079
vn -0.13529 -0.99080 0.00431
vn -0.13447 -0.99091 0.00415
vn -0.13447 -0.99091 -0.00415
vn -0.13529 -0.99080 -0.00432
vn 0.19329 -0.02648 -0.98079
vn 0.19328 -0.02648 0.98079
vn -0.13529 -0.99080 0.00431
vn -0.13447 -0.99091 0.00415
vn -0.13447 -0.99091 -0.00415
vn -0.13529 -0.99080 -0.00432
vn 0.19328 -0.02648 -0.98079
vn -0.78277 0.61046 -0.12084
vn -0.98324 0.05478 -0.17391
vn 0.78278 0.61046 -0.12084
vn 0.98324 0.05478 -0.17391
vn 0.37915 -0.05194 0.92388
vn -0.13447 -0.99091 0.00415
vn -0.13369 -0.99102 0.00383
vn -0.13369 -0.99102 -0.00383
vn -0.13447 -0.99091 -0.00415
vn 0.37914 -0.05193 -0.92388
vn -0.84033 0.53034 0.11220
vn 0.00000 0.99804 0.06258
vn 0.84033 0.53034 0.11220
vn 0.00000 0.99804 0.06258
vn 0.37914 -0.05194 0.92388
vn -0.13447 -0.99091 0.00415
vn -0.13369 -0.99102 0.00383
vn -0.13369 -0.99102 -0.00383
vn -0.13447 -0.99091 -0.00415
vn 0.37915 -0.05194 -0.92388
vn -0.82090 0.56916 -0.04673
vn -0.99636 0.02562 -0.08134
vn 0.55044 -0.07540 0.83147
vn -0.13369 -0.99102 0.00383
vn -0.13299 -0.99111 0.00335
vn -0.13299 -0.99111 -0.00335
vn -0.13369 -0.99102 -0.00383
vn 0.55044 -0.07540 -0.83147
vn 0.82090 0.56916 -0.04673
vn 0.99636 0.02562 -0.08134
vn -0.82342 0.53490 0.18940
vn 0.00000 0.99804 0.06258
vn 0.82342 0.53489 0.18940
vn 0.00000 0.99804 0.06258
vn 0.55043 -0.07540 0.83147
vn -0.13369 -0.99102 0.00383
vn -0.13299 -0.99111 0.00335
vn -0.13299 -0.99111 -0.00335
vn -0.13369 -0.99102 -0.00383
vn 0.55043 -0.07540 -0.83147
vn 0.70057 -0.09596 0.70710
vn -0.13299 -0.99111 0.00335
vn -0.13239 -0.99119 0.00275
vn -0.13239 -0.99119 -0.00275
vn -0.13299 -0.99111 -0.00335
vn 0.70057 -0.09597 -0.70710
vn -0.83994 0.54189 0.02916
vn -0.99998 -0.00211 0.00671
vn 0.83994 0.54189 0.02916
vn 0.99998 -0.00211 0.00671
vn -0.78782 0.55234 0.27251
vn 0.00000 0.99804 0.06258
vn 0.78782 0.55234 0.27250
vn 0.00000 0.99804 0.06258
vn 0.82378 -0.11284 0.55557
vn -0.13239 -0.99119 0.00275
vn -0.13193 -0.99126 0.00204
vn -0.13193 -0.99126 -0.00204
vn -0.13239 -0.99119 -0.00275
vn 0.82378 -0.11284 -0.55557
vn 0.70056 -0.09596 0.70711
vn -0.13299 -0.99111 0.00335
vn -0.13239 -0.99119 0.00275
vn -0.13239 -0.99119 -0.00275
vn -0.13299 -0.99111 -0.00335
vn 0.70056 -0.09596 -0.70711
vn 0.91533 -0.12539 0.38268
vn -0.13193 -0.99126 0.00204
vn -0.13161 -0.99130 0.00126
vn -0.13161 -0.99130 -0.00126
vn -0.13193 -0.99126 -0.00204
vn 0.91533 -0.12539 -0.38268
vn 0.97171 -0.13311 0.19509
vn -0.13161 -0.99130 0.00126
vn -0.13144 -0.99132 0.00042
vn -0.13144 -0.99132 -0.00042
vn -0.13161 -0.99130 -0.00126
vn 0.97171 -0.13311 -0.19509
vn -0.13144 -0.99132 0.00042
vn 0.99075 -0.13571 0.00000
vn -0.13144 -0.99132 -0.00042
vn -0.72814 0.58098 0.36369
vn 0.00000 0.99804 0.06258
vn 0.72814 0.58099 0.36369
vn 0.00000 0.99804 0.06258
vn -0.84079 0.53049 0.10794
vn -0.99502 -0.02994 0.09506
vn 0.84079 0.53049 0.10794
vn 0.99502 -0.02994 0.09506
vn 0.82378 -0.11284 0.55557
vn -0.13239 -0.99119 0.00275
vn -0.13193 -0.99126 0.00204
vn -0.13193 -0.99126 -0.00204
vn -0.13239 -0.99119 -0.00275
vn 0.82378 -0.11285 -0.55557
vn 0.91533 -0.12539 0.38268
vn -0.13193 -0.99126 0.00204
vn -0.13161 -0.99130 0.00126
vn -0.13161 -0.99130 -0.00126
vn -0.13193 -0.99126 -0.00204
vn 0.91533 -0.12539 -0.38268
vn -0.63435 0.61805 0.46433
vn 0.00000 0.99804 0.06258
vn 0.63435 0.61806 0.46433
vn 0.00000 0.99804 0.06258
vn 0.97171 -0.13311 0.19510
vn -0.13161 -0.99130 0.00126
vn -0.13144 -0.99132 0.00042
vn -0.13144 -0.99132 -0.00042
vn -0.13161 -0.99130 -0.00126
vn 0.97171 -0.13311 -0.19510
vn -0.13144 -0.99132 0.00042
vn 0.99075 -0.13571 0.00000
vn -0.13144 -0.99132 -0.00042
vn -0.48980 0.65870 0.57114
vn 0.00000 0.99804 0.06258
vn 0.48980 0.65870 0.57115
vn 0.00000 0.99804 0.06258
vn -0.82291 0.53512 0.19095
vn -0.98027 -0.05939 0.18855
vn 0.82291 0.53512 0.19095
vn 0.98027 -0.05939 0.18855
vn -0.27570 0.69365 0.66546
vn 0.00000 0.99804 0.06258
vn 0.27570 0.69365 0.66546
vn 0.00000 0.99804 0.06258
vn 0.00000 0.70826 0.70595
vn 0.00000 0.99804 0.06258
vn -0.95174 -0.09220 0.29272
vn -0.78388 0.55432 0.27974
vn 0.95174 -0.09220 0.29271
vn 0.78388 0.55432 0.27974
vn -0.90080 -0.13046 0.41417
vn -0.71852 0.58524 0.37581
vn 0.90080 -0.13046 0.41417
vn 0.71851 0.58524 0.37581
vn -0.80992 -0.17622 0.55944
vn -0.61753 0.62367 0.47926
vn 0.80992 -0.17622 0.55944
vn 0.61752 0.62367 0.47926
vn -0.64715 -0.22904 0.72714
vn -0.46707 0.66354 0.58443
vn 0.64715 -0.22904 0.72714
vn 0.46707 0.66354 0.58444
vn -0.37393 -0.27864 0.88461
vn -0.25636 0.69558 0.67115
vn 0.37393 -0.27864 0.88461
vn 0.25636 0.69558 0.67115
vn 0.00000 -0.30044 0.95380
vn 0.00000 0.70826 0.70595
vn -0.00000 -0.70826 -0.70595
vn 0.00000 0.30044 -0.95380
vn -0.25636 -0.69559 -0.67115
vn -0.37393 0.27864 -0.88461
vn 0.25636 -0.69559 -0.67115
vn 0.37393 0.27864 -0.88461
vn -0.46706 -0.66354 -0.58443
vn -0.64715 0.22904 -0.72714
vn 0.46706 -0.66354 -0.58443
vn 0.64715 0.22904 -0.72714
vn -0.61752 -0.62368 -0.47926
vn -0.80992 0.17622 -0.55944
vn 0.61752 -0.62368 -0.47926
vn 0.80992 0.17622 -0.55944
vn -0.71851 -0.58524 -0.37581
vn -0.90080 0.13046 -0.41417
vn 0.71851 -0.58524 -0.37581
vn 0.90080 0.13046 -0.41417
vn -0.78388 -0.55433 -0.27974
vn -0.95174 0.09220 -0.29271
vn 0.78388 -0.55432 -0.27974
vn 0.95174 0.09220 -0.29271
vn 0.00000 -0.99804 -0.06258
vn -0.00000 -0.70826 -0.70595
vn 0.00000 -0.99804 -0.06258
vn -0.27570 -0.69366 -0.66546
vn 0.00000 -0.99804 -0.06258
vn 0.27570 -0.69366 -0.66546
vn -0.98027 0.05939 -0.18855
vn -0.82291 -0.53512 -0.19095
vn 0.98027 0.05939 -0.18855
vn 0.82292 -0.53511 -0.19095
vn 0.00000 -0.99804 -0.06258
vn -0.48980 -0.65871 -0.57114
vn 0.00000 -0.99804 -0.06258
vn 0.48980 -0.65870 -0.57114
vn 0.00000 -0.99804 -0.06258
vn -0.63435 -0.61806 -0.46433
vn 0.00000 -0.99804 -0.06258
vn 0.63435 -0.61806 -0.46433
vn -0.99502 0.02994 -0.09506
vn -0.84079 -0.53049 -0.10794
vn 0.99502 0.02994 -0.09506
vn 0.84079 -0.53049 -0.10794
vn 0.00000 -0.99804 -0.06258
vn -0.72813 -0.58099 -0.36369
vn 0.00000 -0.99804 -0.06258
vn 0.72814 -0.58099 -0.36369
vn 0.00000 -0.99804 -0.06258
vn -0.78782 -0.55234 -0.27250
vn 0.00000 -0.99804 -0.06258
vn 0.78782 -0.55234 -0.27251
vn -0.99998 0.00211 -0.00671
vn -0.83994 -0.54189 -0.02916
vn 0.99998 0.00211 -0.00671
vn 0.83994 -0.54189 -0.02916
vn 0.00000 -0.99804 -0.06258
vn -0.82342 -0.53490 -0.18940
vn 0.00000 -0.99804 -0.06258
vn 0.82342 -0.53489 -0.18940
vn -0.99636 -0.02562 0.08134
vn -0.82090 -0.56916 0.04673
vn 0.99636 -0.02562 0.08134
vn 0.82090 -0.56916 0.04673
vn 0.00000 -0.99804 -0.06258
vn -0.84033 -0.53034 -0.11220
vn 0.00000 -0.99804 -0.06258
vn 0.84033 -0.53033 -0.11220
vn -0.96919 -0.24633 -0.00000
vn -0.98324 -0.05478 0.17391
vn -0.78277 -0.61046 0.12084
vn 0.98324 -0.05478 0.17391
vn 0.78277 -0.61046 0.12084
vn -0.95155 -0.24873 0.18080
vn -0.95155 -0.24874 -0.18080
vn -0.89929 -0.25588 0.35468
vn -0.89929 -0.25589 -0.35468
vn -0.84105 -0.53956 -0.03888
vn 0.00000 -0.99804 -0.06258
vn 0.84105 -0.53956 -0.03888
vn 0.00000 -0.99804 -0.06258
vn -0.81444 -0.26751 0.51491
vn -0.81444 -0.26751 -0.51490
vn -0.95705 -0.08710 0.27652
vn -0.72351 -0.66250 0.19397
vn 0.95705 -0.08710 0.27652
vn 0.72351 -0.66250 0.19397
vn -0.70025 -0.28315 0.65534
vn -0.70025 -0.28315 -0.65534
vn -0.82601 -0.56273 0.03230
vn 0.00000 -0.99804 -0.06258
vn 0.82601 -0.56273 0.03230
vn 0.00000 -0.99804 -0.06258
vn -0.90976 -0.12472 0.39595
vn -0.63990 -0.72080 0.26641
vn 0.90976 -0.12472 0.39595
vn 0.63990 -0.72080 0.26641
vn -0.56111 -0.30222 0.77060
vn -0.56111 -0.30222 -0.77060
vn -0.82455 -0.16998 0.53965
vn -0.52746 -0.77981 0.33717
vn 0.82455 -0.16999 0.53965
vn 0.52746 -0.77981 0.33716
vn -0.79404 -0.59913 0.10271
vn 0.00000 -0.99804 -0.06258
vn 0.79404 -0.59913 0.10272
vn 0.00000 -0.99804 -0.06258
vn -0.40236 -0.32396 0.85624
vn -0.40235 -0.32396 -0.85625
vn -0.66850 -0.22344 0.70935
vn -0.38135 -0.83251 0.40187
vn 0.66850 -0.22344 0.70935
vn 0.38135 -0.83251 0.40187
vn -0.39442 -0.27608 0.87648
vn -0.20137 -0.87003 0.45000
vn 0.39442 -0.27608 0.87648
vn 0.20137 -0.87003 0.45000
vn 0.00000 -0.30044 0.95380
vn 0.00000 -0.88373 0.46800
vn -0.23010 -0.34756 0.90899
vn -0.23010 -0.34755 -0.90899
vn -0.74252 -0.64697 0.17344
vn 0.00000 -0.99804 -0.06258
vn 0.74253 -0.64697 0.17344
vn 0.00000 -0.99804 -0.06258
vn -0.13572 -0.99075 -0.00000
vn -0.79505 -0.60654 -0.00000
vn -0.78163 -0.60837 0.13760
vn -0.13572 -0.99075 -0.00000
vn -0.13572 -0.99075 -0.00000
vn -0.78163 -0.60838 -0.13761
vn -0.74187 -0.61380 0.26995
vn -0.13572 -0.99075 -0.00000
vn -0.13572 -0.99075 -0.00000
vn -0.74187 -0.61381 -0.26995
vn -0.66733 -0.70326 0.24514
vn 0.00000 -0.99804 -0.06258
vn 0.66733 -0.70326 0.24514
vn 0.00000 -0.99804 -0.06258
vn -0.67729 -0.62265 0.39190
vn -0.13572 -0.99075 -0.00000
vn -0.13572 -0.99075 -0.00000
vn -0.67729 -0.62265 -0.39190
vn -0.05097 -0.37210 0.92679
vn -0.05097 -0.37209 -0.92679
vn -0.59037 -0.63457 0.49878
vn -0.13572 -0.99075 -0.00000
vn -0.13572 -0.99075 -0.00000
vn -0.59037 -0.63457 -0.49879
vn -0.56220 -0.76359 0.31760
vn 0.00000 -0.99804 -0.06258
vn 0.56220 -0.76359 0.31760
vn 0.00000 -0.99804 -0.06258
vn 0.12816 -0.39664 0.90899
vn 0.12817 -0.39664 -0.90898
vn -0.41830 -0.82140 0.38773
vn 0.00000 -0.99804 -0.06258
vn 0.41830 -0.82140 0.38773
vn 0.00000 -0.99804 -0.06258
vn -0.48446 -0.64908 0.58650
vn -0.13572 -0.99075 -0.00000
vn -0.13572 -0.99075 -0.00000
vn -0.48447 -0.64908 -0.58651
vn -0.22788 -0.86618 0.44474
vn 0.00000 -0.99804 -0.06258
vn 0.22788 -0.86618 0.44474
vn 0.00000 -0.99804 -0.06258
vn 0.00000 -0.88373 0.46800
vn 0.00000 -0.99804 -0.06258
vn 0.30042 -0.42023 0.85624
vn 0.30041 -0.42023 -0.85625
vn -0.36364 -0.66563 0.65169
vn -0.13572 -0.99075 -0.00000
vn -0.13572 -0.99075 -0.00000
vn -0.36364 -0.66563 -0.65169
vn 0.45917 -0.44198 0.77060
vn 0.45917 -0.44198 -0.77060
vn -0.23254 -0.68358 0.69184
vn -0.13572 -0.99075 -0.00000
vn -0.13572 -0.99075 -0.00000
vn -0.23254 -0.68358 -0.69184
vn 0.59831 -0.46104 0.65534
vn 0.59831 -0.46104 -0.65534
vn -0.09620 -0.70226 0.70539
vn -0.13572 -0.99075 -0.00000
vn -0.13572 -0.99075 -0.00000
vn -0.09620 -0.70226 -0.70539
vn 0.71250 -0.47668 0.51490
vn 0.71250 -0.47668 -0.51490
vn 0.04014 -0.72094 0.69183
vn -0.13572 -0.99075 -0.00000
vn -0.13572 -0.99075 -0.00000
vn 0.04015 -0.72094 -0.69183
vn 0.79735 -0.48830 0.35467
vn 0.79736 -0.48830 -0.35467
vn 0.84960 -0.49547 0.18081
vn 0.84960 -0.49546 -0.18081
vn 0.86724 -0.49788 -0.00000
vn 0.17124 -0.73890 0.65169
vn -0.13572 -0.99075 -0.00000
vn -0.13572 -0.99075 -0.00000
vn 0.17124 -0.73890 -0.65169
vn 0.29207 -0.75545 0.58650
vn -0.13572 -0.99075 -0.00000
vn -0.13572 -0.99075 -0.00000
vn 0.29207 -0.75545 -0.58651
vn 0.39797 -0.76996 0.49878
vn -0.13572 -0.99075 -0.00000
vn -0.13572 -0.99075 -0.00000
vn 0.39798 -0.76995 -0.49879
vn 0.48489 -0.78186 0.39190
vn -0.13572 -0.99075 -0.00000
vn -0.13572 -0.99075 -0.00000
vn 0.48489 -0.78185 -0.39190
vn 0.54948 -0.79070 0.26994
vn -0.13572 -0.99075 -0.00000
vn -0.13572 -0.99075 -0.00000
vn 0.54948 -0.79070 -0.26994
vn 0.58923 -0.79616 0.13761
vn -0.13572 -0.99075 -0.00000
vn -0.13572 -0.99075 -0.00000
vn 0.58924 -0.79616 -0.13761
vn -0.13572 -0.99075 -0.00000
vn 0.60265 -0.79801 -0.00000
f 719//719 578//578 715//715
f 719//719 715//715 723//723
f 579//579 720//720 717//717
f 579//579 717//717 576//576
f 575//575 716//716 1242//1242
f 575//575 1242//1242 1391//1391
f 1392//1392 1243//1243 1246//1246
f 1392//1392 1246//1246 1395//1395
f 577//577 574//574 1390//1390
f 577//577 1390//1390 1393//1393
f 718//718 721//721 1247//1247
f 718//718 1247//1247 1244//1244
f 713//713 1257//1257 1254//1254
f 713//713 1254//1254 710//710
f 1394//1394 1245//1245 1249//1249
f 1394//1394 1249//1249 1259//1259
f 1247//1247 721//721 724//724
f 1247//1247 724//724 1250//1250
f 577//577 1393//1393 1257//1257
f 577//577 1257//1257 713//713
f 1256//1256 1252//1252 726//726
f 1256//1256 726//726 712//712
f 722//722 714//714 711//711
f 722//722 711//711 725//725
f 1258//1258 1248//1248 1251//1251
f 1258//1258 1251//1251 1255//1255
f 1250//1250 724//724 727//727
f 1250//1250 727//727 1253//1253
f 656//656 747//747 699//699
f 656//656 699//699 652//652
f 836//836 873//873 867//867
f 836//836 867//867 828//828
f 735//735 739//739 731//731
f 735//735 731//731 728//728
f 652//652 699//699 693//693
f 652//652 693//693 648//648
f 810//810 834//834 663//663
f 810//810 663//663 655//655
f 760//760 766//766 799//799
f 760//760 799//799 793//793
f 743//743 830//830 784//784
f 743//743 784//784 664//664
f 1005//1005 967//967 965//965
f 1005//1005 965//965 1041//1041
f 793//793 799//799 841//841
f 793//793 841//841 835//835
f 826//826 868//868 830//830
f 826//826 830//830 743//743
f 765//765 736//736 700//700
f 765//765 700//700 749//749
f 835//835 841//841 877//877
f 835//835 877//877 871//871
f 882//882 908//908 868//868
f 882//882 868//868 826//826
f 1012//1012 1054//1054 1061//1061
f 1012//1012 1061//1061 1020//1020
f 871//871 877//877 917//917
f 871//871 917//917 911//911
f 928//928 948//948 908//908
f 928//928 908//908 882//882
f 1159//1159 1135//1135 1305//1305
f 1159//1159 1305//1305 1313//1313
f 911//911 917//917 957//957
f 911//911 957//957 951//951
f 970//970 974//974 948//948
f 970//970 948//948 928//928
f 1203//1203 1232//1232 1270//1270
f 1203//1203 1270//1270 1224//1224
f 951//951 957//957 999//999
f 951//951 999//999 977//977
f 1044//1044 1022//1022 974//974
f 1044//1044 974//974 970//970
f 1136//1136 1160//1160 1315//1315
f 1136//1136 1315//1315 1307//1307
f 977//977 999//999 1017//1017
f 977//977 1017//1017 1011//1011
f 1090//1090 1062//1062 1022//1022
f 1090//1090 1022//1022 1044//1044
f 1174//1174 1131//1131 1141//1141
f 1174//1174 1141//1141 1188//1188
f 1011//1011 1017//1017 1051//1051
f 1011//1011 1051//1051 1052//1052
f 1146//1146 1102//1102 1062//1062
f 1146//1146 1062//1062 1090//1090
f 968//968 1006//1006 1043//1043
f 968//968 1043//1043 969//969
f 1052//1052 1051//1051 1097//1097
f 1052//1052 1097//1097 1091//1091
f 1229//1229 1140//1140 1102//1102
f 1229//1229 1102//1102 1146//1146
f 833//833 809//809 653//653
f 833//833 653//653 661//661
f 1091//1091 1097//1097 1133//1133
f 1091//1091 1133//1133 1127//1127
f 1308//1308 1186//1186 1140//1140
f 1308//1308 1140//1140 1229//1229
f 982//982 955//955 949//949
f 982//982 949//949 976//976
f 1127//1127 1133//1133 1175//1175
f 1127//1127 1175//1175 1169//1169
f 1316//1316 1220//1220 1186//1186
f 1316//1316 1186//1186 1308//1308
f 794//794 837//837 829//829
f 794//794 829//829 782//782
f 1169//1169 1175//1175 1208//1208
f 1169//1169 1208//1208 1202//1202
f 1320//1320 1271//1271 1220//1220
f 1320//1320 1220//1220 1316//1316
f 834//834 856//856 742//742
f 834//834 742//742 663//663
f 1202//1202 1208//1208 1236//1236
f 1202//1202 1236//1236 1230//1230
f 1322//1322 1274//1274 1271//1271
f 1322//1322 1271//1271 1320//1320
f 967//967 963//963 925//925
f 967//967 925//925 965//965
f 1230//1230 1236//1236 1241//1241
f 1230//1230 1241//1241 1238//1238
f 1318//1318 1268//1268 1274//1274
f 1318//1318 1274//1274 1322//1322
f 798//798 764//764 748//748
f 798//798 748//748 786//786
f 1238//1238 1241//1241 1237//1237
f 1238//1238 1237//1237 1233//1233
f 1314//1314 1223//1223 1268//1268
f 1314//1314 1268//1268 1318//1318
f 978//978 1013//1013 1021//1021
f 978//978 1021//1021 972//972
f 1233//1233 1237//1237 1209//1209
f 1233//1233 1209//1209 1205//1205
f 1306//1306 1183//1183 1223//1223
f 1306//1306 1223//1223 1314//1314
f 1135//1135 1113//1113 1226//1226
f 1135//1135 1226//1226 1305//1305
f 1205//1205 1209//1209 1176//1176
f 1205//1205 1176//1176 1172//1172
f 1227//1227 1137//1137 1183//1183
f 1227//1227 1183//1183 1306//1306
f 1170//1170 1204//1204 1225//1225
f 1170//1170 1225//1225 1184//1184
f 1172//1172 1176//1176 1134//1134
f 1172//1172 1134//1134 1130//1130
f 1144//1144 1099//1099 1137//1137
f 1144//1144 1137//1137 1227//1227
f 1160//1160 1178//1178 1319//1319
f 1160//1160 1319//1319 1315//1315
f 1130//1130 1134//1134 1098//1098
f 1130//1130 1098//1098 1094//1094
f 1088//1088 1059//1059 1099//1099
f 1088//1088 1099//1099 1144//1144
f 1207//1207 1173//1173 1187//1187
f 1207//1207 1187//1187 1222//1222
f 1094//1094 1098//1098 1058//1058
f 1094//1094 1058//1058 1055//1055
f 1042//1042 1019//1019 1059//1059
f 1042//1042 1059//1059 1088//1088
f 1006//1006 1046//1046 1089//1089
f 1006//1006 1089//1089 1043//1043
f 1055//1055 1058//1058 1018//1018
f 1055//1055 1018//1018 1014//1014
f 966//966 971//971 1019//1019
f 966//966 1019//1019 1042//1042
f 809//809 791//791 649//649
f 809//809 649//649 653//653
f 1014//1014 1018//1018 1000//1000
f 1014//1014 1000//1000 980//980
f 926//926 945//945 971//971
f 926//926 971//971 966//966
f 1016//1016 981//981 975//975
f 1016//1016 975//975 1024//1024
f 980//980 1000//1000 958//958
f 980//980 958//958 954//954
f 880//880 905//905 945//945
f 880//880 945//945 926//926
f 761//761 795//795 783//783
f 761//761 783//783 745//745
f 954//954 958//958 918//918
f 954//954 918//918 914//914
f 824//824 865//865 905//905
f 824//824 905//905 880//880
f 856//856 888//888 825//825
f 856//856 825//825 742//742
f 914//914 918//918 878//878
f 914//914 878//878 874//874
f 741//741 827//827 865//865
f 741//741 865//865 824//824
f 963//963 923//923 879//879
f 963//963 879//879 925//925
f 874//874 878//878 842//842
f 874//874 842//842 838//838
f 662//662 781//781 827//827
f 662//662 827//827 741//741
f 840//840 797//797 785//785
f 840//840 785//785 832//832
f 838//838 842//842 800//800
f 838//838 800//800 796//796
f 654//654 744//744 781//781
f 654//654 781//781 662//662
f 952//952 979//979 973//973
f 952//952 973//973 946//946
f 796//796 800//800 767//767
f 796//796 767//767 763//763
f 650//650 696//696 744//744
f 650//650 744//744 654//654
f 1113//1113 1081//1081 1143//1143
f 1113//1113 1143//1143 1226//1226
f 763//763 767//767 739//739
f 763//763 739//739 735//735
f 728//728 731//731 738//738
f 728//728 738//738 732//732
f 1128//1128 1171//1171 1185//1185
f 1128//1128 1185//1185 1138//1138
f 664//664 784//784 747//747
f 664//664 747//747 656//656
f 1178//1178 1189//1189 1321//1321
f 1178//1178 1321//1321 1319//1319
f 732//732 738//738 766//766
f 732//732 766//766 760//760
f 648//648 693//693 696//696
f 648//648 696//696 650//650
f 956//956 915//915 909//909
f 956//956 909//909 950//950
f 855//855 833//833 661//661
f 855//855 661//661 740//740
f 964//964 968//968 969//969
f 964//964 969//969 927//927
f 1132//1132 1095//1095 1103//1103
f 1132//1132 1103//1103 1142//1142
f 1114//1114 1136//1136 1307//1307
f 1114//1114 1307//1307 1228//1228
f 1231//1231 1239//1239 1275//1275
f 1231//1231 1275//1275 1269//1269
f 1177//1177 1159//1159 1313//1313
f 1177//1177 1313//1313 1317//1317
f 1053//1053 1093//1093 1101//1101
f 1053//1053 1101//1101 1060//1060
f 737//737 730//730 695//695
f 737//737 695//695 701//701
f 1045//1045 1005//1005 1041//1041
f 1045//1045 1041//1041 1087//1087
f 792//792 810//810 655//655
f 792//792 655//655 651//651
f 872//872 913//913 907//907
f 872//872 907//907 866//866
f 916//916 875//875 869//869
f 916//916 869//869 910//910
f 887//887 855//855 740//740
f 887//887 740//740 823//823
f 924//924 964//964 927//927
f 924//924 927//927 881//881
f 1096//1096 1056//1056 1063//1063
f 1096//1096 1063//1063 1104//1104
f 1082//1082 1114//1114 1228//1228
f 1082//1082 1228//1228 1145//1145
f 1240//1240 1234//1234 1272//1272
f 1240//1240 1272//1272 1276//1276
f 729//729 734//734 698//698
f 729//729 698//698 694//694
f 1189//1189 1177//1177 1317//1317
f 1189//1189 1317//1317 1321//1321
f 1092//1092 1129//1129 1139//1139
f 1092//1092 1139//1139 1100//1100
f 780//780 792//792 651//651
f 780//780 651//651 647//647
f 733//733 762//762 746//746
f 733//733 746//746 697//697
f 1081//1081 1045//1045 1087//1087
f 1081//1081 1087//1087 1143//1143
f 912//912 953//953 947//947
f 912//912 947//947 906//906
f 876//876 839//839 831//831
f 876//876 831//831 870//870
f 791//791 780//780 647//647
f 791//791 647//647 649//649
f 923//923 887//887 823//823
f 923//923 823//823 879//879
f 888//888 924//924 881//881
f 888//888 881//881 825//825
f 1057//1057 1015//1015 1023//1023
f 1057//1057 1023//1023 1064//1064
f 1046//1046 1082//1082 1145//1145
f 1046//1046 1145//1145 1089//1089
f 1235//1235 1206//1206 1221//1221
f 1235//1235 1221//1221 1273//1273
f 738//738 731//731 758//758
f 738//738 758//758 768//768
f 766//766 738//738 768//768
f 766//766 768//768 787//787
f 799//799 766//766 787//787
f 799//799 787//787 811//811
f 841//841 799//799 811//811
f 841//841 811//811 843//843
f 877//877 841//841 843//843
f 877//877 843//843 883//883
f 917//917 877//877 883//883
f 917//917 883//883 919//919
f 957//957 917//917 919//919
f 957//957 919//919 959//959
f 999//999 957//957 959//959
f 999//999 959//959 1001//1001
f 1017//1017 999//999 1001//1001
f 1017//1017 1001//1001 1007//1007
f 1051//1051 1017//1017 1007//1007
f 1051//1051 1007//1007 1047//1047
f 1097//1097 1051//1051 1047//1047
f 1097//1097 1047//1047 1083//1083
f 1133//1133 1097//1097 1083//1083
f 1133//1133 1083//1083 1123//1123
f 1175//1175 1133//1133 1123//1123
f 1175//1175 1123//1123 1155//1155
f 1208//1208 1175//1175 1155//1155
f 1208//1208 1155//1155 1179//1179
f 1236//1236 1208//1208 1179//1179
f 1236//1236 1179//1179 1198//1198
f 1241//1241 1236//1236 1198//1198
f 1241//1241 1198//1198 1210//1210
f 1237//1237 1241//1241 1210//1210
f 1237//1237 1210//1210 1200//1200
f 1209//1209 1237//1237 1200//1200
f 1209//1209 1200//1200 1181//1181
f 1176//1176 1209//1209 1181//1181
f 1176//1176 1181//1181 1157//1157
f 1134//1134 1176//1176 1157//1157
f 1134//1134 1157//1157 1125//1125
f 1098//1098 1134//1134 1125//1125
f 1098//1098 1125//1125 1085//1085
f 1058//1058 1098//1098 1085//1085
f 1058//1058 1085//1085 1049//1049
f 1018//1018 1058//1058 1049//1049
f 1018//1018 1049//1049 1009//1009
f 1000//1000 1018//1018 1009//1009
f 1000//1000 1009//1009 1003//1003
f 958//958 1000//1000 1003//1003
f 958//958 1003//1003 961//961
f 918//918 958//958 961//961
f 918//918 961//961 921//921
f 878//878 918//918 921//921
f 878//878 921//921 885//885
f 842//842 878//878 885//885
f 842//842 885//885 845//845
f 800//800 842//842 845//845
f 800//800 845//845 813//813
f 767//767 800//800 813//813
f 767//767 813//813 789//789
f 739//739 767//767 789//789
f 739//739 789//789 770//770
f 731//731 739//739 770//770
f 731//731 770//770 758//758
f 964//964 1006//1006 968//968
f 1006//1006 964//964 924//924
f 1006//1006 924//924 1046//1046
f 1046//1046 924//924 888//888
f 1046//1046 888//888 1082//1082
f 1082//1082 888//888 856//856
f 1082//1082 856//856 1114//1114
f 1114//1114 856//856 834//834
f 1114//1114 834//834 1136//1136
f 1136//1136 834//834 810//810
f 1136//1136 810//810 1160//1160
f 1160//1160 810//810 792//792
f 1160//1160 792//792 1178//1178
f 1178//1178 792//792 780//780
f 1178//1178 780//780 1189//1189
f 1189//1189 780//780 791//791
f 1189//1189 791//791 1177//1177
f 1177//1177 791//791 809//809
f 1177//1177 809//809 1159//1159
f 1159//1159 809//809 833//833
f 1159//1159 833//833 1135//1135
f 1135//1135 833//833 855//855
f 1135//1135 855//855 1113//1113
f 1113//1113 855//855 887//887
f 1113//1113 887//887 1081//1081
f 1081//1081 887//887 923//923
f 1081//1081 923//923 1045//1045
f 1045//1045 923//923 963//963
f 1045//1045 963//963 1005//1005
f 1005//1005 963//963 967//967
f 1010//1010 962//962 1004//1004
f 962//962 1010//1010 1050//1050
f 962//962 1050//1050 922//922
f 922//922 1050//1050 1086//1086
f 922//922 1086//1086 886//886
f 886//886 1086//1086 846//846
f 846//846 1086//1086 1126//1126
f 846//846 1126//1126 1158//1158
f 846//846 1158//1158 814//814
f 814//814 1158//1158 1182//1182
f 814//814 1182//1182 790//790
f 790//790 1182//1182 771//771
f 771//771 1182//1182 1201//1201
f 771//771 1201//1201 1211//1211
f 771//771 1211//1211 759//759
f 759//759 1211//1211 1199//1199
f 759//759 1199//1199 769//769
f 769//769 1199//1199 1180//1180
f 769//769 1180//1180 788//788
f 788//788 1180//1180 1156//1156
f 788//788 1156//1156 812//812
f 812//812 1156//1156 844//844
f 844//844 1156//1156 1124//1124
f 844//844 1124//1124 1084//1084
f 844//844 1084//1084 884//884
f 884//884 1084//1084 1048//1048
f 884//884 1048//1048 920//920
f 920//920 1048//1048 1008//1008
f 920//920 1008//1008 960//960
f 960//960 1008//1008 1002//1002
f 1034//1034 1038//1038 1078//1078
f 1034//1034 1078//1078 1074//1074
f 988//988 992//992 1038//1038
f 988//988 1038//1038 1034//1034
f 930//930 934//934 992//992
f 930//930 992//992 988//988
f 890//890 894//894 934//934
f 890//890 934//934 930//930
f 848//848 852//852 894//894
f 848//848 894//894 890//890
f 804//804 806//806 852//852
f 804//804 852//852 848//848
f 753//753 755//755 806//806
f 753//753 806//806 804//804
f 688//688 690//690 755//755
f 688//688 755//755 753//753
f 668//668 670//670 690//690
f 668//668 690//690 688//688
f 658//658 660//660 670//670
f 658//658 670//670 668//668
f 665//665 671//671 660//660
f 665//665 660//660 658//658
f 1074//1074 1078//1078 1120//1120
f 1074//1074 1120//1120 1116//1116
f 1116//1116 1120//1120 1166//1166
f 1116//1116 1166//1166 1164//1164
f 1164//1164 1166//1166 1217//1217
f 1164//1164 1217//1217 1213//1213
f 1213//1213 1217//1217 1282//1282
f 1213//1213 1282//1282 1278//1278
f 1278//1278 1282//1282 1302//1302
f 1278//1278 1302//1302 1298//1298
f 1298//1298 1302//1302 1311//1311
f 1298//1298 1311//1311 1309//1309
f 1309//1309 1311//1311 1303//1303
f 1309//1309 1303//1303 1299//1299
f 1299//1299 1303//1303 1283//1283
f 1299//1299 1283//1283 1279//1279
f 1279//1279 1283//1283 1218//1218
f 1279//1279 1218//1218 1214//1214
f 1214//1214 1218//1218 1167//1167
f 1214//1214 1167//1167 1161//1161
f 1161//1161 1167//1167 1121//1121
f 1161//1161 1121//1121 1117//1117
f 1117//1117 1121//1121 1079//1079
f 1117//1117 1079//1079 1075//1075
f 1075//1075 1079//1079 1039//1039
f 1075//1075 1039//1039 1035//1035
f 1035//1035 1039//1039 993//993
f 1035//1035 993//993 989//989
f 989//989 993//993 935//935
f 989//989 935//935 931//931
f 931//931 935//935 895//895
f 931//931 895//895 891//891
f 891//891 895//895 853//853
f 891//891 853//853 849//849
f 849//849 853//853 807//807
f 849//849 807//807 801//801
f 685//685 691//691 671//671
f 685//685 671//671 665//665
f 750//750 756//756 691//691
f 750//750 691//691 685//685
f 801//801 807//807 756//756
f 801//801 756//756 750//750
f 1280//1280 1215//1215 1192//1192
f 1280//1280 1192//1192 1262//1262
f 1284//1284 1304//1304 1291//1291
f 1284//1284 1291//1291 1266//1266
f 1300//1300 1280//1280 1262//1262
f 1300//1300 1262//1262 1287//1287
f 1304//1304 1312//1312 1295//1295
f 1304//1304 1295//1295 1291//1291
f 1310//1310 1300//1300 1287//1287
f 1310//1310 1287//1287 1293//1293
f 1312//1312 1301//1301 1290//1290
f 1312//1312 1290//1290 1295//1295
f 1297//1297 1310//1310 1293//1293
f 1297//1297 1293//1293 1286//1286
f 1301//1301 1281//1281 1265//1265
f 1301//1301 1265//1265 1290//1290
f 1277//1277 1297//1297 1286//1286
f 1277//1277 1286//1286 1261//1261
f 1281//1281 1216//1216 1195//1195
f 1281//1281 1195//1195 1265//1265
f 1212//1212 1277//1277 1261//1261
f 1212//1212 1261//1261 1191//1191
f 1216//1216 1165//1165 1152//1152
f 1216//1216 1152//1152 1195//1195
f 1163//1163 1212//1212 1191//1191
f 1163//1163 1191//1191 1148//1148
f 1165//1165 1119//1119 1110//1110
f 1165//1165 1110//1110 1152//1152
f 1115//1115 1163//1163 1148//1148
f 1115//1115 1148//1148 1106//1106
f 1119//1119 1077//1077 1070//1070
f 1119//1119 1070//1070 1110//1110
f 1073//1073 1115//1115 1106//1106
f 1073//1073 1106//1106 1066//1066
f 1077//1077 1037//1037 1030//1030
f 1077//1077 1030//1030 1070//1070
f 1033//1033 1073//1073 1066//1066
f 1033//1033 1066//1066 1026//1026
f 1037//1037 991//991 996//996
f 1037//1037 996//996 1030//1030
f 987//987 1033//1033 1026//1026
f 987//987 1026//1026 984//984
f 991//991 933//933 942//942
f 991//991 942//942 996//996
f 929//929 987//987 984//984
f 929//929 984//984 938//938
f 933//933 893//893 902//902
f 933//933 902//902 942//942
f 889//889 929//929 938//938
f 889//889 938//938 898//898
f 893//893 851//851 862//862
f 893//893 862//862 902//902
f 847//847 889//889 898//898
f 847//847 898//898 858//858
f 851//851 805//805 820//820
f 851//851 820//820 862//862
f 803//803 847//847 858//858
f 803//803 858//858 816//816
f 805//805 754//754 777//777
f 805//805 777//777 820//820
f 752//752 803//803 816//816
f 752//752 816//816 773//773
f 754//754 689//689 707//707
f 754//754 707//707 777//777
f 687//687 752//752 773//773
f 687//687 773//773 703//703
f 689//689 669//669 682//682
f 689//689 682//682 707//707
f 667//667 687//687 703//703
f 667//667 703//703 678//678
f 669//669 659//659 676//676
f 669//669 676//676 682//682
f 657//657 667//667 678//678
f 657//657 678//678 674//674
f 1219//1219 1284//1284 1266//1266
f 1219//1219 1266//1266 1196//1196
f 1215//1215 1162//1162 1149//1149
f 1215//1215 1149//1149 1192//1192
f 1168//1168 1219//1219 1196//1196
f 1168//1168 1196//1196 1153//1153
f 1162//1162 1118//1118 1107//1107
f 1162//1162 1107//1107 1149//1149
f 1122//1122 1168//1168 1153//1153
f 1122//1122 1153//1153 1111//1111
f 1118//1118 1076//1076 1067//1067
f 1118//1118 1067//1067 1107//1107
f 1080//1080 1122//1122 1111//1111
f 1080//1080 1111//1111 1071//1071
f 1076//1076 1036//1036 1027//1027
f 1076//1076 1027//1027 1067//1067
f 1040//1040 1080//1080 1071//1071
f 1040//1040 1071//1071 1031//1031
f 1036//1036 990//990 985//985
f 1036//1036 985//985 1027//1027
f 994//994 1040//1040 1031//1031
f 994//994 1031//1031 997//997
f 990//990 932//932 939//939
f 990//990 939//939 985//985
f 936//936 994//994 997//997
f 936//936 997//997 943//943
f 932//932 892//892 899//899
f 932//932 899//899 939//939
f 896//896 936//936 943//943
f 896//896 943//943 903//903
f 892//892 850//850 859//859
f 892//892 859//859 899//899
f 854//854 896//896 903//903
f 854//854 903//903 863//863
f 850//850 802//802 817//817
f 850//850 817//817 859//859
f 808//808 854//854 863//863
f 808//808 863//863 821//821
f 802//802 751//751 774//774
f 802//802 774//774 817//817
f 757//757 808//808 821//821
f 757//757 821//821 778//778
f 751//751 686//686 704//704
f 751//751 704//704 774//774
f 692//692 757//757 778//778
f 692//692 778//778 708//708
f 686//686 666//666 679//679
f 686//686 679//679 704//704
f 672//672 692//692 708//708
f 672//672 708//708 683//683
f 666//666 657//657 674//674
f 666//666 674//674 679//679
f 659//659 672//672 683//683
f 659//659 683//683 676//676
f 1522//1522 1748//1748 1752//1752
f 1522//1522 1752//1752 1532//1532
f 1520//1520 1746//1746 1748//1748
f 1520//1520 1748//1748 1522//1522
f 1524//1524 1750//1750 1746//1746
f 1524//1524 1746//1746 1520//1520
f 1534//1534 1754//1754 1750//1750
f 1534//1534 1750//1750 1524//1524
f 1548//1548 1758//1758 1754//1754
f 1548//1548 1754//1754 1534//1534
f 1558//1558 1762//1762 1758//1758
f 1558//1558 1758//1758 1548//1548
f 1578//1578 1766//1766 1762//1762
f 1578//1578 1762//1762 1558//1558
f 1598//1598 1775//1775 1766//1766
f 1598//1598 1766//1766 1578//1578
f 1624//1624 1787//1787 1775//1775
f 1624//1624 1775//1775 1598//1598
f 1644//1644 1799//1799 1787//1787
f 1644//1644 1787//1787 1624//1624
f 1683//1683 1807//1807 1799//1799
f 1683//1683 1799//1799 1644//1644
f 1532//1532 1752//1752 1756//1756
f 1532//1532 1756//1756 1546//1546
f 1546//1546 1756//1756 1760//1760
f 1546//1546 1760//1760 1556//1556
f 1556//1556 1760//1760 1764//1764
f 1556//1556 1764//1764 1576//1576
f 1576//1576 1764//1764 1773//1773
f 1576//1576 1773//1773 1596//1596
f 1596//1596 1773//1773 1785//1785
f 1596//1596 1785//1785 1616//1616
f 1616//1616 1785//1785 1797//1797
f 1616//1616 1797//1797 1642//1642
f 1642//1642 1797//1797 1805//1805
f 1642//1642 1805//1805 1681//1681
f 1681//1681 1805//1805 1814//1814
f 1681//1681 1814//1814 1714//1714
f 1714//1714 1814//1814 1828//1828
f 1714//1714 1828//1828 1723//1723
f 1723//1723 1828//1828 1838//1838
f 1723//1723 1838//1838 1727//1727
f 1727//1727 1838//1838 1844//1844
f 1727//1727 1844//1844 1731//1731
f 1731//1731 1844//1844 1854//1854
f 1731//1731 1854//1854 1735//1735
f 1735//1735 1854//1854 1858//1858
f 1735//1735 1858//1858 1739//1739
f 1739//1739 1858//1858 1862//1862
f 1739//1739 1862//1862 1743//1743
f 1743//1743 1862//1862 1860//1860
f 1743//1743 1860//1860 1741//1741
f 1741//1741 1860//1860 1856//1856
f 1741//1741 1856//1856 1737//1737
f 1737//1737 1856//1856 1846//1846
f 1737//1737 1846//1846 1733//1733
f 1733//1733 1846//1846 1840//1840
f 1733//1733 1840//1840 1729//1729
f 1716//1716 1816//1816 1807//1807
f 1716//1716 1807//1807 1683//1683
f 1725//1725 1830//1830 1816//1816
f 1725//1725 1816//1816 1716//1716
f 1729//1729 1840//1840 1830//1830
f 1729//1729 1830//1830 1725//1725
f 1713//1713 1724//1724 1645//1645
f 1713//1713 1645//1645 1625//1625
f 1815//1815 1806//1806 1834//1834
f 1815//1815 1834//1834 1848//1848
f 1680//1680 1713//1713 1625//1625
f 1680//1680 1625//1625 1605//1605
f 1806//1806 1798//1798 1822//1822
f 1806//1806 1822//1822 1834//1834
f 1641//1641 1680//1680 1605//1605
f 1641//1641 1605//1605 1580//1580
f 1798//1798 1786//1786 1810//1810
f 1798//1798 1810//1810 1822//1822
f 1615//1615 1641//1641 1580//1580
f 1615//1615 1580//1580 1560//1560
f 1786//1786 1774//1774 1802//1802
f 1786//1786 1802//1802 1810//1810
f 1595//1595 1615//1615 1560//1560
f 1595//1595 1560//1560 1536//1536
f 1774//1774 1763//1763 1794//1794
f 1774//1774 1794//1794 1802//1802
f 1575//1575 1595//1595 1536//1536
f 1575//1575 1536//1536 1516//1516
f 1763//1763 1759//1759 1790//1790
f 1763//1763 1790//1790 1794//1794
f 1555//1555 1575//1575 1516//1516
f 1555//1555 1516//1516 1500//1500
f 1759//1759 1755//1755 1782//1782
f 1759//1759 1782//1782 1790//1790
f 1545//1545 1555//1555 1500//1500
f 1545//1545 1500//1500 1484//1484
f 1755//1755 1751//1751 1778//1778
f 1755//1755 1778//1778 1782//1782
f 1531//1531 1545//1545 1484//1484
f 1531//1531 1484//1484 1474//1474
f 1751//1751 1747//1747 1770//1770
f 1751//1751 1770//1770 1778//1778
f 1521//1521 1531//1531 1474//1474
f 1521//1521 1474//1474 1458//1458
f 1747//1747 1745//1745 1768//1768
f 1747//1747 1768//1768 1770//1770
f 1519//1519 1521//1521 1458//1458
f 1519//1519 1458//1458 1456//1456
f 1745//1745 1749//1749 1772//1772
f 1745//1745 1772//1772 1768//1768
f 1523//1523 1519//1519 1456//1456
f 1523//1523 1456//1456 1460//1460
f 1749//1749 1753//1753 1780//1780
f 1749//1749 1780//1780 1772//1772
f 1533//1533 1523//1523 1460//1460
f 1533//1533 1460//1460 1476//1476
f 1753//1753 1757//1757 1784//1784
f 1753//1753 1784//1784 1780//1780
f 1547//1547 1533//1533 1476//1476
f 1547//1547 1476//1476 1486//1486
f 1757//1757 1761//1761 1792//1792
f 1757//1757 1792//1792 1784//1784
f 1557//1557 1547//1547 1486//1486
f 1557//1557 1486//1486 1502//1502
f 1761//1761 1765//1765 1796//1796
f 1761//1761 1796//1796 1792//1792
f 1577//1577 1557//1557 1502//1502
f 1577//1577 1502//1502 1518//1518
f 1765//1765 1776//1776 1804//1804
f 1765//1765 1804//1804 1796//1796
f 1597//1597 1577//1577 1518//1518
f 1597//1597 1518//1518 1538//1538
f 1776//1776 1788//1788 1812//1812
f 1776//1776 1812//1812 1804//1804
f 1623//1623 1597//1597 1538//1538
f 1623//1623 1538//1538 1562//1562
f 1788//1788 1800//1800 1824//1824
f 1788//1788 1824//1824 1812//1812
f 1643//1643 1623//1623 1562//1562
f 1643//1643 1562//1562 1582//1582
f 1829//1829 1815//1815 1848//1848
f 1829//1829 1848//1848 1866//1866
f 1724//1724 1728//1728 1676//1676
f 1724//1724 1676//1676 1645//1645
f 1839//1839 1829//1829 1866//1866
f 1839//1839 1866//1866 1880//1880
f 1728//1728 1732//1732 1696//1696
f 1728//1728 1696//1696 1676//1676
f 1845//1845 1839//1839 1880//1880
f 1845//1845 1880//1880 1894//1894
f 1732//1732 1736//1736 1709//1709
f 1732//1732 1709//1709 1696//1696
f 1855//1855 1845//1845 1894//1894
f 1855//1855 1894//1894 1900//1900
f 1736//1736 1740//1740 1717//1717
f 1736//1736 1717//1717 1709//1709
f 1859//1859 1855//1855 1900//1900
f 1859//1859 1900//1900 1908//1908
f 1740//1740 1744//1744 1721//1721
f 1740//1740 1721//1721 1717//1717
f 1863//1863 1859//1859 1908//1908
f 1863//1863 1908//1908 1912//1912
f 1744//1744 1742//1742 1719//1719
f 1744//1744 1719//1719 1721//1721
f 1861//1861 1863//1863 1912//1912
f 1861//1861 1912//1912 1910//1910
f 1742//1742 1738//1738 1711//1711
f 1742//1742 1711//1711 1719//1719
f 1857//1857 1861//1861 1910//1910
f 1857//1857 1910//1910 1902//1902
f 1738//1738 1734//1734 1698//1698
f 1738//1738 1698//1698 1711//1711
f 1847//1847 1857//1857 1902//1902
f 1847//1847 1902//1902 1896//1896
f 1734//1734 1730//1730 1678//1678
f 1734//1734 1678//1678 1698//1698
f 1841//1841 1847//1847 1896//1896
f 1841//1841 1896//1896 1882//1882
f 1730//1730 1726//1726 1647//1647
f 1730//1730 1647//1647 1678//1678
f 1831//1831 1841//1841 1882//1882
f 1831//1831 1882//1882 1868//1868
f 1726//1726 1715//1715 1627//1627
f 1726//1726 1627//1627 1647//1647
f 1817//1817 1831//1831 1868//1868
f 1817//1817 1868//1868 1850//1850
f 1715//1715 1682//1682 1607//1607
f 1715//1715 1607//1607 1627//1627
f 1808//1808 1817//1817 1850//1850
f 1808//1808 1850//1850 1836//1836
f 1682//1682 1643//1643 1582//1582
f 1682//1682 1582//1582 1607//1607
f 1800//1800 1808//1808 1836//1836
f 1800//1800 1836//1836 1824//1824
f 220//220 446//446 436//436
f 220//220 436//436 216//216
f 224//224 450//450 446//446
f 224//224 446//446 220//220
f 222//222 448//448 450//450
f 222//222 450//450 224//224
f 218//218 438//438 448//448
f 218//218 448//448 222//222
f 214//214 424//424 438//438
f 214//214 438//438 218//218
f 210//210 414//414 424//424
f 210//210 424//424 214//214
f 206//206 394//394 414//414
f 206//206 414//414 210//210
f 195//195 374//374 394//394
f 195//195 394//394 206//206
f 183//183 354//354 374//374
f 183//183 374//374 195//195
f 171//171 328//328 354//354
f 171//171 354//354 183//183
f 163//163 289//289 328//328
f 163//163 328//328 171//171
f 216//216 436//436 422//422
f 216//216 422//422 212//212
f 212//212 422//422 412//412
f 212//212 412//412 208//208
f 208//208 412//412 392//392
f 208//208 392//392 204//204
f 204//204 392//392 372//372
f 204//204 372//372 193//193
f 193//193 372//372 346//346
f 193//193 346//346 181//181
f 181//181 346//346 326//326
f 181//181 326//326 169//169
f 169//169 326//326 287//287
f 169//169 287//287 161//161
f 161//161 287//287 254//254
f 161//161 254//254 152//152
f 152//152 254//254 243//243
f 152//152 243//243 138//138
f 138//138 243//243 239//239
f 138//138 239//239 128//128
f 128//128 239//239 235//235
f 128//128 235//235 122//122
f 122//122 235//235 231//231
f 122//122 231//231 112//112
f 112//112 231//231 227//227
f 112//112 227//227 108//108
f 108//108 227//227 225//225
f 108//108 225//225 106//106
f 106//106 225//225 229//229
f 106//106 229//229 110//110
f 110//110 229//229 233//233
f 110//110 233//233 114//114
f 114//114 233//233 237//237
f 114//114 237//237 124//124
f 124//124 237//237 241//241
f 124//124 241//241 130//130
f 154//154 256//256 289//289
f 154//154 289//289 163//163
f 140//140 245//245 256//256
f 140//140 256//256 154//154
f 130//130 241//241 245//245
f 130//130 245//245 140//140
f 153//153 139//139 100//100
f 153//153 100//100 118//118
f 253//253 286//286 361//361
f 253//253 361//361 341//341
f 162//162 153//153 118//118
f 162//162 118//118 132//132
f 286//286 325//325 388//388
f 286//286 388//388 361//361
f 170//170 162//162 132//132
f 170//170 132//132 144//144
f 325//325 345//345 408//408
f 325//325 408//408 388//388
f 182//182 170//170 144//144
f 182//182 144//144 158//158
f 345//345 371//371 432//432
f 345//345 432//432 408//408
f 194//194 182//182 158//158
f 194//194 158//158 166//166
f 371//371 391//391 452//452
f 371//371 452//452 432//432
f 203//203 194//194 166//166
f 203//203 166//166 174//174
f 391//391 411//411 468//468
f 391//391 468//468 452//452
f 207//207 203//203 174//174
f 207//207 174//174 178//178
f 411//411 421//421 484//484
f 411//411 484//484 468//468
f 211//211 207//207 178//178
f 211//211 178//178 186//186
f 421//421 435//435 494//494
f 421//421 494//494 484//484
f 215//215 211//211 186//186
f 215//215 186//186 190//190
f 435//435 445//445 510//510
f 435//435 510//510 494//494
f 219//219 215//215 190//190
f 219//219 190//190 198//198
f 445//445 449//449 514//514
f 445//445 514//514 510//510
f 223//223 219//219 198//198
f 223//223 198//198 202//202
f 449//449 447//447 512//512
f 449//449 512//512 514//514
f 221//221 223//223 202//202
f 221//221 202//202 200//200
f 447//447 437//437 496//496
f 447//447 496//496 512//512
f 217//217 221//221 200//200
f 217//217 200//200 192//192
f 437//437 423//423 486//486
f 437//437 486//486 496//496
f 213//213 217//217 192//192
f 213//213 192//192 188//188
f 423//423 413//413 470//470
f 423//423 470//470 486//486
f 209//209 213//213 188//188
f 209//209 188//188 180//180
f 413//413 393//393 454//454
f 413//413 454//454 470//470
f 205//205 209//209 180//180
f 205//205 180//180 176//176
f 393//393 373//373 434//434
f 393//393 434//434 454//454
f 196//196 205//205 176//176
f 196//196 176//176 168//168
f 373//373 353//353 410//410
f 373//373 410//410 434//434
f 184//184 196//196 168//168
f 184//184 168//168 160//160
f 353//353 327//327 390//390
f 353//353 390//390 410//410
f 172//172 184//184 160//160
f 172//172 160//160 146//146
f 244//244 253//253 341//341
f 244//244 341//341 321//321
f 139//139 129//129 86//86
f 139//139 86//86 100//100
f 240//240 244//244 321//321
f 240//240 321//321 290//290
f 129//129 123//123 72//72
f 129//129 72//72 86//86
f 236//236 240//240 290//290
f 236//236 290//290 270//270
f 123//123 113//113 66//66
f 123//123 66//66 72//72
f 232//232 236//236 270//270
f 232//232 270//270 257//257
f 113//113 109//109 58//58
f 113//113 58//58 66//66
f 228//228 232//232 257//257
f 228//228 257//257 249//249
f 109//109 107//107 56//56
f 109//109 56//56 58//58
f 226//226 228//228 249//249
f 226//226 249//249 247//247
f 107//107 111//111 60//60
f 107//107 60//60 56//56
f 230//230 226//226 247//247
f 230//230 247//247 251//251
f 111//111 115//115 68//68
f 111//111 68//68 60//60
f 234//234 230//230 251//251
f 234//234 251//251 259//259
f 115//115 125//125 74//74
f 115//115 74//74 68//68
f 238//238 234//234 259//259
f 238//238 259//259 272//272
f 125//125 131//131 88//88
f 125//125 88//88 74//74
f 242//242 238//238 272//272
f 242//242 272//272 292//292
f 131//131 141//141 102//102
f 131//131 102//102 88//88
f 246//246 242//242 292//292
f 246//246 292//292 323//323
f 141//141 155//155 120//120
f 141//141 120//120 102//102
f 255//255 246//246 323//323
f 255//255 323//323 343//343
f 155//155 164//164 134//134
f 155//155 134//134 120//120
f 288//288 255//255 343//343
f 288//288 343//343 363//363
f 164//164 172//172 146//146
f 164//164 146//146 134//134
f 327//327 288//288 363//363
f 327//327 363//363 390//390
f 1288//1288 1285//1285 1294//1294
f 1285//1285 1288//1288 1263//1263
f 1285//1285 1263//1263 1260//1260
f 1260//1260 1263//1263 1190//1190
f 1190//1190 1263//1263 1193//1193
f 1190//1190 1193//1193 1150//1150
f 1190//1190 1150//1150 1147//1147
f 1147//1147 1150//1150 1108//1108
f 1147//1147 1108//1108 1105//1105
f 1105//1105 1108//1108 1068//1068
f 1105//1105 1068//1068 1065//1065
f 1065//1065 1068//1068 1028//1028
f 1065//1065 1028//1028 1025//1025
f 1025//1025 1028//1028 983//983
f 983//983 1028//1028 986//986
f 983//983 986//986 937//937
f 937//937 986//986 940//940
f 937//937 940//940 900//900
f 937//937 900//900 897//897
f 897//897 900//900 857//857
f 857//857 900//900 860//860
f 857//857 860//860 818//818
f 857//857 818//818 815//815
f 815//815 818//818 775//775
f 815//815 775//775 772//772
f 772//772 775//775 705//705
f 772//772 705//705 702//702
f 702//702 705//705 677//677
f 677//677 705//705 680//680
f 677//677 680//680 673//673
f 1289//1289 1292//1292 1296//1296
f 1292//1292 1289//1289 1264//1264
f 1292//1292 1264//1264 1267//1267
f 1267//1267 1264//1264 1194//1194
f 1267//1267 1194//1194 1197//1197
f 1197//1197 1194//1194 1154//1154
f 1154//1154 1194//1194 1151//1151
f 1154//1154 1151//1151 1112//1112
f 1112//1112 1151//1151 1109//1109
f 1112//1112 1109//1109 1072//1072
f 1072//1072 1109//1109 1069//1069
f 1072//1072 1069//1069 1032//1032
f 1032//1032 1069//1069 1029//1029
f 1032//1032 1029//1029 995//995
f 1032//1032 995//995 998//998
f 998//998 995//995 941//941
f 998//998 941//941 944//944
f 944//944 941//941 904//904
f 904//904 941//941 901//901
f 904//904 901//901 861//861
f 904//904 861//861 864//864
f 864//864 861//861 822//822
f 822//822 861//861 819//819
f 822//822 819//819 779//779
f 779//779 819//819 776//776
f 779//779 776//776 709//709
f 709//709 776//776 706//706
f 709//709 706//706 681//681
f 709//709 681//681 684//684
f 684//684 681//681 675//675
f 1720//1720 1718//1718 1722//1722
f 1718//1718 1720//1720 1712//1712
f 1718//1718 1712//1712 1710//1710
f 1710//1710 1712//1712 1699//1699
f 1710//1710 1699//1699 1697//1697
f 1697//1697 1699//1699 1679//1679
f 1697//1697 1679//1679 1677//1677
f 1677//1677 1679//1679 1648//1648
f 1677//1677 1648//1648 1646//1646
f 1646//1646 1648//1648 1628//1628
f 1646//1646 1628//1628 1626//1626
f 1626//1626 1628//1628 1608//1608
f 1626//1626 1608//1608 1606//1606
f 1606//1606 1608//1608 1581//1581
f 1606//1606 1581//1581 1579//1579
f 1579//1579 1581//1581 1561//1561
f 1579//1579 1561//1561 1559//1559
f 1559//1559 1561//1561 1537//1537
f 1559//1559 1537//1537 1535//1535
f 1535//1535 1537//1537 1515//1515
f 1515//1515 1537//1537 1517//1517
f 1515//1515 1517//1517 1501//1501
f 1515//1515 1501//1501 1499//1499
f 1499//1499 1501//1501 1485//1485
f 1499//1499 1485//1485 1483//1483
f 1483//1483 1485//1485 1475//1475
f 1483//1483 1475//1475 1473//1473
f 1473//1473 1475//1475 1459//1459
f 1473//1473 1459//1459 1457//1457
f 1457//1457 1459//1459 1455//1455
f 1909//1909 1911//1911 1913//1913
f 1911//1911 1909//1909 1901//1901
f 1911//1911 1901//1901 1903//1903
f 1903//1903 1901//1901 1895//1895
f 1903//1903 1895//1895 1897//1897
f 1897//1897 1895//1895 1883//1883
f 1883//1883 1895//1895 1881//1881
f 1883//1883 1881//1881 1867//1867
f 1883//1883 1867//1867 1869//1869
f 1869//1869 1867//1867 1849//1849
f 1869//1869 1849//1849 1851//1851
f 1851//1851 1849//1849 1835//1835
f 1851//1851 1835//1835 1837//1837
f 1837//1837 1835//1835 1823//1823
f 1837//1837 1823//1823 1825//1825
f 1825//1825 1823//1823 1809//1809
f 1825//1825 1809//1809 1811//1811
f 1811//1811 1809//1809 1801//1801
f 1811//1811 1801//1801 1803//1803
f 1803//1803 1801//1801 1793//1793
f 1803//1803 1793//1793 1795//1795
f 1795//1795 1793//1793 1789//1789
f 1795//1795 1789//1789 1791//1791
f 1791//1791 1789//1789 1781//1781
f 1791//1791 1781//1781 1783//1783
f 1783//1783 1781//1781 1777//1777
f 1783//1783 1777//1777 1779//1779
f 1779//1779 1777//1777 1769//1769
f 1779//1779 1769//1769 1771//1771
f 1771//1771 1769//1769 1767//1767
f 61//61 59//59 57//57
f 59//59 61//61 69//69
f 59//59 69//69 67//67
f 67//67 69//69 75//75
f 67//67 75//75 73//73
f 73//73 75//75 89//89
f 73//73 89//89 87//87
f 87//87 89//89 103//103
f 87//87 103//103 101//101
f 101//101 103//103 121//121
f 101//101 121//121 119//119
f 119//119 121//121 135//135
f 119//119 135//135 133//133
f 133//133 135//135 147//147
f 133//133 147//147 145//145
f 145//145 147//147 159//159
f 145//145 159//159 157//157
f 157//157 159//159 167//167
f 157//157 167//167 165//165
f 165//165 167//167 173//173
f 173//173 167//167 175//175
f 173//173 175//175 179//179
f 173//173 179//179 177//177
f 177//177 179//179 187//187
f 177//177 187//187 185//185
f 185//185 187//187 191//191
f 185//185 191//191 189//189
f 189//189 191//191 199//199
f 189//189 199//199 197//197
f 197//197 199//199 201//201
f 250//250 252//252 248//248
f 252//252 250//250 258//258
f 252//252 258//258 260//260
f 260//260 258//258 271//271
f 260//260 271//271 273//273
f 273//273 271//271 293//293
f 293//293 271//271 291//291
f 293//293 291//291 322//322
f 293//293 322//322 324//324
f 324//324 322//322 342//342
f 324//324 342//342 344//344
f 344//344 342//342 362//362
f 344//344 362//362 364//364
f 364//364 362//362 387//387
f 364//364 387//387 389//389
f 389//389 387//387 407//407
f 389//389 407//407 409//409
f 409//409 407//407 431//431
f 409//409 431//431 433//433
f 433//433 431//431 451//451
f 433//433 451//451 453//453
f 453//453 451//451 467//467
f 453//453 467//467 469//469
f 469//469 467//467 483//483
f 469//469 483//483 485//485
f 485//485 483//483 493//493
f 485//485 493//493 495//495
f 495//495 493//493 509//509
f 495//495 509//509 511//511
f 511//511 509//509 513//513
f 1588//1588 1899//1899 1889//1889
f 1588//1588 1889//1889 1574//1574
f 1530//1530 1853//1853 1843//1843
f 1530//1530 1843//1843 1508//1508
f 1508//1508 1843//1843 1833//1833
f 1508//1508 1833//1833 1492//1492
f 1492//1492 1833//1833 1827//1827
f 1492//1492 1827//1827 1482//1482
f 1482//1482 1827//1827 1821//1821
f 1482//1482 1821//1821 1466//1466
f 1466//1466 1821//1821 1819//1819
f 1466//1466 1819//1819 1454//1454
f 1454//1454 1819//1819 1813//1813
f 1454//1454 1813//1813 1447//1447
f 1447//1447 1813//1813 1818//1818
f 1447//1447 1818//1818 1449//1449
f 1449//1449 1818//1818 1820//1820
f 1449//1449 1820//1820 1461//1461
f 1461//1461 1820//1820 1826//1826
f 1461//1461 1826//1826 1477//1477
f 1477//1477 1826//1826 1832//1832
f 1477//1477 1832//1832 1487//1487
f 1487//1487 1832//1832 1842//1842
f 1487//1487 1842//1842 1503//1503
f 1503//1503 1842//1842 1852//1852
f 1503//1503 1852//1852 1525//1525
f 1525//1525 1852//1852 1864//1864
f 1525//1525 1864//1864 1549//1549
f 1549//1549 1864//1864 1888//1888
f 1549//1549 1888//1888 1569//1569
f 1569//1569 1888//1888 1898//1898
f 1569//1569 1898//1898 1583//1583
f 1583//1583 1898//1898 1914//1914
f 1583//1583 1914//1914 1599//1599
f 1599//1599 1914//1914 1920//1920
f 1599//1599 1920//1920 1617//1617
f 1617//1617 1920//1920 1926//1926
f 1617//1617 1926//1926 1635//1635
f 1635//1635 1926//1926 1932//1932
f 1635//1635 1932//1932 1649//1649
f 1649//1649 1932//1932 1938//1938
f 1649//1649 1938//1938 1661//1661
f 1661//1661 1938//1938 1940//1940
f 1661//1661 1940//1940 1667//1667
f 1667//1667 1940//1940 1942//1942
f 1667//1667 1942//1942 1674//1674
f 1674//1674 1942//1942 1941//1941
f 1674//1674 1941//1941 1672//1672
f 1672//1672 1941//1941 1939//1939
f 1672//1672 1939//1939 1666//1666
f 1666//1666 1939//1939 1933//1933
f 1666//1666 1933//1933 1654//1654
f 1654//1654 1933//1933 1927//1927
f 1654//1654 1927//1927 1640//1640
f 1640//1640 1927//1927 1921//1921
f 1640//1640 1921//1921 1622//1622
f 1622//1622 1921//1921 1915//1915
f 1622//1622 1915//1915 1604//1604
f 1604//1604 1915//1915 1899//1899
f 1604//1604 1899//1899 1588//1588
f 1574//1574 1889//1889 1865//1865
f 1574//1574 1865//1865 1554//1554
f 381//381 70//70 80//80
f 381//381 80//80 395//395
f 1554//1554 1865//1865 1853//1853
f 1554//1554 1853//1853 1530//1530
f 1409//1409 1410//1410 1424//1424
f 1409//1409 1424//1424 1421//1421
f 1446//1446 1451//1451 1430//1430
f 1446//1446 1430//1430 1425//1425
f 1370//1370 1366//1366 1363//1363
f 1370//1370 1363//1363 1369//1369
f 1339//1339 1345//1345 1331//1331
f 1339//1339 1331//1331 1327//1327
f 1450//1450 1463//1463 1436//1436
f 1450//1450 1436//1436 1429//1429
f 1462//1462 1479//1479 1442//1442
f 1462//1462 1442//1442 1435//1435
f 1410//1410 1408//1408 1420//1420
f 1410//1410 1420//1420 1424//1424
f 1478//1478 1489//1489 1469//1469
f 1478//1478 1469//1469 1441//1441
f 1366//1366 1360//1360 1357//1357
f 1366//1366 1357//1357 1363//1363
f 1345//1345 1347//1347 1335//1335
f 1345//1345 1335//1335 1331//1331
f 1488//1488 1505//1505 1495//1495
f 1488//1488 1495//1495 1468//1468
f 1371//1371 1374//1374 1378//1378
f 1371//1371 1378//1378 1372//1372
f 1504//1504 1527//1527 1511//1511
f 1504//1504 1511//1511 1494//1494
f 1408//1408 1402//1402 1416//1416
f 1408//1408 1416//1416 1420//1420
f 1526//1526 1551//1551 1541//1541
f 1526//1526 1541//1541 1510//1510
f 1360//1360 1354//1354 1349//1349
f 1360//1360 1349//1349 1357//1357
f 1550//1550 1571//1571 1565//1565
f 1550//1550 1565//1565 1540//1540
f 1347//1347 1353//1353 1342//1342
f 1347//1347 1342//1342 1335//1335
f 1374//1374 1381//1381 1384//1384
f 1374//1374 1384//1384 1378//1378
f 1570//1570 1584//1584 1590//1590
f 1570//1570 1590//1590 1564//1564
f 1402//1402 1400//1400 1412//1412
f 1402//1402 1412//1412 1416//1416
f 1585//1585 1600//1600 1610//1610
f 1585//1585 1610//1610 1591//1591
f 1354//1354 1352//1352 1341//1341
f 1354//1354 1341//1341 1349//1349
f 1601//1601 1618//1618 1630//1630
f 1601//1601 1630//1630 1611//1611
f 1353//1353 1355//1355 1350//1350
f 1353//1353 1350//1350 1342//1342
f 1381//1381 1387//1387 1398//1398
f 1381//1381 1398//1398 1384//1384
f 1619//1619 1636//1636 1656//1656
f 1619//1619 1656//1656 1631//1631
f 1400//1400 1388//1388 1405//1405
f 1400//1400 1405//1405 1412//1412
f 1637//1637 1650//1650 1685//1685
f 1637//1637 1685//1685 1657//1657
f 1352//1352 1346//1346 1334//1334
f 1352//1352 1334//1334 1341//1341
f 1355//1355 1361//1361 1358//1358
f 1355//1355 1358//1358 1350//1350
f 1651//1651 1662//1662 1691//1691
f 1651//1651 1691//1691 1686//1686
f 1379//1379 1594//1594 1568//1568
f 1379//1379 1568//1568 1373//1373
f 1385//1385 1614//1614 1594//1594
f 1385//1385 1594//1594 1379//1379
f 1399//1399 1634//1634 1614//1614
f 1399//1399 1614//1614 1385//1385
f 1407//1407 1660//1660 1634//1634
f 1407//1407 1634//1634 1399//1399
f 1414//1414 1689//1689 1660//1660
f 1414//1414 1660//1660 1407//1407
f 1418//1418 1695//1695 1689//1689
f 1418//1418 1689//1689 1414//1414
f 1422//1422 1705//1705 1695//1695
f 1422//1422 1695//1695 1418//1418
f 1423//1423 1707//1707 1705//1705
f 1423//1423 1705//1705 1422//1422
f 1419//1419 1700//1700 1707//1707
f 1419//1419 1707//1707 1423//1423
f 1415//1415 1690//1690 1700//1700
f 1415//1415 1700//1700 1419//1419
f 1411//1411 1684//1684 1690//1690
f 1411//1411 1690//1690 1415//1415
f 1404//1404 1655//1655 1684//1684
f 1404//1404 1684//1684 1411//1411
f 1396//1396 1629//1629 1655//1655
f 1396//1396 1655//1655 1404//1404
f 1382//1382 1609//1609 1629//1629
f 1382//1382 1629//1629 1396//1396
f 1376//1376 1589//1589 1609//1609
f 1376//1376 1609//1609 1382//1382
f 1368//1368 1563//1563 1589//1589
f 1368//1368 1589//1589 1376//1376
f 1362//1362 1539//1539 1563//1563
f 1362//1362 1563//1563 1368//1368
f 1356//1356 1509//1509 1539//1539
f 1356//1356 1539//1539 1362//1362
f 1348//1348 1493//1493 1509//1509
f 1348//1348 1509//1509 1356//1356
f 1340//1340 1467//1467 1493//1493
f 1340//1340 1493//1493 1348//1348
f 1333//1333 1440//1440 1467//1467
f 1333//1333 1467//1467 1340//1340
f 1329//1329 1434//1434 1440//1440
f 1329//1329 1440//1440 1333//1333
f 1325//1325 1428//1428 1434//1434
f 1325//1325 1434//1434 1329//1329
f 1323//1323 1426//1426 1428//1428
f 1323//1323 1428//1428 1325//1325
f 1328//1328 1433//1433 1426//1426
f 1328//1328 1426//1426 1323//1323
f 1332//1332 1439//1439 1433//1433
f 1332//1332 1433//1433 1328//1328
f 1336//1336 1445//1445 1439//1439
f 1336//1336 1439//1439 1332//1332
f 1343//1343 1472//1472 1445//1445
f 1343//1343 1445//1445 1336//1336
f 1351//1351 1498//1498 1472//1472
f 1351//1351 1472//1472 1343//1343
f 1359//1359 1514//1514 1498//1498
f 1359//1359 1498//1498 1351//1351
f 1365//1365 1544//1544 1514//1514
f 1365//1365 1514//1514 1359//1359
f 1373//1373 1568//1568 1544//1544
f 1373//1373 1544//1544 1365//1365
f 1452//1452 1448//1448 1427//1427
f 1452//1452 1427//1427 1431//1431
f 1464//1464 1453//1453 1432//1432
f 1464//1464 1432//1432 1437//1437
f 1337//1337 1339//1339 1327//1327
f 1337//1337 1327//1327 1324//1324
f 1375//1375 1370//1370 1369//1369
f 1375//1375 1369//1369 1377//1377
f 1480//1480 1465//1465 1438//1438
f 1480//1480 1438//1438 1443//1443
f 1587//1587 1572//1572 1566//1566
f 1587//1587 1566//1566 1593//1593
f 1403//1403 1409//1409 1421//1421
f 1403//1403 1421//1421 1417//1417
f 1490//1490 1481//1481 1444//1444
f 1490//1490 1444//1444 1470//1470
f 1603//1603 1586//1586 1592//1592
f 1603//1603 1592//1592 1613//1613
f 1506//1506 1491//1491 1471//1471
f 1506//1506 1471//1471 1496//1496
f 1338//1338 1337//1337 1324//1324
f 1338//1338 1324//1324 1326//1326
f 1621//1621 1602//1602 1612//1612
f 1621//1621 1612//1612 1633//1633
f 1380//1380 1375//1375 1377//1377
f 1380//1380 1377//1377 1383//1383
f 1528//1528 1507//1507 1497//1497
f 1528//1528 1497//1497 1512//1512
f 1367//1367 1371//1371 1372//1372
f 1367//1367 1372//1372 1364//1364
f 1639//1639 1620//1620 1632//1632
f 1639//1639 1632//1632 1659//1659
f 1401//1401 1403//1403 1417//1417
f 1401//1401 1417//1417 1413//1413
f 1552//1552 1529//1529 1513//1513
f 1552//1552 1513//1513 1542//1542
f 1653//1653 1638//1638 1658//1658
f 1653//1653 1658//1658 1688//1688
f 1573//1573 1553//1553 1543//1543
f 1573//1573 1543//1543 1567//1567
f 1344//1344 1338//1338 1326//1326
f 1344//1344 1326//1326 1330//1330
f 1665//1665 1652//1652 1687//1687
f 1665//1665 1687//1687 1694//1694
f 1386//1386 1380//1380 1383//1383
f 1386//1386 1383//1383 1397//1397
f 1671//1671 1664//1664 1693//1693
f 1671//1671 1693//1693 1704//1704
f 1389//1389 1401//1401 1413//1413
f 1389//1389 1413//1413 1406//1406
f 1361//1361 1367//1367 1364//1364
f 1361//1361 1364//1364 1358//1358
f 1675//1675 1670//1670 1703//1703
f 1675//1675 1703//1703 1708//1708
f 1346//1346 1344//1344 1330//1330
f 1346//1346 1330//1330 1334//1334
f 1669//1669 1673//1673 1706//1706
f 1669//1669 1706//1706 1702//1702
f 1388//1388 1386//1386 1397//1397
f 1388//1388 1397//1397 1405//1405
f 1663//1663 1668//1668 1701//1701
f 1663//1663 1701//1701 1692//1692
f 1387//1387 1389//1389 1406//1406
f 1387//1387 1406//1406 1398//1398
f 1865//1865 1889//1889 1931//1931
f 1865//1865 1931//1931 1925//1925
f 1853//1853 1865//1865 1925//1925
f 1853//1853 1925//1925 1919//1919
f 1843//1843 1853//1853 1919//1919
f 1843//1843 1919//1919 1907//1907
f 1833//1833 1843//1843 1907//1907
f 1833//1833 1907//1907 1893//1893
f 1827//1827 1833//1833 1893//1893
f 1827//1827 1893//1893 1887//1887
f 1821//1821 1827//1827 1887//1887
f 1821//1821 1887//1887 1879//1879
f 1819//1819 1821//1821 1879//1879
f 1819//1819 1879//1879 1875//1875
f 1813//1813 1819//1819 1875//1875
f 1813//1813 1875//1875 1871//1871
f 1818//1818 1813//1813 1871//1871
f 1818//1818 1871//1871 1872//1872
f 1820//1820 1818//1818 1872//1872
f 1820//1820 1872//1872 1876//1876
f 1826//1826 1820//1820 1876//1876
f 1826//1826 1876//1876 1884//1884
f 1832//1832 1826//1826 1884//1884
f 1832//1832 1884//1884 1890//1890
f 1842//1842 1832//1832 1890//1890
f 1842//1842 1890//1890 1904//1904
f 1852//1852 1842//1842 1904//1904
f 1852//1852 1904//1904 1916//1916
f 1864//1864 1852//1852 1916//1916
f 1864//1864 1916//1916 1922//1922
f 1888//1888 1864//1864 1922//1922
f 1888//1888 1922//1922 1928//1928
f 1898//1898 1888//1888 1928//1928
f 1898//1898 1928//1928 1934//1934
f 1914//1914 1898//1898 1934//1934
f 1914//1914 1934//1934 1943//1943
f 1920//1920 1914//1914 1943//1943
f 1920//1920 1943//1943 1947//1947
f 1926//1926 1920//1920 1947//1947
f 1926//1926 1947//1947 1951//1951
f 1932//1932 1926//1926 1951//1951
f 1932//1932 1951//1951 1955//1955
f 1938//1938 1932//1932 1955//1955
f 1938//1938 1955//1955 1959//1959
f 1940//1940 1938//1938 1959//1959
f 1940//1940 1959//1959 1963//1963
f 1942//1942 1940//1940 1963//1963
f 1942//1942 1963//1963 1968//1968
f 1941//1941 1942//1942 1968//1968
f 1941//1941 1968//1968 1966//1966
f 1939//1939 1941//1941 1966//1966
f 1939//1939 1966//1966 1962//1962
f 1933//1933 1939//1939 1962//1962
f 1933//1933 1962//1962 1958//1958
f 1927//1927 1933//1933 1958//1958
f 1927//1927 1958//1958 1954//1954
f 1921//1921 1927//1927 1954//1954
f 1921//1921 1954//1954 1950//1950
f 1915//1915 1921//1921 1950//1950
f 1915//1915 1950//1950 1946//1946
f 1899//1899 1915//1915 1946//1946
f 1899//1899 1946//1946 1937//1937
f 1889//1889 1899//1899 1937//1937
f 1889//1889 1937//1937 1931//1931
f 439//439 116//116 126//126
f 439//439 126//126 461//461
f 461//461 126//126 136//136
f 461//461 136//136 477//477
f 477//477 136//136 142//142
f 477//477 142//142 487//487
f 487//487 142//142 148//148
f 487//487 148//148 503//503
f 503//503 148//148 150//150
f 503//503 150//150 515//515
f 515//515 150//150 156//156
f 515//515 156//156 522//522
f 522//522 156//156 151//151
f 522//522 151//151 520//520
f 520//520 151//151 149//149
f 520//520 149//149 508//508
f 508//508 149//149 143//143
f 508//508 143//143 492//492
f 492//492 143//143 137//137
f 492//492 137//137 482//482
f 482//482 137//137 127//127
f 482//482 127//127 466//466
f 466//466 127//127 117//117
f 466//466 117//117 444//444
f 444//444 117//117 105//105
f 444//444 105//105 417//417
f 417//417 105//105 81//81
f 417//417 81//81 400//400
f 400//400 81//81 71//71
f 400//400 71//71 386//386
f 386//386 71//71 55//55
f 386//386 55//55 370//370
f 370//370 55//55 49//49
f 370//370 49//49 352//352
f 352//352 49//49 43//43
f 352//352 43//43 334//334
f 334//334 43//43 37//37
f 334//334 37//37 320//320
f 320//320 37//37 31//31
f 320//320 31//31 308//308
f 308//308 31//31 29//29
f 308//308 29//29 302//302
f 302//302 29//29 27//27
f 302//302 27//27 295//295
f 295//295 27//27 28//28
f 295//295 28//28 297//297
f 297//297 28//28 30//30
f 297//297 30//30 303//303
f 303//303 30//30 36//36
f 303//303 36//36 315//315
f 315//315 36//36 42//42
f 315//315 42//42 329//329
f 329//329 42//42 48//48
f 329//329 48//48 347//347
f 347//347 48//48 54//54
f 347//347 54//54 365//365
f 365//365 54//54 70//70
f 365//365 70//70 381//381
f 395//395 80//80 104//104
f 395//395 104//104 418//418
f 418//418 104//104 116//116
f 418//418 116//116 439//439
f 560//560 559//559 545//545
f 560//560 545//545 548//548
f 523//523 518//518 539//539
f 523//523 539//539 544//544
f 599//599 603//603 606//606
f 599//599 606//606 600//600
f 630//630 624//624 638//638
f 630//630 638//638 642//642
f 519//519 506//506 533//533
f 519//519 533//533 540//540
f 507//507 490//490 527//527
f 507//507 527//527 534//534
f 559//559 561//561 549//549
f 559//559 549//549 545//545
f 491//491 480//480 500//500
f 491//491 500//500 528//528
f 603//603 609//609 612//612
f 603//603 612//612 606//606
f 624//624 622//622 634//634
f 624//624 634//634 638//638
f 481//481 464//464 474//474
f 481//481 474//474 501//501
f 598//598 594//594 591//591
f 598//598 591//591 597//597
f 465//465 442//442 458//458
f 465//465 458//458 475//475
f 561//561 567//567 553//553
f 561//561 553//553 549//549
f 443//443 415//415 428//428
f 443//443 428//428 459//459
f 609//609 615//615 620//620
f 609//609 620//620 612//612
f 416//416 398//398 404//404
f 416//416 404//404 429//429
f 622//622 616//616 627//627
f 622//622 627//627 634//634
f 594//594 588//588 585//585
f 594//594 585//585 591//591
f 399//399 385//385 379//379
f 399//399 379//379 405//405
f 567//567 569//569 557//557
f 567//567 557//557 553//553
f 384//384 369//369 359//359
f 384//384 359//359 378//378
f 615//615 617//617 628//628
f 615//615 628//628 620//620
f 368//368 351//351 339//339
f 368//368 339//339 358//358
f 616//616 614//614 619//619
f 616//616 619//619 627//627
f 588//588 582//582 571//571
f 588//588 571//571 585//585
f 350//350 333//333 313//313
f 350//350 313//313 338//338
f 569//569 581//581 564//564
f 569//569 564//564 557//557
f 332//332 319//319 284//284
f 332//332 284//284 312//312
f 617//617 623//623 635//635
f 617//617 635//635 628//628
f 614//614 608//608 611//611
f 614//614 611//611 619//619
f 318//318 307//307 278//278
f 318//318 278//278 283//283
f 590//590 375//375 401//401
f 590//590 401//401 596//596
f 584//584 355//355 375//375
f 584//584 375//375 590//590
f 570//570 335//335 355//355
f 570//570 355//355 584//584
f 562//562 309//309 335//335
f 562//562 335//335 570//570
f 555//555 280//280 309//309
f 555//555 309//309 562//562
f 551//551 274//274 280//280
f 551//551 280//280 555//555
f 547//547 264//264 274//274
f 547//547 274//274 551//551
f 546//546 262//262 264//264
f 546//546 264//264 547//547
f 550//550 269//269 262//262
f 550//550 262//262 546//546
f 554//554 279//279 269//269
f 554//554 269//269 550//550
f 558//558 285//285 279//279
f 558//558 279//279 554//554
f 565//565 314//314 285//285
f 565//565 285//285 558//558
f 573//573 340//340 314//314
f 573//573 314//314 565//565
f 587//587 360//360 340//340
f 587//587 340//340 573//573
f 593//593 380//380 360//360
f 593//593 360//360 587//587
f 601//601 406//406 380//380
f 601//601 380//380 593//593
f 607//607 430//430 406//406
f 607//607 406//406 601//601
f 613//613 460//460 430//430
f 613//613 430//430 607//607
f 621//621 476//476 460//460
f 621//621 460//460 613//613
f 629//629 502//502 476//476
f 629//629 476//476 621//621
f 636//636 529//529 502//502
f 636//636 502//502 629//629
f 640//640 535//535 529//529
f 640//640 529//529 636//636
f 644//644 541//541 535//535
f 644//644 535//535 640//640
f 646//646 543//543 541//541
f 646//646 541//541 644//644
f 641//641 536//536 543//543
f 641//641 543//543 646//646
f 637//637 530//530 536//536
f 637//637 536//536 641//641
f 633//633 524//524 530//530
f 633//633 530//530 637//637
f 626//626 497//497 524//524
f 626//626 524//524 633//633
f 618//618 471//471 497//497
f 618//618 497//497 626//626
f 610//610 455//455 471//471
f 610//610 471//471 618//618
f 604//604 425//425 455//455
f 604//604 455//455 610//610
f 596//596 401//401 425//425
f 596//596 425//425 604//604
f 517//517 521//521 542//542
f 517//517 542//542 538//538
f 505//505 516//516 537//537
f 505//505 537//537 532//532
f 632//632 630//630 642//642
f 632//632 642//642 645//645
f 595//595 599//599 600//600
f 595//595 600//600 592//592
f 489//489 504//504 531//531
f 489//489 531//531 526//526
f 382//382 397//397 403//403
f 382//382 403//403 376//376
f 566//566 560//560 548//548
f 566//566 548//548 552//552
f 479//479 488//488 525//525
f 479//479 525//525 499//499
f 366//366 383//383 377//377
f 366//366 377//377 356//356
f 463//463 478//478 498//498
f 463//463 498//498 473//473
f 631//631 632//632 645//645
f 631//631 645//645 643//643
f 348//348 367//367 357//357
f 348//348 357//357 336//336
f 589//589 595//595 592//592
f 589//589 592//592 586//586
f 441//441 462//462 472//472
f 441//441 472//472 457//457
f 602//602 598//598 597//597
f 602//602 597//597 605//605
f 330//330 349//349 337//337
f 330//330 337//337 310//310
f 568//568 566//566 552//552
f 568//568 552//552 556//556
f 420//420 440//440 456//456
f 420//420 456//456 427//427
f 316//316 331//331 311//311
f 316//316 311//311 281//281
f 396//396 419//419 426//426
f 396//396 426//426 402//402
f 625//625 631//631 643//643
f 625//625 643//643 639//639
f 304//304 317//317 282//282
f 304//304 282//282 275//275
f 583//583 589//589 586//586
f 583//583 586//586 572//572
f 298//298 305//305 276//276
f 298//298 276//276 265//265
f 580//580 568//568 556//556
f 580//580 556//556 563//563
f 608//608 602//602 605//605
f 608//608 605//605 611//611
f 294//294 299//299 266//266
f 294//294 266//266 261//261
f 623//623 625//625 639//639
f 623//623 639//639 635//635
f 300//300 296//296 263//263
f 300//300 263//263 267//267
f 581//581 583//583 572//572
f 581//581 572//572 564//564
f 306//306 301//301 268//268
f 306//306 268//268 277//277
f 582//582 580//580 563//563
f 582//582 563//563 571//571
f 104//104 80//80 38//38
f 104//104 38//38 44//44
f 116//116 104//104 44//44
f 116//116 44//44 50//50
f 126//126 116//116 50//50
f 126//126 50//50 62//62
f 136//136 126//126 62//62
f 136//136 62//62 76//76
f 142//142 136//136 76//76
f 142//142 76//76 82//82
f 148//148 142//142 82//82
f 148//148 82//82 90//90
f 150//150 148//148 90//90
f 150//150 90//90 94//94
f 156//156 150//150 94//94
f 156//156 94//94 98//98
f 151//151 156//156 98//98
f 151//151 98//98 97//97
f 149//149 151//151 97//97
f 149//149 97//97 93//93
f 143//143 149//149 93//93
f 143//143 93//93 85//85
f 137//137 143//143 85//85
f 137//137 85//85 79//79
f 127//127 137//137 79//79
f 127//127 79//79 65//65
f 117//117 127//127 65//65
f 117//117 65//65 53//53
f 105//105 117//117 53//53
f 105//105 53//53 47//47
f 81//81 105//105 47//47
f 81//81 47//47 41//41
f 71//71 81//81 41//41
f 71//71 41//41 35//35
f 55//55 71//71 35//35
f 55//55 35//35 26//26
f 49//49 55//55 26//26
f 49//49 26//26 22//22
f 43//43 49//49 22//22
f 43//43 22//22 18//18
f 37//37 43//43 18//18
f 37//37 18//18 14//14
f 31//31 37//37 14//14
f 31//31 14//14 10//10
f 29//29 31//31 10//10
f 29//29 10//10 6//6
f 27//27 29//29 6//6
f 27//27 6//6 1//1
f 28//28 27//27 1//1
f 28//28 1//1 3//3
f 30//30 28//28 3//3
f 30//30 3//3 7//7
f 36//36 30//30 7//7
f 36//36 7//7 11//11
f 42//42 36//36 11//11
f 42//42 11//11 15//15
f 48//48 42//42 15//15
f 48//48 15//15 19//19
f 54//54 48//48 19//19
f 54//54 19//19 23//23
f 70//70 54//54 23//23
f 70//70 23//23 32//32
f 80//80 70//70 32//32
f 80//80 32//32 38//38
f 1375//1375 1366//1366 1370//1370
f 1366//1366 1375//1375 1380//1380
f 1366//1366 1380//1380 1360//1360
f 1360//1360 1380//1380 1386//1386
f 1360//1360 1386//1386 1354//1354
f 1354//1354 1386//1386 1388//1388
f 1354//1354 1388//1388 1352//1352
f 1352//1352 1388//1388 1400//1400
f 1352//1352 1400//1400 1346//1346
f 1346//1346 1400//1400 1402//1402
f 1346//1346 1402//1402 1344//1344
f 1344//1344 1402//1402 1408//1408
f 1344//1344 1408//1408 1338//1338
f 1338//1338 1408//1408 1410//1410
f 1338//1338 1410//1410 1337//1337
f 1337//1337 1410//1410 1409//1409
f 1337//1337 1409//1409 1339//1339
f 1339//1339 1409//1409 1403//1403
f 1339//1339 1403//1403 1345//1345
f 1345//1345 1403//1403 1401//1401
f 1345//1345 1401//1401 1347//1347
f 1347//1347 1401//1401 1389//1389
f 1347//1347 1389//1389 1353//1353
f 1353//1353 1389//1389 1387//1387
f 1353//1353 1387//1387 1355//1355
f 1355//1355 1387//1387 1381//1381
f 1355//1355 1381//1381 1361//1361
f 1361//1361 1381//1381 1374//1374
f 1361//1361 1374//1374 1367//1367
f 1367//1367 1374//1374 1371//1371
f 1923//1923 1935//1935 1929//1929
f 1935//1935 1923//1923 1917//1917
f 1935//1935 1917//1917 1944//1944
f 1944//1944 1917//1917 1948//1948
f 1948//1948 1917//1917 1905//1905
f 1948//1948 1905//1905 1891//1891
f 1948//1948 1891//1891 1952//1952
f 1952//1952 1891//1891 1885//1885
f 1952//1952 1885//1885 1956//1956
f 1956//1956 1885//1885 1877//1877
f 1956//1956 1877//1877 1960//1960
f 1960//1960 1877//1877 1873//1873
f 1960//1960 1873//1873 1964//1964
f 1964//1964 1873//1873 1870//1870
f 1964//1964 1870//1870 1967//1967
f 1967//1967 1870//1870 1874//1874
f 1967//1967 1874//1874 1965//1965
f 1965//1965 1874//1874 1878//1878
f 1965//1965 1878//1878 1961//1961
f 1961//1961 1878//1878 1886//1886
f 1961//1961 1886//1886 1957//1957
f 1957//1957 1886//1886 1892//1892
f 1957//1957 1892//1892 1953//1953
f 1953//1953 1892//1892 1906//1906
f 1953//1953 1906//1906 1949//1949
f 1949//1949 1906//1906 1918//1918
f 1949//1949 1918//1918 1945//1945
f 1945//1945 1918//1918 1924//1924
f 1945//1945 1924//1924 1936//1936
f 1936//1936 1924//1924 1930//1930
f 602//602 594//594 598//598
f 594//594 602//602 608//608
f 594//594 608//608 588//588
f 588//588 608//608 614//614
f 588//588 614//614 582//582
f 582//582 614//614 616//616
f 582//582 616//616 580//580
f 580//580 616//616 622//622
f 580//580 622//622 568//568
f 568//568 622//622 624//624
f 568//568 624//624 566//566
f 566//566 624//624 630//630
f 566//566 630//630 560//560
f 560//560 630//630 632//632
f 560//560 632//632 559//559
f 559//559 632//632 631//631
f 559//559 631//631 561//561
f 561//561 631//631 625//625
f 561//561 625//625 567//567
f 567//567 625//625 623//623
f 567//567 623//623 569//569
f 569//569 623//623 617//617
f 569//569 617//617 581//581
f 581//581 617//617 615//615
f 581//581 615//615 583//583
f 583//583 615//615 609//609
f 583//583 609//609 589//589
f 589//589 609//609 603//603
f 589//589 603//603 595//595
f 595//595 603//603 599//599
f 33//33 45//45 39//39
f 45//45 33//33 24//24
f 45//45 24//24 51//51
f 51//51 24//24 20//20
f 51//51 20//20 63//63
f 63//63 20//20 16//16
f 63//63 16//16 77//77
f 77//77 16//16 12//12
f 77//77 12//12 83//83
f 83//83 12//12 8//8
f 83//83 8//8 91//91
f 91//91 8//8 4//4
f 91//91 4//4 95//95
f 95//95 4//4 2//2
f 95//95 2//2 99//99
f 99//99 2//2 5//5
f 99//99 5//5 96//96
f 96//96 5//5 9//9
f 96//96 9//9 92//92
f 92//92 9//9 13//13
f 92//92 13//13 84//84
f 84//84 13//13 17//17
f 84//84 17//17 78//78
f 78//78 17//17 21//21
f 78//78 21//21 64//64
f 64//64 21//21 25//25
f 64//64 25//25 52//52
f 52//52 25//25 34//34
f 52//52 34//34 46//46
f 46//46 34//34 40//40
